w,taru mäkelä
w,richard quine
w,luc feit
w-h-- wheelchair p-l-- planet,christine gernon
w andrychowie,ryszard wróblewski
w bialy dzien,edward zebrowski
w biegu,grzegorz lewandowski
w blasku fleszy,wojciech adamczyk
w buzi dolki w oczach fiolki,marcin slawinski
w chlopskie rece,leonard buczkowski
w chmurze,wojciech adamczyk
w cieniu,magda budzyn
w cieniu,grzegorz pacek
w cieniu,piotr weresniak
w cieniu don giovanniego,rafael lewandowski
w cieniu nienawisci,wojciech zóltowski
w cieniu slawy,jerzy sztwiertnia
w comme watteau,christian-jaque
w cyrku,ludmila niekrasowa
w cyrku,ludwik perski
w desperacji,ryszard zatorski
w di bonatti,rossana podestà
w dobrych rekach,grzegorz lewandowski
w domu,andrzej baranski
w drodze,krystyna nawrocka
w drodze,pawel wysoczanski
w drodze do domu,lucjan dembinski
w grudniu po poludniu,filip bojarski
w hipnozie,krzysztof lang
w hotelu syrena,zbigniew bzymek
w imie zasad,wojciech adamczyk
w imieniu diabla,barbara sass
w imieniu rzeczypospolitej,janusz morgenstern
w is war,willy milan
w jednym - o przyjazni milosci i smierci,antoni krauze
w kleszczach terroryzmu,wojciech adamczyk
w kopalni wegla,eugeniusz cekalski
w krainie bo-bo,waclaw wajser
w kregu ciszy,jerzy ziarnik
w kregu podejrzen,maciej dutkiewicz
w la foca,nando cicero
w matni,tomasz szafranski
w matni,grzegorz lewandowski
w matni,filip zylber
w matni,lech lorentowicz
w mroku,piotr sobocinski jr.
w mroku lasu,lukasz stasiorowski
w niedziele,antoni krauze
w nieparyzu i gdzie indziej,zbigniew zapasiewicz
w no higeki,shin'ichi kamoshita
w obliczu prawdy,ryszard zatorski
w obronie teatru,xawery zulawski
w obronie teatru,michal rogalski
w obronie wlasnej,janusz morgenstern
w obronie wlasnej,zbigniew kaminski
w okopach,maciej migas
w ostatniej chwili,pawel karpinski
w ostatniej chwili,slawomir fabicki
w otwarte karty,grzegorz lewandowski
w petli,piotr weresniak
w pogoni za wlasnym zyciem,maciej migas
w polowie drogi,zbigniew kuzminski
w poszukiwaniu utraconych lat,jan sosinski
w poszukiwaniu zgubionego buta,izabella cywinska
w potrzasku,piotr weresniak
w potrzasku,piotr weresniak
w potrzasku,robert wichrowski
w pracowni scenografa,henryk kluba
w pulapce,marcin sosnowski
w pulapce,piotr weresniak
w pulapce uczuc,ryszard zatorski
w pustyni i w puszczy,wladyslaw slesicki
w puszczy,krzysztof szmagier
w rodzinnym gronie,zbigniew kuzminski
w rozsypce,kordian piwowarski
w rycerski stan,krzysztof wojciechowski
w samo popoludnie,wojciech adamczyk
w sieci,mariusz palej
w srodku europy,piotr lazarkiewicz
w srodku lata,feliks falk
w stepie szerokim,abelard giza
w strone belwederu,filip bajon
w stulecie wielkiej uczonej,stanislaw grabowski
w szponach carskich siepaczy,aleksander hertz
w szponach sexu,julian józef antonisz
w szponach zdrowia,wojciech adamczyk
w te dni przedwiosenne,andrzej konic
w the movie,kyle kallgren
w trosce o przyszlosc,maciej dejczer
w trosce o przyszlosc,monika figura
w tym domu nie straszy,witold adamek
w tym domu straszy,witold adamek
w tym miejscu...,tomasz zygadlo
w walce o zdrowie,leon jeannot
w zatoce bialych niedzwiedzi,jaroslaw brzozowski
w zawieszeniu,waldemar krzystek
w zgodzie ze soba,filip zylber
w.,oliver stone
w. b. thomas,therese denny
w. b. yeats: a tribute,georg fleischmann
w. eugene smith: photography made difficult,gene lasko
w. kamau bell: semi-promenint negro,morgan spurlock
w. m. und das theater,wolfgang glück
w. m. und der engel,wolfgang glück
w. m. und der fremde gast,wolfgang glück
w. m. und die 23 fenster,wolfgang glück
w. m. und die brennessel,wolfgang glück
w. m. und die diplomatie,wolfgang glück
w. m. und die kleinen gauner,wolfgang glück
w. m. und die masern,wolfgang glück
w. m. und die presse,wolfgang glück
w. m. und die sehnsucht,wolfgang glück
w. m. und die wiener luft,wolfgang glück
w. shakespeare: othello,józsef ruszt
w. somerset maugham,clark jones
w.a.k.a,françoise ellong
w.a.s.p. (white angelo-saxon prostitute),jim enright
w.b. blue and the bean,max kleven
w.b. salt springs,jesse yarborough
w.c.,enio mejía
w.c.,philippe blasband
w.c.,antónio ferreira
w.c.,liam o mochain
w.c. fields,norman campbell
w.c. fields and me,arthur hiller
w.e.,madonna
w.e.,oliver crocker
w.e. uk premiere red carpet featurette,oliver crocker
w.e.i.r.d. world,william malone
w.f.l.t.,steven stiller
w.g.o.d.,mike hodges
w.h. auden,john mapplebeck
w.i.,peter stanley-ward
w.i.a. wounded in action,irving sunasky
w.i.s.h. police,víctor maldonado
w.m.d.,lesley-anne morrison
w.m.d.,richard halpern
w.o.i.l.,ray patterson
w.r.: mysteries of the organism,kyle kallgren
w.r.a.a.c.s.,milo lewis
w.r.n.s.,ivan moffat
w.t. stead,michael scott
w.t.f.,trey parker
w.t.f. (w. thanks and farewell): a look back at the bush years,eric ledgin
w.v.s.,michael ingrams
w.w. and the dixie dancekings,john g. avildsen
w.weary and t.tired,alf collins
w4m,jake ross
wa bel-waledayne ihsana,hasan el-emam
wa da al-omr ya waladi,atef salem
wa gui huan shen,wui ng
wa islamah,enrico bomba
wa islamah,andrew marton
wa kan el hob,helmy rafla
wa la yazal al tahqiq mostameran,ashraf fahmy
wa madha qetar al omr,atef salem
wa sakatat fe bahr el-asal,salah abouseif
wa wa fu ren,kim soo-yong
wa(h)re freunde,norbert schultze jr.
wa(h)re liebe im fronteinsatz,alexander kluge
waada,w.z. ahmed
waahnsinn - der wackersdorf-film,michael herl
waan,rogier gerritsen
waanzinnig truken,bram van erkel
waar de hemel zong,eric weymeersch
waar de pelikaan landt,alexander decommere
waar de vogeltjes hoesten,frans buyens
waar heb dat nou voor nodig,gied jaspars
waar heb dat nou voor nodig,ellen jens
waar heb dat nou voor nodig,wim t. schippers
waar het groeide,wim telders
waar het kruis staat,lode verstraete
waar rook is...,jeroen van koningsbrugge
waar voor je geld,will koopman
waar zij waren,bobbie koek
waar zingen gevaarlijk was (de geheimzinnige opdracht),aad van toor
waardenberg en de jong: bandkaai,willem van de sande bakhuyzen
waardenberg en de jong: verzameld werk 1988-2003,willem van de sande bakhuyzen
waardige vertegenwoordiging,hans fischerkoesen
waarheen leidt de weg,david lammers
waarheen waarvoor,ellen jens
waarheen waarvoor,wim t. schippers
waarish,kaushik ganguly
waarom heeft niemand mij dat ooit verteld,joram lürsen
waarzegster,ronnie commissaris
waati,souleymane cissé
waban-aki: people from where the sun rises,alanis obomsawin
wabash avenue,henry koster
wabash cannon ball,dave gould
wabbit hunter,joseph basile
wabbit twouble,robert clampett
wabi-sabi,stef de hoog
wabi sabi,anshul tiwari
wabisabi goza,tsutomu shibayama
wabishabi,noboru iguchi
wabuu (dingo pictures),phelan porteous
wabuu the cheeky raccoon,roswitha haas
wac pack,michael trim
wach,kim frank
wachau - land am strome,georg riha
wachet und singet,theodor grädler
wacholder von leander augustin,simon g. mueller
wachsames auge,hartwig van der neut
wachschutz,michael schneider
wachsende kluft,andreas morell
wachsende probleme,andreas morell
wachsexperimente,oskar fischinger
wachstumsschmerzen,jürgen kaizik
wacht am rhein,sebastian ko
wacht tot hij opbelt,dré poppe
wachten op godot,walter tillemans
wachten op harold,mathijs geijskes
wachtkamer,simone van dusseldorp
wachtmeister abdul,franz xaver bogner
wachtmeister rahn,ulli lommel
wack pack gang bang,mike south
wack that tally,nash bozard
wack: the misadventures of an awkward teenage boy,brandon espy
wackatdooo,benjamin arcand
wackelkontakt,paul may
wackelkontakt,stefan lukschy
wacken,norbert heitker
wacker geschlagen,norbert schultze jr.
wackersdorf - be alert courageous and solidaric,oliver haffner
wackiki wabbit,chuck jones
wacko,anita assal
wacko,manuel flèche
wacko,greydon clark
wacko,brad jones
wacko wainwright gets pranged,alvin rakoff
wacky-bye baby,dick lundy
wacky blackout,robert clampett
wacky blasters,james rolfe
wacky class in army,ferdi egilmez
wacky class welcome,kartal tibet
wacky delly,joe murray
wacky delly,jeff 'swampy' marsh
wacky delly,stephen hillenburg
wacky machine,fred ladd
wacky quacker cooks his own goose,hiroki shibata
wacky quacky,alex lovy
wacky races,karey kirkpatrick
wacky rail rider,sam macaroni
wacky robot,steve stark
wacky spoof commercials,sterling bishop
wacky taxi,alexander grasshoff
wacky wigwams,alec geiss
wacky wildlife,tex avery
wacky world of ed powers,ed powers
waco,lewis d. collins
waco,r.g. springsteen
waco,jaume collet-serra
waco,robert totten
waco: a new revelation,jason van vleet
wacs,anthony spinelli
wacus,michal waszynski
wada akiko monogatari,keiji nagao
wada bari tarzan,sunil soma peiris
wada bari tarzan mathisabayata,sunil soma peiris
wadaa helmak,amr waked
wadan de jiu ping,wen-tang cheng
waddon dorset,graham dixon
wade,haynze whitmore
wade brent pays,francis j. grandon
wade gets pregnant,alex dafoe
wade in the water children,gabriel nussbaum
wade is a liar,mark fischbach
wade robson,ryan landels
wadi,amos gitai
wadi 1981-1991,amos gitai
wadi grand canyon 2001,amos gitai
wadi rushima,amos gitai
wadimbisa,andré cornil
wadjda,haifaa al-mansour
wadley,matias meyer
wadworth and rutland water,andrew white
wafaa,jagatrai pesumal advani
wafaa,ezz el dine zulficar
wafadaar,dasari narayana rao
wafadary,haribhai raghunathji desai
wafelenbak,hugo van den berghe
waffelmeister,markus f. adrian
waffen-marketing,eric hordes
waffen einer frau,andreas morell
waffennarren,kai borsche
waffenruhe,wolfgang münstermann
waffenschwestern,florian schwarz
waffle and daub,don coutts
waffle hut,william butler
waffle painter,brandon vivian
waffles,foster wilson
waffles,john enter
waffles,nick lentz
wafuku jukujo: misoji no sakari,masanori kudô
wafuku onanii: nureta koshimaki,sakae nitta
wafuku shimai: aieki kakimawasu,sachi hamano
wag bruhelga,ricky davao
wag kang papatay,laurice guillen
wag po galit lolay,ricky davao
wag the dog,barry levinson
wag the mouse,bob davies
waga ai,heinosuke gosho
waga ai no ki,shirô toyoda
waga ai o hoshi ni inorite,kôji shima
waga akogare no megu,yûgo serikawa
waga chichi kiyomori,rintarô mayuzumi
waga ciezka,maciej dejczer
waga inochi no uta enka,toshio masuda
waga itoshi no mary,yûgo serikawa
waga ko waga haha,hiroshi innami
waga koi no lila no kokage ni,umetsugu inoue
waga koi waga uta,noboru nakamura
waga kokoro no baiorin,akira shigino
waga kokoro no ginga tetsudo: miyazawa kenji monogatari,kazuki ômori
waga kokoro no osukaru,satoshi dezaki
waga kokoro no osukaru,tadao nagahama
waga koromode ni yuki wa furi tsutsu,morio asaka
waga na wa foron,ryôsuke takahashi
waga na wa foron,takashi imanishi
waga seishun no eleven,yasuo furuhata
waga shi kurosu gensui,todd haberkorn
waga shi kurosu gensui,christopher sabat
waga tomo baio robo,minoru yamada
waga tomo konpoko,keiichi hara
waga toso,noboru nakamura
wagaani yoritomo,rintarô mayuzumi
wagah,kumaravelan
wagahai wa neko de aru,rintarô
wagamama tokei,tsutomu shibayama
wagandea,yô yoshinari
wagang zhai,chung-ho hung
wagary,romuald klys
wagary z kosmita,krzysztof gradowski
wagaya ha tanoshi,nobuo aoyagi
wagaya no tomoshibi,satoshi dezaki
wagaya no tomoshibi,yûgo serikawa
wage against the machine,james burrows
wage determination,joy harington
wage gap date,sam ritzenberg
wage of desire,arsevir alyanak
wage of desire,orhan elmas
wage snatch,chris mcmaster
wager,edwin sherin
wager,tetsurô araki
wager for glory,osamu dezaki
wager money go,frank bonner
wages,shaun malley
wages for wives,frank borzage
wages no object,sidney drew
wages of conscience,john ince
wages of fear,hamid tamjidi
wages of fear,norman felton
wages of love,steve gehrke
wages of sin,jorge montesi
wages of sin,sidney j. furie
wages of sin,aleksander ford
wages of sin,mario azzopardi
wages of sin,oscar micheaux
wages of sin,george miller
wages of virtue,anthony parker
wages of virtue,allan dwan
wages of war,van dyke brooke
wagga-wagga,don lusk
wagga-wagga,carl urbano
wagga-wagga,arthur davis
wagga-wagga,rudy zamora
wagger,john llewellyn moxey
waggon 27-14-44 g,hans-joachim hildebrandt
waggoners roll,alan j.w. bell
waghalsige aktion,andreas stenschke
waging the war of the worlds: from h. g. wells to steven spielberg,iain johnstone
waging war,cosme castro
wagner,andrey slabakov
wagner moura,gustavo rosa de moura
wagnis im dschungel - mary kingsley unter kannibalen,freddie röckenhaus
wagnisse,sarah gorf-roloff
wagnisse,knut friederichs
wagon,cory bowles
wagon-tongue north,lee sholem
wagon girls,andrew v. mclaglen
wagon heels,robert clampett
wagon master,john ford
wagon race,lewis allen
wagon rod,jeff thrasher
wagon show,robert b. sinclair
wagon supply train en route,william 'daddy' paley
wagon team,george archainbaud
wagon to fort anderson,ted post
wagon tracks,lambert hillyer
wagon tracks west,howard bretherton
wagon trail,harry l. fraser
wagon train,lew landers
wagon train,edward killy
wagon train west,joseph l. scanlan
wagon train: part 1,christopher cain
wagon train: part 2,christopher cain
wagon wheel trail,william beaudine
wagon wheels,charles barton
wagon wheels,charles barton
wagon wheels west,b. reeves eason
wagon wheels westward,r.g. springsteen
wagonette,george ovashvili
wagonload of dreams,virgil w. vogel
wagons west,ford beebe
wagons westward,lew landers
wags,joachim dollhopf
wags,evi goldbrunner
wags has lost his wiggle,anthony field
wags to riches,tex avery
wagtail,paul greenberg
wah-wah,richard e. grant
wah rahe zamane,rafiq ghaznavi
wahadelko,wojciech nowak
wahadelko,filip bajon
wahala,francis polo
wahan,k. narayan kale
wahan ke log,nisar ahmad ansari
wahdah be-wahdah,nader galal
wahed fi al million,ashraf fahmy
wahi,almotaz aljefri
wahiba queen of the gypsies,niazi mostafa
wahida,ibrahim lama
wahl auf italienisch,monika hielscher
wahl der waffen,jürgen brauer
wahldebatte beim herbert,dominik kuhn
wahlfieber,adalbert plica
wahlkampf,guido pieters
wahlkampf,wolfgang luderer
wahlkampf,peter podehl
wahlkampf,harald sicheritz
wahlkampf-folgen,michaela zschiechow
wahlkampf 1932 (letzte wahl),ella bergmann-michel
wahlkampf in ganting,jörg schneider
wahlnachberichterstattung,dominik kuhn
wahlparty 65,klaus überall
wahltag,markus sehr
wahlversprechen,helmut förnbacher
wahlversprecher,thomas pauli
wahlverwandschaften,walter bannert
wahlverwandtschaften,steffen mahnert
wahlverwandtschaften,christian singh
wahlverwandtschaften,matthias kiefersauer
wahlverwandtschaften,nils loof
wahlverwandtschaften,lars jessen
wahlverwandtschaften,lenard fritz krawinkel
wahn,gerhard klingenberg
wahn und wahnsinn,carl schönfeld
wahnfried,peter patzak
wahnsinn,rolf liccini
wahnsinn,conrad veidt
wahnsinn autobahn,kadir sözen
wahnsinn mit methode,wolfgang münstermann
wahnsinn mit methode,kai wessel
wahnsinnig romantisch,michael füting
wahnsinns-kinder - wenn die eltern psychisch krank werden,tina soliman
wahoo,andy lauer
wahre freunde,mathias luther
wahre freunde,dietrich haugk
wahre freunde,alexander wiedl
wahre freunde,hans werner
wahre freundschaft,george moorse
wahre liebe,andré erkau
wahre liebe,felix herzogenrath
wahre liebe,wilhelm engelhardt
wahre liebe,dennis satin
wahre liebe,mathias luther
wahre liebe,norbert skrovanek
wahre liebe,oren schmuckler
wahre liebe,michael karen
wahre liebe,ines anna krämer
wahre liebe,michaela zschiechow
wahre liebe,kitty kino
wahre liebe,dagmar von chappuis
wahre liebe,franz xaver bogner
wahre tierfreunde,monika zinnenberg
wahre treue,christine kabisch
wahrer anfang,miguel müller-frank
wahrer mut,michaela zschiechow
wahrheit,steffen nowak
wahrheit ist ein scharfes schwert,robert-adrian pejo
wahrheit oder pflicht,dominikus probst
wahrheit und pflicht: part 1,klaus knoesel
wahrheit und pflicht: part 1,carsten meyer-grohbrügge
wahrheit und pflicht: part 10,jürgen weber
wahrheit und pflicht: part 2,carsten meyer-grohbrügge
wahrheit und pflicht: part 2,klaus knoesel
wahrheit und pflicht: part 3,klaus knoesel
wahrheit und pflicht: part 3,carsten meyer-grohbrügge
wahrheit und pflicht: part 4,carsten meyer-grohbrügge
wahrheit und pflicht: part 4,klaus knoesel
wahrheit und pflicht: part 5,klaus knoesel
wahrheit und pflicht: part 5,carsten meyer-grohbrügge
wahrheit und pflicht: part 6,jürgen weber
wahrheit und pflicht: part 7,jürgen weber
wahrheit und pflicht: part 8,jürgen weber
wahrheit und pflicht: part 9,jürgen weber
wahrheiten,ulf janssen
wahrheiten,baran bo odar
wahrheiten,harald sicheritz
wahrheiten,filippos tsitos
wahrheiten,michaela zschiechow
wahrheitsfindung,karin hercher
wahri duniya,dada gunjal
wahrsagerin,norbert schultze jr.
wai gor dik goo si,eric tsang
wai wai world part 1,justin carmical
wai wai world part 2,justin carmical
waidgerecht,anna-katharina maier
waidmanns-zank,walter bannert
waidmanns heil,peter f. bringmann
waidmanns tod,thomas freundner
waidmanns unheil,jörg schneider
waidmannsheil,adalbert plica
waidmannsheil,willy millowitsch
waidmannsheil,willy millowitsch
waidmannsheil,felix herzogenrath
waif goodbye to the paw paws,oscar dufau
waif goodbye to the paw paws,carl urbano
waif goodbye to the paw paws,arthur davis
waif goodbye to the paw paws,don lusk
waifs,anthony o'sullivan
waifs,d.w. griffith
waifs,albert parker
waifs and strays,vladimir karin
waifs and strays,andrew morgan
waifs and strays,brian parker
waifs and strays,julian amyes
waifs of the sea,frank mcglynn sr.
waigeo - insel der magier,thomas schultze-westrum
waiho wale kahiko,bryan spicer
waikato,barry barclay
waikiki,ron satlof
waikiki,elwood perez
waikiki angels,dennis donnelly
waikiki brothers,soon-rye yim
waikiki melody,will cowan
waikiki wedding,frank tuttle
waikiki widow,leslie h. martinson
wail,jeff keen
wail,kevin callies
wail street,rodrigo amador
wailing in a winter wonderland,jerrold bernstein
wailing well,david bell
wainy nights,ken marino
waisenkind,ulrich könig
waisenkind,christine kabisch
waisenkind,peter gersina
waisetsu dokyumento renzoku henshitsu ma,itsumichi isomura
waisetsu hisho no shiseikatsu,kazuyoshi sekine
waisetsu kakushidori: yagai roshutsu,minoru inao
waisetsu onsen yado: nureru waka okami,minoru inao
waisetsu seirakuen: ojisama to watashi,naoyuki tomomatsu
waisetsu street,satoru kobayashi
waisetsuna onna: kuroi hada ni naku,akiyoshi kimata
waissman,eduardo montes-bradley
waist deep,vondie curtis-hall
waist watchers,david perry
waist watchers 2,david perry
wait,stephen osborne
wait,emre konuk
wait,amir muhammad
wait,ernie gehr
wait,emi electra
wait,trudie styler
wait a bit,francis corby
wait a minute,walter stull
wait a minute,bobby burns
wait and see,alf collins
wait and see,shinji sômai
wait and see,walter forde
wait and see,william bertram
wait be so kind,elizaveta skvortsova
wait for george,richard irving
wait for it,pamela fryman
wait for it,richard bradley
wait for me,john newland
wait for me,daniel gillies
wait for me,aleksandr stolper
wait for me,julius b. kelly
wait for me,boris ivanov
wait for me aka witness,mitko panov
wait for me and i will not come,miroslav momcilovic
wait for me downstairs,john english
wait for rain,kyle rideout
wait for spring,peter d. marshall
wait for the bang,michael imison
wait for you,jamall rashaud mcmillan
wait in room 219,frances bathory
wait till helen comes,dominic james
wait till i catch you,percy stow
wait till jack comes home,james williamson
wait till spring,robert ellis miller
wait till the sun shines nellie,dave fleischer
wait till the sun shines nellie,henry king
wait till your father gets home,stephen jones
wait time,lewaa nasserdeen
wait until dark,bridey elliott
wait until dark,terence young
wait until midnight,eric laneuville
wait until spring bandini,dominique deruddere
wait your turn,ron newcomb
wait: a story of loss and light,nová jordyn
waiter,alex van warmerdam
waiter minute,edwin rehberg
waiter minute,david detiege
waiter minute,edward bernds
waiter no. 5,d.w. griffith
waiters,edward bernds
waiting,clement sze-kit cheng
waiting,john boorman
waiting,aldo garay
waiting,michael o'connor
waiting,derek lebrero
waiting,jefery levy
waiting,rashid masharawi
waiting,amir naderi
waiting,jackie mckimmie
waiting,simone orlandini
waiting,ashleigh rajala
waiting,antonio veljanoski
waiting,aditya assarat
waiting,marco dutra
waiting,dániel béres
waiting,richard elson
waiting,stephen roberts
waiting alone,dayyan eng
waiting area,nora tschirner
waiting at the church,eddie lyons
waiting at the church,edwin s. porter
waiting at the church,lee moran
waiting at the door,akram shibly
waiting for a girl,jess weiss
waiting for a girl like you,michael lehmann
waiting for a knighthood,pennant roberts
waiting for adrian,john reardon
waiting for andy,glenn mcqueen
waiting for angelina,hans-christoph blumenberg
waiting for anna,david m. rosenthal
waiting for armageddon,kate davis
waiting for armageddon,david heilbroner
waiting for august,teodora mihai
waiting for august,teodora mihai
waiting for b.,paulo cesar toledo
waiting for baby,hal yates
waiting for baby,leslie m. roush
waiting for beckett,kevin hooks
waiting for big mo,pete chatmon
waiting for bolero,jerry london
waiting for butterflies,richard clark jr.
waiting for caroline,ron kelly
waiting for chongo,jack donohue
waiting for commercials,jud yalkut
waiting for commercials,nam june paik
waiting for crumley,susan buice
waiting for crumley,arin crumley
waiting for daddy,greg lansky
waiting for dark,jordan mechner
waiting for dogot,jamie babbit
waiting for dogot,gustavo charif
waiting for dr. macguffin,david ondaatje
waiting for dracula,domiziano arcangeli
waiting for dublin,roger tucker
waiting for dutch,randall einhorn
waiting for elvis,haldane duncan
waiting for fear,orçun üzüm
waiting for fidel,michael rubbo
waiting for fleishman,paul hoen
waiting for forever,james keach
waiting for gibson,jean sagal
waiting for giddo: the children of light,shredy jabarin
waiting for giro,ian curtis
waiting for gloves,jamie jay johnson
waiting for god,ed bye
waiting for goddard,roy ward baker
waiting for godorsky,william wiard
waiting for godot,rodrig andrisan
waiting for godot,charles s. dubin
waiting for godot,alan schneider
waiting for godot,michael lindsay-hogg
waiting for godot,george bloomfield
waiting for godot by beckett,richard callanan
waiting for godot: part one,voytek
waiting for godot: part one,david hugh jones
waiting for godot: part two,david hugh jones
waiting for godot: part two,voytek
waiting for gordo,john asher
waiting for gorgo,benjamin craig
waiting for grandma,jim jinkins
waiting for guffman,christopher guest
waiting for happiness,abderrahmane sissako
waiting for heaven,dervis zaim
waiting for helen,kevin pollak
waiting for her sailor,bill plympton
waiting for howard stern,jeff knite
waiting for ishtar,jonathan crombie
waiting for jess,mike stickle
waiting for jevetta,judith benezra
waiting for jocko,don taylor
waiting for joe,ozzie nelson
waiting for kiddo,peter deluise
waiting for lightning,jacob rosenberg
waiting for love,james lee
waiting for mamu,thomas a. morgan
waiting for marty,steven bognar
waiting for michelangelo,curt truninger
waiting for mo,zaki gordon
waiting for movement,hong khaou
waiting for mr. wrong,ron satlof
waiting for mrs. bichette,eyal gordin
waiting for mum,nana ekvtimishvili
waiting for news,waris hussein
waiting for onorio,richard goode
waiting for ophelia,adam carl
waiting for paradise,sérgio tréfaut
waiting for pasolini,daoud aoulad-syad
waiting for phil,jeanette nordahl
waiting for robert capa,michael mann
waiting for ronald,ellen gerstein
waiting for ryan braun,brendan mcnamara
waiting for santa,j oikarinen
waiting for santa,dwin towell
waiting for sheila,waris hussein
waiting for smeato,don coutts
waiting for spring,yûichirô hirakawa
waiting for spring,igor voytulevich
waiting for sunrise,alexa green
waiting for sunrise,aneel ahmad
waiting for superman,jason ensler
waiting for taleju,félix enríquez alcalá
waiting for the artist,rhys thomas
waiting for the balloon,ivan maksimov
waiting for the barbarians,eugène green
waiting for the barbarians,ciro guerra
waiting for the barbarians,kostas stamatopoulos
waiting for the carnival,marcelo gomes
waiting for the clouds,yesim ustaoglu
waiting for the end of the world,morgan j. freeman
waiting for the giants,phillip lacy
waiting for the godmother,nikos zapatinas
waiting for the hearse,alejandro doria
waiting for the knock,frederick e.o. toye
waiting for the light,christopher monger
waiting for the light to change,evan ferrante
waiting for the miracle,bart freundlich
waiting for the moon,jill godmilow
waiting for the moon,jürgen karasek
waiting for the new year,vladimir leschiov
waiting for the other gumshoe to drop,art dielhenn
waiting for the other ugly-ass shoe to drop,timothy a. bennett
waiting for the rain,nick archer
waiting for the robert e. lee,dave fleischer
waiting for the sea,bakhtyar khudojnazarov
waiting for the snow to fall,warren miller
waiting for the sun,ago panini
waiting for the sun,kaspar astrup schröder
waiting for the sun,christopher eadicicco
waiting for the sun,daniel gräbner
waiting for the sun,taylor alden thompson
waiting for the sun,jacob drake
waiting for the telegram,stuart burge
waiting for the weekend,igor stanojevic
waiting for the wet,richard marquand
waiting for tomorrow,ryan harriss
waiting for tonight,michael mcdonald
waiting for trains,alejandro monteverde
waiting for waiting for godot,derek jarman
waiting for wanda,vivian a. daniels
waiting for war,maria maggenti
waiting for watubi,jack arnold
waiting for whirly,keaton stewart
waiting for woody,grant heslov
waiting for woody,matthias kremin
waiting for work,jack ashley
waiting for you,shinji imaoka
waiting for yvette,justin ross
waiting forever for you,grant harvey
waiting game,allen reisner
waiting games,james ormerod
waiting in forever,arthur slone
waiting in line,glenn mcqueen
waiting in the dark,daisuke tengan
waiting in the lurch,edward bernds
waiting in the wings,joss whedon
waiting in the wings,michael berry
waiting in the wings,herbert wise
waiting is the hardest part,todd robert anderson
waiting is the hardest part,stephen falk
waiting list,david langlois
waiting means death,hartmut schoen
waiting on a friend,james genn
waiting on alphie,kevin hicks
waiting on candace,tyler perry
waiting on fountain,evan wasserstrom
waiting on love,jeff fisher
waiting on love,stormy daniels
waiting on love,kevin tancharoen
waiting on roxie,chad peter
waiting on the alchemist,oscar orlando torres
waiting on the lost,damon o'steen
waiting on the space poets,jamey hastings
waiting room,vincent grenier
waiting room,patrick pitu
waiting room,moisés romera
waiting room,billy ray brewton
waiting room,anwar kawadri
waiting room,marisa crespo
waiting room,dimitris andjus
waiting room angel,larry b. williams
waiting tables,carolina ravassa
waiting to be gaped,greg lansky
waiting to die,ted wass
waiting to exhale,dimitry elyashkevich
waiting to exhale,lance bangs
waiting to exhale,tyler the creator
waiting to exhale,forest whitaker
waiting to inhale,steve zuckerman
waiting to inhale,dewi humphreys
waiting up for kelly,jerry hopper
waiting wet woman,yasuaki uegaki
waiting...,rob mckittrick
waiting... on godot,christopher dickerson
waitress,adrienne shelly
waits and desperate measures,john davies
waivers of extradition,kevin bacon
wajda by wajda,andrzej wolski
wajib - the wedding invitation,annemarie jacir
wajood,n. chandra
wajood,rahul rai gupta
wajood,jawed sheikh
wajva re wajva,girish ghanekar
waka-okusama no nama shitagi,hitoshi ishikawa
waka-okusama no namashitagi: nureppanashi,rumi tama
waka okusama maruhi onanii: kuwaekomu,mototsugu watanabe
waka okusama maruhi onanii: yosugimasu,mototsugu watanabe
waka okusama wa k-cup: kanjiru gogo no hanabira,hikaru kitô
waka okusama: furin nurasu,rumi tama
waka okusama: hentai jikomi,rumi tama
waka okusama: kahanshin jukujo,satoru kobayashi
waka okusama: sm kankin,rumi tama
waka okusama: sm rinchi,sachi hamano
waka okusama: swap de meromero,kinya ogawa
waka shishi sen,noriyuki abe
wakaba flourishing,kunihiko ikuhara
wakacje,filip bojarski
wakacje w grudziadzu,kristoffer rus
wakacje w miescie,andrzej baranski
wakacje z madonna,jerzy kolodziejczyk
wakacje z wujkiem robertem,wadim berestowski
wakacyjne szlaki,ryszard lepióra
wakadanna - hyakumangoku,hiroshi shimizu
wakadanna haru ranman,hiroshi shimizu
wakadanna kokoni ari,kintarô inoue
wakagibo: mushaburi kuu,tetsuya takehora
wakai hito,akiyoshi kimata
wakai hito,shirô toyoda
wakai hito,katsumi nishikawa
wakai hitotachi,kôzaburô yoshimura
wakai kawa no nagare,tomotaka tasaka
wakai keisha,katsumi nishikawa
wakai koibitotachi,yasuki chiba
wakai musumetachi,yasuki chiba
wakai musumetachi,kihachi okamoto
wakai senpuu,susumu kodama
wakai shigeki,yûsei takeda
wakai tokyo no yane no shita,buichi saitô
wakai yatsura no kaidan,shigeo tanaka
wakaki chishio,eizô tanaka
wakaki chishio wa beni ni yu,tomoharu katsumata
wakaki hi no chuji,shiroku nagao
wakaki hi no hanzo,kichirô tsuji
wakaki hi no kangeki,heinosuke gosho
wakaki hi no nobunaga,kazuo mori
wakaki hi no takuboku: kumo wa tensai de aru,nobuo nakagawa
wakaki hitobito,kiyohiko ushihara
wakaki josei no kanashimi,genjirô saegusa
wakaki lotte chan no nayami,shinji imaoka
wakaki senshi no densetsu,nobutaka nishizawa
wakaki shishi-tachi no tanjo,kazunori tanabashi
wakakusa monogatari,kenjirô morinaga
wakakusa no uta,osamu wakayama
wakakute warukute sugoi koitsura,kô nakahira
wakaliwood: the documentary,ben barenholtz
wakama natuchu,daniel gonzález
wakame furo satsujin jiken (wakame bath murder case),tomoyuki furumaya
wakamono yo,hôtei nomura
wakanohana monogatari dohyou no oni,kenjirô morinaga
wakaoku-sama: futomono-biraki,hisayasu satô
wakarazu ya no papa wa nobita,tsutomu shibayama
wakare,hiroshi fukutomi
wakare,umanosuke iida
wakare,naohito takahashi
wakare,hiroshi saitô
wakare - sorezore no tabidachi,noriyuki abe
wakare hoshi deai hoshi,yoshikata nitta
wakare no hamauta,masaru ômori
wakare no hikyoku,arata nezu
wakare no kinenju,takao kôzai
wakare no minato (machi) senza,junji nishimura
wakare no monmarutoru,kunihiko yuyama
wakare no sei,mamoru watanabe
wakare no tango,yasushi sasaki
wakare to saikai to,kôichi mashimo
wakare to shuppatsu no toki,masaharu endô
wakare: independence,kazuki akane
wakareru mori no ojo sama,shin'ichi watanabe
wakaresase ya: shikkin suru hitozuma,satoru kobayashi
wakarete ikiru toki mo,hiromichi horikawa
wakarete mo egao de,fusahiro nagaki
wakareyuku otoko,osamu wakayama
wakarimasen,tatsuo satô
wakasa yo saraba,shigenori sakata
wakasame torimon-cho,yasushi sasaki
wakatono senryo-hada,kôsaku yamashita
wakatta yo onee-chan,naohito takahashi
wakazuma,kokomi naruse
wakazuma furin zeme,kinya ogawa
wakazuma furin: midarete kuneru,kinya ogawa
wakazuma hentai onanii,minoru inao
wakazuma hitori ecchi: yorumade matenai,yoshikazu katô
wakazuma kaben no uzuki,sôjirô motoki
wakazuma kairaku lesson: toriko,mamoru watanabe
wakazuma kongai play,shinya yamamoto
wakazuma maruhi onanii,mototsugu watanabe
wakazuma nikki: modaeru,isao hayashi
wakazuma no nioi,hiroshi mizuno
wakazuma nozoki: anaba no nioi,kinya ogawa
wakazuma shinshitsu hiwa,akitaka kimata
wakazuma shitoyakana hiwai,kazuhiro sano
wakazuma to jukujozuma: zecchou no aegigoe,kinya ogawa
wakazuma: binkanna shikemi,kinya ogawa
wakazuma: furin no kaori,yoshitaka kamada
wakazuma: mahiru no shisshin,kinya ogawa
wakazuma: shibari no tawamure,genji nakamura
wakazuma: watashi o okashite,kinya ogawa
wake,laurie love
wake,michael skanes
wake,lin oeding
wake,gary harvey
wake,guy norman bee
wake,andrew lawton
wake,mike mansfield
wake,nyle cavazos garcia
wake,kristen kress parness
wake,lisa cholodenko
wake,michael fiore
wake,ed bye
wake,ramon samson
wake-up call,riitta-leena lynn
wake-up call (for her),saul blinkoff
wake-up call (for him),saul blinkoff
wake-up plan,al lewis
wake a stranger,basil coleman
wake and bake,mark cendrowski
wake before i die,todd e. freeman
wake in fright,ted kotcheff
wake island,john farrow
wake island: alamo of the pacific,craig haffner
wake man,tornike bziava
wake me up,nicholas humphries
wake me up before you go go,dick martin
wake me up when we are in korea,ossi mykkänen
wake me when i leave,tyler rubenfeld
wake me when the war is over,gene nelson
wake me when you leave,elisa donovan
wake of the red witch,edward ludwig
wake of war,hollingsworth morse
wake the baby,brent butt
wake the dead,michael luceri
wake the dead,joaquim dos santos
wake the dead,chris bould
wake the dead,derek bennett
wake the fuck up,boaz yakin
wake up,gamaal 'taylor' storr
wake up,albert ray
wake up,néstor ruiz medina
wake up,michael mando
wake up,doug tschirhart
wake up,josh mccausland
wake up,jesse bochco
wake up,arthur albert
wake up,chad lowe
wake up,arturo menendez
wake up,alessio della valle
wake up,elizabeth ito
wake up,jacques holender
wake up 1989,micky satiar
wake up america,peter w. kunhardt
wake up and dance,alan simpson
wake up and die,carlo lizzani
wake up and dream,lloyd bacon
wake up and dream,kurt neumann
wake up and hear the music,kyle corwith
wake up and live,sidney lanfield
wake up and smell the coffeehouse,john whitesell
wake up and smell the frittata,michael schear
wake up and smell the roses growing out of lea harts ass,ariel x.
wake up call,tommy harrington
wake up call,norman buckley
wake up call,steve cutts
wake up call,regina king
wake up call of the wild,rich arons
wake up dead,mark tonderai
wake up famous,gene gerrard
wake up ginga lion,tadao nagahama
wake up ginga lion,katsutoshi sasaki
wake up grassroots: the nine virtues of participatory democracy and how we can keep america great by encouraging an informed electorate,allan arkush
wake up ii,aozaru shiao
wake up ii,po-hao hung
wake up ii,chih-ju lin
wake up jerk off,daniel macivor
wake up lando,adolfo alix jr.
wake up little susie,marshall herskovitz
wake up little suzy,ted wass
wake up maruja,lino brocka
wake up puppy,michael felker
wake up ron burgundy,adam mckay
wake up screaming,fred sadoff
wake up sid,ayan mukerji
wake up the lion within,christine gernon
wake up time,richard bradley
wake up to kill 3,panna rittikrai
wake up to terror,jesse hibbs
wake up to the breakup,ellen gittelsohn
wake up to yourself,karl zwicky
wake up with libby and jonathan,jamie rix
wake wood,david keating
wakeboarding guns and gators,jason b. bergh
wakeboarding na dverih od lednicky,ivanna tang
wakefield,robin swicord
wakefield,richard correll
wakefield,steve hoefer
wakefield,virgil l. fabian
wakefield express,lindsay anderson
wakefjord,lars berteig andersen
wakeful eyes,ezz el dine zulficar
wakel slat,armin scheuten
wakers en dromers,annette apon
wakey wakey,yasuyuki kubota
wakey wakey,mark woollard
wakey wakey,graeme muir
wakey wakey,anthony parker
wakey wakey princess,april washko
wakideru sei no izumi,kôji seki
wakil rakyat,monty tiwa
waking,ramzi abed
waking compton,lisa bonet
waking eyes,sarah r. lotfi
waking from the dead,errol falcon
waking hour,nava mau
waking life,richard linklater
waking madison,katherine brooks
waking moments,jesse hutchins
waking moments,alexander singer
waking ned devine,kirk jones
waking nightmare,josh flanagan
waking of a legend: the making of hellsgate,mike meyer
waking quinn,adam reed
waking sleeping beauty,don hahn
waking the dead,keith gordon
waking the sleeping giant: the making of a political revolution,jon d. erickson
waking up,tiago guedes
waking up,jørgen pedersen
waking up,alex conway
waking up,manolo gonzalez vergara
waking up,jennifer dimarco
waking up,frederico serra
waking up crazy,matthew harrison
waking up dead,fabio jafet
waking up father,milton j. fahrney
waking up horton,harry bromley davenport
waking up in reno,jordan brady
waking up in tokyo,forrest silvers
waking up makes you look insane,thomas sanders
waking up pregnant,xev bellringer
waking up the town,james cruze
waking up to darkness,j. pollitt
waking up with bae,mark hobson
waking up: the untitled will project,austin kimata
wakker in een vreemde wereld,pieter kuijpers
wako no utagoe,shin'ichirô watanabe
wako no utagoe,takuya igarashi
wakodo no chi wa odoru,frank tokunaga
wakr al-ashrar,hasan el-saifi
waku waku brooklyn 2015,paul sanders
wakusei beruda no saiki,minoru yamada
wakusei komori,nobutaka nishizawa
wakusei tada hitori,tomoharu katsumata
wakusei tada hitori,shigeyasu yamauchi
wakusei umi ni kita yatsura,yoshikata nitta
wal-mart: the high cost of low price,robert greenwald
wal magistra,okil khamidov
wal vissen,hiroshi sasagawa
wal(l)zen,ivan ladislav galeta
wala men shaf wala min derey,nader galal
wala na akong luha,eduardo de castro
wala nang iibigin pang iba,toto natividad
walang atrasan,ricky davao
walang atrasan,ricky davao
walang dayaan akin ang malaki,augusto salvador
walang imposible: ron and marygrace love story,adolfo alix jr.
walang kapantay,fernando poe
walang kasing sakit,ricky davao
walang katapusang tag-araw,ishmael bernal
walang katumbas ang dugo,toto natividad
walang kawala,ricky davao
walang pangalan,carlos padilla sr.
walang panginoon,gerardo de leon
walang piring ang katarungan,lito lapid
walang sala,laurice guillen
walang sugat,lamberto v. avellana
walang susuko,cirio h. santiago
walang tahanan,carlos padilla sr.
walang urungan,laurice guillen
walayati babu,dharam kumar
walberswick suffolk,ron downing
walborgs ungar,andja arnebäck
walc minutowy,wojciech has
walcott prep,mathias herndl
walcownia,jan lomnicki
walczymy z powodzia,leon jeannot
walczymy z powodzia,ryszard biske
walczymy z pozarami,zbigniew kuzminski
wald ohne wiederkehr,thomas grieser
waldean,jacob rosen
waldemarsudde,lennart bernadotte
walden,tyson stewart
walden,dick moder
walden lost,richard gilbert
walden pink,peter bolte
waldeslust,christoph schnee
waldesruh,marc andré misman
waldesruh,thomas nikel
waldfrieden,hans fitz
waldfrieden,kurt wilhelm
waldhaus amore,lars jessen
waldi,reinhard kahn
waldi,michael leiner
waldidyll,hans-werner honert
waldlust,axel ranisch
waldmanns heil,tom zenker
waldo,arthur hilton
waldo,benjamin tholen
waldo arruina la boda de tita y daniel,walter doehner
waldo invincible,brian woodward
waldo the dog,kris canonizado
waldo y nadia hacen equipo para acabar con tita,walter doehner
waldorf salad,bob spiers
waldrausch,paul may
waldrausch,horst hächler
waldstille,martijn maria smits
waldviertel,wilma pradetto
waldviertel - vom zauber des rauen landes,kurt mündl
waldweg,dietrich haugk
waldwinkel,claus peter witt
waldwinter,wolfgang liebeneiner
waleed,aimee galicia torres
wales,david pritchard
wales stone circles,bruce lacey
wales: green mountain black mountain,john eldridge
walesa: man of hope,andrzej wajda
walet,miroslaw dembinski
walet pikowy,tadeusz chmielewski
walgett war,hans heijnen
walhalla,eddy terstall
walizka,piotr trzaskalski
walizka,jacek lechtanski
walk,thomas steiner
walk,stratos stasinos
walk,andrey semizarov
walk,rocky marquette
walk,scott herriott
walk,mary-pat green
walk,toshi fujiwara
walk-n-wave,james burrows
walk-off stories: improbably gibson,michael tollin
walk-ons,andrew kadikian
walk a crooked line,lewis allen
walk a crooked mile,gordon douglas
walk a crooked path,john brason
walk a deadly wing,herb wallerstein
walk a double line,leslie h. martinson
walk a mile in my clogs,rick edelstein
walk a mile in my hat,vincent mceveety
walk a mile in my shoots,bruce seth green
walk a straight line,cliff bole
walk a tight circle,vivian a. daniels
walk a tightrope,alexander grasshoff
walk a tightrope,ralph nelson
walk a tightrope,frank nesbitt
walk a tightrope,robert stevens
walk a while in my shoes,steve zuckerman
walk again,tim drake
walk among tigers,robert sparr
walk away,ramy a. hassan
walk away,henry thompson
walk away,brian hickman
walk away,james whitmore jr.
walk away and i stumble,nick hurran
walk away from love,christopher nolen
walk away renee,jonathan caouette
walk away renee,jim drake
walk by faith,lamarcus tinker
walk by faith,darran scott
walk cheerfully,yasujirô ozu
walk down any street,bernard devlin
walk east,richard a. cohen
walk fit,paul greenberg
walk hard: the dewey cox story,jake kasdan
walk ii,thomas steiner
walk in,herman yau
walk in dales,patrik krivanek
walk in fear,patrick dromgoole
walk in my shoes,roy battersby
walk in my shoes,ben steel
walk in my shoes,nicholas webster
walk in samara-city,timur nurulin
walk in st george,alan simpson
walk in the dark,christopher barry
walk in the dark,russ mayberry
walk in the deep,justin herman
walk in the light,morgan r. stiff
walk in the night,charles martin
walk in the shadow,basil dearden
walk in the sky,robert altman
walk in the wood,david hemmings
walk into a bar,jake hoffman
walk into hell,lee robinson
walk into terror,thomas carr
walk into the dark,christopher morahan
walk into the night,jeffrey hayden
walk into the night,hal tulchin
walk like a dragon,james clavell
walk like a king,alex march
walk like a man,ben elton
walk like a man,melvin frank
walk like a man,patrick duffy
walk like a man,jack bender
walk like a man,mark cendrowski
walk like a man,kenny ortega
walk like a man,warren hutcherson
walk like a man,marek kanievska
walk like a man,terence winter
walk like a man,félix enríquez alcalá
walk like a man,matthew modine
walk like a panther,dan cadan
walk like a robot,tom fox davies
walk like an egyptian,pino amenta
walk like an egyptian: part 1,keith oliver
walk like an egyptian: part 2,keith oliver
walk like you talk,charles s. dubin
walk of punishment,david benioff
walk of shame,marshall jay kaplan
walk of shame,ryan bergez
walk of shame,amy seeley
walk of shame,christine gernon
walk of shame,nik perleros
walk of shame,steven brill
walk of shame slut lilyan red disgraced humiliated fucked in public,steve holmes
walk on,mark bashian
walk on by,taylor blackwell
walk on by,rené bonnière
walk on fire,norman law man
walk on lake,criss angel
walk on the blind side,paul krasny
walk on the grass,brandon acton-bond
walk on the mild side,asaad kelada
walk on the wetside,dale davis
walk on the wild side,edward dmytryk
walk on water,rob corn
walk on water,eytan fox
walk on water,criss angel
walk out,steve miner
walk proud,robert l. collins
walk right back,carol wiseman
walk safe young america,lee stanley
walk slowly,gus trikonis
walk softly,william witney
walk softly for murder,ernest morris
walk softly stranger,robert stevenson
walk softly through the night: part 1,paul krasny
walk softly through the night: part 2,paul krasny
walk tall,maury dexter
walk tall: part 1,bob meillon
walk tall: part 2,bob meillon
walk the angry beach,john hayes
walk the dark street,wyott ordung
walk the dark streets,paul nickell
walk the dinosaur,cosondra sjostrom
walk the line,james mangold
walk the long pier,reza badiyi
walk the plank,jonas rothlaender
walk the prank: wwe edition,trevor moore
walk the proud land,jesse hibbs
walk the straight and narrow,sherman marks
walk the swine,randall einhorn
walk the talk,shirley barrett
walk the talk,matthew allen
walk the walk,joaquin sedillo
walk the walk,robert kramer
walk the walk,christopher warre smets
walk this street lightly,jerry hopper
walk this way,liev schreiber
walk this way,derek filiatrault
walk this way,michael lindsay-hogg
walk this way,john francis dillon
walk this way,dick martin
walk through steel,chris merrill
walk through the night,paul stanley
walk to the scaffold,peter hammond
walk wide of lions,philip ford
walk with a dead man,harvey hart
walk with a dog,isabel hegner
walk with lions,ted post
walk with me,max pugh
walk with me,beulah zachary
walk with me,guy ferland
walk with me,johan oettinger
walk with me,lisa ohlin
walk with me,adolfo alix jr.
walk with the damned,james h. russell
walk with the devil,jamie magnus stone
walk with us,wiebke von carolsfeld
walk with us,greg nicotero
walk your own way,fu-chun hsu
walk. ride. rodeo.,conor allyn
walka plci,maciej wojtyszko
walkabout,kevin g. cremin
walkabout,nicolas roeg
walkabout,al razutis
walkabout,jack bender
walkabout,christopher barry
walkabout,cliff bole
walkabout,hana kukal
walkabout,brian parker
walkabout australia,david l. cunningham
walkathon,mike judge
walkathon,yvette kaplan
walkaway joe,tom wright
walkaway walkie,linda mendoza
walked the way home,eric baudelaire
walkentalk,philip zlotorynski
walker,alex cox
walker,eero heinonen
walker,paul harather
walker,tsai ming-liang
walker,alanis obomsawin
walker mania,jeff sinasac
walker payne,matt williams
walker renzo ferrari,villi hermann
walker texas ranger 3: deadly reunion,michael preece
walkie buddies,martín rosete
walkie talkie,di drew
walkies,dirk campbell
walking,justyn bell
walking,peter lindbergh
walking,gina kim
walking across egypt,arthur allan seidelman
walking after you,gustavo goulart
walking and falling,erin vassilopoulos
walking and talking,nicole holofcener
walking away,nicholas laughland
walking back,rupert julian
walking back to happiness,piotr szkopiak
walking between each other and it self...,sara koppel
walking by faith,brandon thaxton
walking dead,patrick bristow
walking dead,michael preece
walking dead in real life,matt raub
walking dead producers cast zombies with chronic skin conditions,ben giroux
walking dead survival instinct,joe vargas
walking dead vs last of us,danny philippou
walking dead vs last of us,michael philippou
walking death,william beaudine
walking difficulties due to progressive locomotary ataxia,gheorghe marinescu
walking difficulties of organic paraplegia,gheorghe marinescu
walking distance,robert stevens
walking down broadway,norman foster
walking erect,mike judge
walking film 6,thomas baumann
walking film 6,josef dabernig
walking fish,jessica borutski
walking for the stars: the foley artistry of nancy anne cianci,josh greenbaum
walking greasy pole,george albert smith
walking in forgiveness and overcoming offenses,bryan kreutz
walking in la,luciano silighini garagnani
walking in my sleep,seth m. shulman
walking in rocco siffredi studio before scene,taissia shanti
walking in seoul,scott shaw
walking in the valley of the gods,steven pecchia-bekkum
walking in tongues,nash bozard
walking in your footsteps,fabien remblier
walking into mirrors,kirsten sheridan
walking into the night,emmanuel tutumor
walking into the wall,bill viola
walking john stopped here,frederick stephani
walking mind,bharath chand
walking money,tim hunter
walking my baby back home,lloyd bacon
walking my baby back home,richard correll
walking new york,jr
walking on air,andrew mccullough
walking on air,aveling ginever
walking on air,joseph santley
walking on air: part 1,peter maxwell
walking on air: part 2,peter maxwell
walking on broken glass: part 1,stefan brogren
walking on broken glass: part 2,stefan brogren
walking on palmettos,sean mcnamara
walking on sunshine,mathew buck
walking on sunshine,max giwa
walking on sunshine,dania pasquini
walking on the edge,bill viola
walking on the moon,hiroki hayashi
walking on the moon,peter kosminsky
walking on the sky,carl t. evans
walking on the wild side,fiona gordon
walking on the wild side,dominique abel
walking on water,chris lovett
walking on water,andrey paounov
walking on water,tony ayres
walking on water,graeme harper
walking out,gareth gwenlan
walking out,alex smith
walking out,andrew j. smith
walking past the future,ruijun li
walking point,sigmund neufeld jr.
walking prayers,deborah anderson
walking shadow,po-chih leong
walking shadows,john langridge
walking small,jim enright
walking stiff can make you famous,alan j.w. bell
walking stories,luca guadagnino
walking talking laughing dance,melvyn bragg
walking tall,phil karlson
walking tall,debbie allen
walking tall,jalal fatemi
walking target,daniel petrie
walking the baby,aubrey scotto
walking the dead,adam koralik
walking the dog,gary harvey
walking the dog,tawnia mckiernan
walking the dogs,jeremy brock
walking the edge,norbert meisel
walking the line,laurence moody
walking the plankton,matt dearborn
walking the streets of moscow,georgiy daneliya
walking through a field of chickens,peter indergand
walking through mirrors (demo),jason williams
walking through the fire,robert day
walking to new orleans,geoff wonfor
walking to paris,peter greenaway
walking to the cage,matthew hickney
walking to the waterline,matt mulhern
walking to wrong cars,kevin leigh
walking too fast,radim spacek
walking tour,michael ian black
walking troubles of organic hemiplegy,gheorghe marinescu
walking under water,eliza kubarska
walking under water,eliza kubarska
walking up to the pretty girl,ami tir
walking upright,christian ziewer
walking vengeance,agustín díaz yanes
walking walking,ermanno olmi
walking with a friend,akira ogata
walking with dinosaurs,mat brunet
walking with dinosaurs 3d,barry cook
walking with insight,julian shaw
walking with my grandma,tetsuo shinohara
walking with my honey,william forest crouch
walking with my left hand,danny malin
walking with strangers,casey de fremery
walking with the dog,makoto shinozaki
walking with the ferryman,adrian hume robinson
walking with walken,simon welsford
walking with you,vasilis blioumis
walking wounded,matthew sabo
walking wounded,gary harvey
walking wounded,arnold laven
walking wounded,jesús salvador treviño
walkirie,kazimierz prószynski
walkout,edward james olmos
walkout,john stroud
walkout,russ mayberry
walkover,jerzy skolimowski
walkway,ken jacobs
walky talky hawky,robert mckimson
wall,simon szabó
wall,james lee
wall,simone bitton
wall,james peniata
wall,moran ifergan
wall,takashi itô
wall-e,art spigel
wall-e,doug walker
wall-to-wall plane crash,perry lang
wall buddy,sean szeles
wall buddy,john davis infantino
wall of bamboo,robert florey
wall of crystal,joseph sargent
wall of death,lewis gilbert
wall of death and all that,mladen kovacevic
wall of fear,leo orenstein
wall of flames: part 1,andrew marton
wall of flames: part 2,andrew marton
wall of heroism,mohamed radi
wall of noise,richard wilson
wall of shame,james widdoes
wall of silence,alan mendelsohn
wall of silence,paul stanley
wall of silence,richard franklin
wall of silence,george gorman
wall of silence,charles r. rondeau
wall of silence,alexander singer
wall of silence,philip saville
wall of silence,john meredyth lucas
wall of silence,christopher menaul
wall of silence,terry marcel
wall of the general,hatsuki tsuji
wall of youth,mike judge
wall pass,darryl wharton
wall poster,g.v. iyer
wall rats,steve edwards
wall safe,ezra stone
wall scaling,james h. white
wall street,mr. pam
wall street,jim jennings
wall street,roy william neill
wall street,bud fisher
wall street,michael lucas
wall street,oliver stone
wall street,burt brinckerhoff
wall street,anthony barthélémy
wall street,andy cadiff
wall street blues,del lord
wall street blues,hal yates
wall street blues,gwen arner
wall street chicken,martin menzel
wall street cowboy,joseph kane
wall street greed brings the house down,dutch merrick
wall street gunslinger,richard donner
wall street report,glenn mcqueen
wall street: money never sleeps,oliver stone
wall street: where the money is,mel stuart
wall to wall kaput,richard c. sarafian
wall to wall records,joshua brand
wall to wall war,robert gist
wall: raid on stohess district part 3,tetsurô araki
wallaby jim of the islands,charles lamont
wallaby wannabe,jeff passino
wallace,mark l. mazzeo
wallace,delaney buffett
wallace and clyde: a grand day out,richard correll
wallace vs dahlman,paul alter
wallace vs hill,paul alter
wallah be,pia bovin
walled in,gilles paquet-brenner
walled off,mayssam rahimy
walledwithin,scott hellon
walledwithout,scott hellon
wallenda walks crazy taxi and rest in peat,alice borrelli
wallenstein,franz peter wirth
wallenstein,wilm ten haaf
wallenstein 1. teil - wallensteins macht,rolf randolf
wallenstein 2. teil - wallensteins tod,rolf randolf
wallenstein und der krieg,christian twente
wallenstein und der krieg,stephan koester
wallenstein und der krieg,robert wiezorek
wallet,jan belcl
wallets,johanna icks
wallets and dinosaurs,luke lerdwichagul
walleye,tristram shapeero
wallfahrtskirche vierzehnheiligen,hans cürlis
wallflower,frederick de cordova
wallflowers,james leo meehan
walli,mario camerini
walli die eisfrau,wilhelm engelhardt
wallis,jean boué
wallis: the queen that never was,paul olding
wallmann kommt raus,michael mackenroth
wallonie 2084,jean-jacques rousseau
walloping kid,robert j. horner
walloping wallace,richard thorpe
walloping wallace,norbert a. myles
wallpaper wendy,brian little
wallpapering,michael bentine
walls,andrás kovács
walls,josh moody
walls,bill lawrence
walls,john fawcett
walls,francesco conversano
walls,migueltxo molina
walls,laura wandel
walls,mark l. taylor
walls,jeremy podeswa
walls,victor lobl
walls and people,dalila ennadre
walls and wallops,larry semon
walls are waiting,barry shear
walls have ears,james cellan jones
walls of fear,burt kennedy
walls of fire,herbert kline
walls of gold,kenneth mackenna
walls tell tales,edmund lawrence
walls walla vs. southridge,josh hodgins
walls within,prasanna vithanage
wallstreet,thomas schadt
wally,michael landon
wally and alma,hugh beaumont
wally and dudley,hugh beaumont
wally and the fraternity,david butler
wally buys a car,david butler
wally cox,franklin heller
wally cox janis paige jane russell roy rogers hy averback and the hollywood deb stars,jim jordan
wally cox paul lynde rocky graziano,norman lear
wally die perle,rudi bach
wally for congress,hollingsworth morse
wally goes steady,norman abbott
wally of the vultures,hans steinhoff
wally post vs. hank aaron,benjamin stoloff
wally saves the trollidays,tom mazzocco
wally spuckt,rudi bach
wally t,peter rida michail
wally the author,ozzie nelson
wally the beard,james h. brown
wally the businessman,norman tokar
wally the lifeguard,andrew mccullough
wally the wimp,peter baldwin
wally und willy,rudi bach
wallys hauslehrer,rudi bach
wallys pech,rudi bach
wallys verlobung,rudi bach
wallys ziegenbock,rudi bach
walmart chemical warfare,nash bozard
walmart holiday commercial,tara parian
walmart tom cruise,caleb claxton
walmart: the box,melissa mccarthy
walmart: the box,dee rees
walmart: the box,nancy meyers
walnut,danilo serbedzija
walnut creek,artie mitchell
walnut creek,jim mitchell
walnuts the movie,jonas ball
walpurgis nacht,david kruschke
walpurgis night,marcin bortkiewicz
walpurgis night,patrick müller
walpurgisnacht,jonas greulich
walpurgisnacht,james bauer
walpurgisnacht,brigitta dresewski
walpurgisnacht,jan peter
walpurgiszauber,ernst marischka
walrus,christoph rainer
walrus,shawn martin
walrus enroute,joseph oriolo
wals,tallulah hazekamp schwab
walser,zbigniew libera
walsh on wimmin,pino amenta
walt,randal plunkett
walt and lavinia,frank telford
walt curtis: the peckerneck poet,walt curtis
walt curtis: the peckerneck poet,bill plympton
walt disney,franklin heller
walt disney animation studios (show 56),raphael moran
walt disney animation studios part 1,mat brunet
walt disney animation studios part 10,mat brunet
walt disney animation studios part 11,mat brunet
walt disney animation studios part 12,mat brunet
walt disney animation studios part 13,mat brunet
walt disney animation studios part 14,mat brunet
walt disney animation studios part 2,mat brunet
walt disney animation studios part 3,mat brunet
walt disney animation studios part 4,mat brunet
walt disney animation studios part 5,mat brunet
walt disney animation studios part 6,mat brunet
walt disney animation studios part 7,mat brunet
walt disney animation studios part 8,mat brunet
walt disney animation studios part 9,mat brunet
walt disney animation studios short films collection,lauren macmullan
walt disney animation studios short films collection,mark henn
walt disney cartoon classics limited gold edition ii: life with mickey,burt gillett
walt disney cartoon classics limited gold edition ii: life with mickey,charles nichols
walt disney cartoon classics limited gold edition ii: life with mickey,ben sharpsteen
walt disney cartoon classics limited gold edition ii: life with mickey,david hand
walt disney cartoon classics limited gold edition: daisy,jack hannah
walt disney cartoon classics limited gold edition: daisy,jack king
walt disney world celebrity circus,marty pasetta
walt disney world food challenge,jackson adams
walt disney world happy easter parade,'chico' hernandez
walt disney world haul,david kyle eisenhauer
walt disney world media pickups,david kyle eisenhauer
walt disney world photo montage,david kyle eisenhauer
walt disney world very merry christmas parade,'chico' hernandez
walt disney world very merry christmas parade,'chico' hernandez
walt disney world very merry christmas parade,'chico' hernandez
walt disney world very merry christmas parade,'chico' hernandez
walt disney world very merry christmas parade,'chico' hernandez
walt king of the dumper,jack gold
walt medeiros: block four,arlene hazzan green
walt whitman,james a. fitzpatrick
walt whitman goes bananas,james sheldon
walt willey,leif gantvoort
waltari - rare species alive,markus selin
walter,mick innes
walter,varante soudjian
walter,john a. gallagher
walter,stephen frears
walter,stephen ure
walter,ignacio laxalde
walter,richard bramall
walter,david cartwright
walter,iván vas-zoltán
walter,charles correll
walter,miklós szurdi
walter and edith krieger,dirk craft
walter and henry,daniel petrie
walter and lavina,frank telford
walter and the no need to worry suit,ian emes
walter and the outlaws,ralph e. black
walter and the terrible horrible no good very bad life,ishai setton
walter benjamin,eduard cortés
walter brennan,franklin heller
walter brennan,bud yorkin
walter brennan the everly brothers peggy king maurice gosfield jack cole the pitch hikers,clark jones
walter carvalho cinema de poesia,jacques cheuiche
walter comes home,john bowab
walter defends sarajevo,hajrudin krvavac
walter e i suoi cugini,marino girolami
walter e. jones and matthew jacob wayne with kayley stallings and the ez way angels,pepper jay
walter ego,alessio perisano
walter f. mondale,eric benson
walter finds a father,william j. bauman
walter finds a father,joseph jay bamberger
walter gets religion,hal cooper
walter giller auf abwegen,truck branss
walter has to look after walter,tristram shapeero
walter hasenclever,rolf busch
walter hat die wahl,manuel siebenmann
walter haupt - der film,eckhart schmidt
walter ja mirjami,olli soinio
walter lippmann 1961,palmer williams
walter makes a movie,walter forde
walter matthau,walter williams
walter matthau,dave wilson
walter matthau,dick ross
walter matthau: diamond in the rough,gene feldman
walter meets winston,philip nugus
walter on a pedestal,leslie goodwins
walter out of the blue,mick innes
walter peralta,jordi mollà
walter pfeiffer: chasing beauty,iwan p. schumacher
walter pidgeon,franklin heller
walter screws up,asaad kelada
walter sedlmayr - tod eines volksschauspielers,walter harrich
walter taffet,noah emmerich
walter the farting dog,tim hill
walter the greek,elias giannakakis
walter the wolverine,justin schaack
walter treppiedi,elena bouryka
walter tynan will now take your questions,barry germansky
walter ulbricht - sein geheimes doppelleben,sonja von behrens
walter und nina,dieter kehler
walter under the bridge,perry rosemond
walter urbach: mohnmaler,tilmann urbach
walter vetrivel,p. vasu
walter wants work,walter forde
walter was here,adam zielinski
walter weinert,wilm ten haaf
walter white facebook look back,gary lee mahmoud
walter willison,bill carruthers
walter winchell,franklin heller
walter wins a wager,walter forde
walter woody and the world of animation,shamus culhane
walter woody and the world of animation,walter lantz
walter woody and the world of animation,tex avery
walter: week four,alan taylor
walter: week seven,warren leight
walter: week three,norberto barba
walter: week two,hagai levi
walterio y yo,antonio del real
walther rathenau - untersuchung eines attentats,franz peter wirth
walton,logan leistikow
walton and slavin no. 1,william k.l. dickson
walton and slavin no. 2,william k.l. dickson
walton and slavin no. 3,william k.l. dickson
walton and slavin no. 4,william k.l. dickson
walton birthday concert,brian large
walton hall warrington,karl beattie
waltraud auf achse,michael zens
waltrauds krise,michael zens
waltz,álvaro ortega
waltz,rene auberjonois
waltz across texas,ernest day
waltz around the stefanstower,j.a. hübler-kahla
waltz around the world,bill hobin
waltz at noon,kôzaburô yoshimura
waltz dream,marc daniels
waltz for one,john merizalde
waltz for venus,shin'ichirô watanabe
waltz in a minor,pete chatmon
waltz into moonlight,adrian hume robinson
waltz me around,charley chase
waltz of death,don chaffey
waltz of the toreadors,john guillermin
waltz time,wilhelm thiele
waltz time,paul l. stein
waltz war,ludwig berger
waltz with bashir,ari folman
waltz with bashir,mat brunet
waltzes and tangos in the village of whitewater,ivan vladimirov
waltzing around,harry sweet
waltzing matilda,sven philipp pohl
waltzing matilda,simon wincer
waltzing matilda,pat hanna
waltzing matilda,anthony field
waltzing matilda,max morgan witts
waltzing matilda: the song that shaped a nation,jonathan king
waltzing sakamoto,ian gilmour
waltzing tilda,jonathan wilhelmsson
walverwandtschaften,renee kirschey
walvisvangst,ernest genval
walya,alexandra brodski
walz,martin walz
walz,esther niemeier
walzer,pina bausch
walzer,roberto giannarelli
walzer,daniel suljic
walzer,peter hey
walzer linksrum,paul may
walzerbahn,hans-joachim hildebrandt
walzerparadies,frederic zelnik
walzing mathilde,joseph orr
walzverhalten,erik haffner
wam bam thank you spaceman,william a. levey
wam: part 1,jeremy summers
wam: part 2,jeremy summers
wama,shady ishak
wamba a child of the jungle,colin campbell
wambini predicts,bruno bianchi
wambo,jo baier
wamego strikes back,joe martin
wamego strikes back,wesley holthaus
wamego: making movies anywhere,wesley holthaus
wamego: making movies anywhere,joe martin
wampir,maciej dejczer
wampir,maciej pieprzyca
wan bo peen part 1,antony szeto
wan bo peen part 2,antony szeto
wan e yin wei shou,shizeng xinma
wan hua tong,chiang ting
wan hua ying chun,ching doe
wan huo de ren,chung sun
wan issara,lachlan madsen
wan jie qing yuan,wui ng
wan jie yuan yang,wui ng
wan li zhui zong,wui ng
wan zai si tiao nu,bong luk
wan zi qian hong,bong luk
wana,mamoru hamatsu
wana ni kakatta koguma,hiroshi shidara
wana ni kakatta safaiya,osamu tezuka
wana no nioi,masahiro andô
wana no nioi,tensai okamura
wanbyeoghan domiyoli,na hong-jin
wanchun qingshi,yao-chi chen
wand dance pueblo indians,james h. white
wanda,barbara loden
wanda,volker vogeler
wanda,bruno gantillon
wanda,hans noever
wanda,dan beirne
wanda,hans noever
wanda curtis: orgasmic allure,ethan kane
wanda does transylvania,ken gibb
wanda means well,coby ruskin
wanda nevada,peter fonda
wanda on the dating game,terri mccoy
wanda on the dating game,rosie perez
wanda soldanieri,mario caserini
wanda sykes adam carolla annie murphy j.b. smoove,jonathan kimmel
wanda sykes: not normal,linda mendoza
wanda the sadistic hypnotist,brad jones
wanda the sinner,duilio coletti
wanda whips the dragon lady,ken gibb
wanda whips wall street,larry revene
wandalust,todd holland
wandas letzter gang,bernd böhlich
wandas paradies,christa maar
wandemudedenn,alexander peskador
wander,rosa friedrich
wander,connor o'hara
wander my friends,raz cunningham
wander over yonder,vincent quêne
wanderbread,edward berger
wanderdrachen,jonas bak
wanderer,florian guthknecht
wanderer,yeo-song moon
wanderer,federico casal
wanderer,gyu-hwan lee
wanderer,mark o'brien
wanderer,mark allen stuart
wanderer,sergei karandashov
wanderer from vilnius,krzysztof rogulski
wanderer im watt,kai wessel
wanderer of the wasteland,otho lovering
wanderer of the wasteland,edward killy
wanderer of the wasteland,wallace grissell
wanderer of the wasteland,irvin willat
wanderer with nimble knife,peng-yi chang
wanderers of the desert,nacer khemir
wanderers of the waistline,albert herman
wanderers of the west,robert f. hill
wandering,osamu yamasaki
wandering,liviu jipescu
wandering alien detective robin,lisa takeba
wandering bird,robert quigley
wandering clouds,mori masaki
wandering clouds,julián hernández
wandering daughters,james young
wandering days for after the festival,eiichi kudô
wandering fantasies,skye blue
wandering fires,maurice campbell
wandering folk,otis turner
wandering footsteps,phil rosen
wandering ginza butterfly 2: she-cat gambler,kazuhiko yamaguchi
wandering girls,ralph ince
wandering heroes,yen-ping chu
wandering husbands,william beaudine
wandering jews,vasilis georgiadis
wandering left,steve conrad
wandering lives,juan antonio de la riva
wandering lovers: dizziness,masaru konuma
wandering mind,theodore martland
wandering one,les chatfield
wandering papas,stan laurel
wandering peddlers,mitsuo yanagimachi
wandering roots,andres puustusmaa
wandering sagittarius,georgiy shengeliya
wandering seagull: night in kushiro,shôgorô nishimura
wandering shadows,ciro guerra
wandering skis,warren miller
wandering soul,josh tanner
wandering soul,k.r. mohanan
wandering soul,dhundiraj govind phalke
wandering star,eugene lee yang
wandering stars,vsevolod shilovskiy
wandering stars,grigori gritscher-tscherikower
wandering streams,pascal rabaté
wandering too,les chatfield
wandering waistlines,ralph ceder
wandering willies,del lord
wandering: dear...,tetsurô araki
wanderkrebs,herbert achternbusch
wanderland,josh klausner
wanderlea - jovem guarda,tatiana issa
wanderlei silva,justin isaac ward
wanderlei silva x artur mariano,gustavo mello
wanderlove,fletcher fist
wanderlust,jim enright
wanderlust,zelimir zilnik
wanderlust,david askey
wanderlust,david wain
wanderlust,stormy daniels
wanderlust,robert pulcini
wanderlust,dan nastro
wanderlust,j.j. michaels
wanderlust,david hugh jones
wanderlust,robert c. bruce
wanderlust,shari springer berman
wanderlust,nick cohen
wanderlust,joseph henabery
wandern,ted sieger
wandern,michael ekbladh
wanderparadies rothaarsteig im sauerland,peter schönhofer
wanderratten,max mack
wandertag,rainer soehnlein
wandertag,boris kunz
wanderung in den tod,jakob schäuffelen
wandlitz.tokyo,andre hörmann
wane zhi fu,nam hoi sap-sam long
wanessa camargo: transparente - ao vivo,marlene mattos
wang bao chuan,kea tso
wang dang,tom noonan
wang dang that sweet poon tang,stoney curtis
wang feng pao yu,pei-cheng chang
wang fu shan xia,pingqian li
wang hai de mu qin,yang-ming tsai
wang hun gu,chun yen
wang lao wu zhi lian,chengshou su
wang mao,xiao-xi zhao
wang ming ba jie,li kao
wang ming sha xing,hung-min chen
wang ming tu,tseng-chai chang
wang qin mou qin,chun shih
wang shi si xia,dongshan shi
wang shi si xia,yuanlong wang
wang shi zhi neng hui wei,chia-chang liu
wang xifeng,feng yueh
wang you cao,ching-jui pai
wang zi cheng long,yang-ming tsai
wangan ni kieta onna,genji nakamura
wangbu,toto natividad
wanggwa sangno,im kwon-taek
wanha suola,pekka ruohoranta
wanha toweri,kari väänänen
wanhoop en geluk,hans de korte
wani to oum to ottosei,shigeyuki yamane
wania tartakoff russisk solodanser,peter elfelt
waning minutes,amanda tapping
waning moon,luca colombo
waning solstice,shane will
wanita cosmos,diffan sina norman
wanita dalam gairah,h. tjut djalil
wanita tetap wanita,irwansyah
wanita tetap wanita,reza rahadian
wanja,carolina hellsgård
wank parties plus from prague 10,william higgins
wank parties plus from prague 13,william higgins
wank parties plus from prague 3,william higgins
wank parties plus from prague 6,william higgins
wank parties plus from prague 7,william higgins
wank parties plus from prague 8,william higgins
wank parties plus from prague vol. 14,william higgins
wank parties plus from prague vol. 15,william higgins
wank parties plus from prague vol. 16,william higgins
wank parties plus from prague vol. 17,william higgins
wank parties plus from prague vol. 18,william higgins
wank parties plus from prague vol. 19,william higgins
wank parties plus from prague vol. 22,william higgins
wank parties plus from prague vol. 23,william higgins
wank parties plus from prague vol. 24,william higgins
wank parties plus from prague vol. 25,william higgins
wank parties plus from prague vol. 26,william higgins
wanking in the dorm room,daniel zhao
wann wenn nicht jetzt,michael juncker
wann wird es endlich wieder sommer,harald vock
wanna be,christina ebelt
wanna be startin somethin,bentley kyle evans
wanna be the strongest in the world,brian zane
wanna woo,lee cipolla
wannabe,jon avnet
wannabe,marco calabrese
wannabe,matthew manson
wannabe,laurie lynd
wannabe,frances bathory
wannabe,frederick king keller
wannabe,jannis lenz
wannabe,jason sands
wannabee,nick thomas-webster
wannabees,dimitris marcantonatos
wannabes,brandon c. rodegeb
wannabes,william demeo
wanneer de zon onder gaat,koen kerkhofs
wannsee to potsdam,george albert smith
wanpaku gaeru ga yatte kita,hiroshi sasagawa
wanpaku nirusu,hisayuki toriumi
wansei back home,ming-cheng huang
wansford,ron downing
want,john a. gallagher
want,clement virgo
want,jeff stewart
want,dean gonzales
want,steven karageanes
want ad wedding,william a. seiter
want allen hebben gezondigd,antoine carette
want allen hebben gezondigd,paul berkenman
want allen hebben gezondigd,raymond cogen
want it now,steve cruz
want me,james branscome
want to stay alive,claude bernard-aubert
want u back,todd nathanson
wanted,benjamin lemenager
wanted,tristram shapeero
wanted,harald sicheritz
wanted,stormy daniels
wanted,timur bekmambetov
wanted,murali nagavally
wanted,lasha dardagany
wanted,aleksey alekseev
wanted,ray butt
wanted,prabhu deva
wanted,bentley mitchum
wanted,b.v.s. ravi
wanted,chet thomas
wanted,virgil e. hammond iii
wanted,chris o'donnell
wanted,michael hayes
wanted,eagle egilsson
wanted,kôichi mashimo
wanted,eddy martin
wanted,milla moilanen
wanted,john peyser
wanted,steve scott
wanted,leslie h. martinson
wanted,lukas colombo
wanted,yen tan
wanted,nisar ahmad ansari
wanted,marianne jean-baptiste
wanted,giorgio ferroni
wanted -- a master,arthur j. ornitz
wanted -- a master,gunther von fritsch
wanted - a bad man,oliver hardy
wanted - a good home,christopher hodson
wanted - dead or alive,lawrence doheny
wanted (dead or alive) man,junji nishimura
wanted a bath chair attendant,h.o. martinek
wanted a boy,thomas bentley
wanted a bride,slim summerville
wanted a child,d.w. griffith
wanted a house,lee beggs
wanted a husband,alf collins
wanted a mummy,a.e. coleby
wanted a nurse,sidney drew
wanted a sister,james young
wanted a story,mason n. litson
wanted a strong hand,van dyke brooke
wanted a wife,percy nash
wanted an elevator,c.l. chester
wanted at all cost,lancelot oduwa imasuen
wanted at headquarters,stuart paton
wanted by scotland yard,norman lee
wanted by the epitaph,james goldstone
wanted by the law,robert n. bradbury
wanted by the police,howard bretherton
wanted dead and alive,paul krasny
wanted dead or alive - bon jovi - cover by frenchsaba ep 59,saba
wanted field marshals for the gorgonzola army,h.o. martinek
wanted for murder,lawrence huntington
wanted for murder,frank hall crane
wanted for the murder of cheyenne bodie,paul landres
wanted guns,björn larsson
wanted johnny texas,emimmo salvi
wanted justice: johnnie mae chappell,keith beauchamp
wanted man,james l. conway
wanted man,peter weller
wanted mans,jim field smith
wanted osama ass-a-hola,vince benedetti
wanted perfect murder,boots plata
wanted ringo,mario pinzauti
wanted sabata,roberto mauri
wanted... a chaperone,eddie lyons
wanted: a brother,robert ensminger
wanted: a coward,roy clements
wanted: a home,lois weber
wanted: a home,phillips smalley
wanted: a husband,lawrence c. windom
wanted: a husband,al christie
wanted: a leading lady,al christie
wanted: a man,ivars seleckis
wanted: a mother,harley knoles
wanted: a nice young man,david aylott
wanted: a piano tuner,allen curtis
wanted: a plumber,pat hartigan
wanted: alive,r.g. springsteen
wanted: alive please,eddie davis
wanted: an heir,marshall neilan
wanted: babysitter,rené clément
wanted: bebop and rocksteady,ciro nieli
wanted: billy the kid,jack deveau
wanted: border,ray gibraltar
wanted: cheddar alive,don lusk
wanted: cheddar alive,arthur davis
wanted: cheddar alive,oscar dufau
wanted: dead,william conrad
wanted: dead and only,robert l. friend
wanted: dead or alive,gary sherman
wanted: dead or alive,thomas carr
wanted: dead or alive,bethany rooney
wanted: fred or alive,gus trikonis
wanted: jim hardie,sidney salkow
wanted: johnny l,gerardo de leon
wanted: johnny l,cesar amigo
wanted: johnny l,cirio h. santiago
wanted: johnny l,eddie romero
wanted: no master,milt gross
wanted: one egg,dave o'brien
wanted: one fire,josephine douglas
wanted: one husband,linda day
wanted: perfect mother,lino brocka
wanted: perfect mother,ike jarlego jr.
wanted: single gentleman,john gorrie
wanted: someone innocent,robert ellis miller
wanted: the lone ranger,oscar rudolph
wanted: the perfect guy,catlin adams
wanted: the sundance woman,lee philips
wanting and getting,david mackenzie
wanting more music video,rod lopez
wanting them to understand,thomas sanders
wanting things,julian pringle
wanting to take revenge for eva joel gets his hands on val,frasco mortiz
wanton bates,chan walrus
wanton mee,eric khoo
wanton sinner,todd hughes
wantrouwen,ron termaat
wants and needs,geoffrey nottage
wanwan soudou,yûgo serikawa
wanwan soudou,tomoharu katsumata
wanzen,hermann leitner
wanzenjagd,horst flick
wanzerbe,jean rouch
wap,emmeline kim
wap wap wapedoewap,dennis bots
wapas,hemchandra chunder
wapas,satyen bose
wapas chalo,muzaffar ali
wapienna street,grzegorz pacek
wapper,todd hughes
waqt,yash chopra
waqt hamara hai,bharat rangachary
waqt ki deewar,ravi tandon
waqt se pehle,govind saraiya
waqt: the race against time,vipul amrutlal shah
war,melchior zwyer
war,pieter van hees
war,siddharth anand
war,james bobin
war,giuseppe laganà
war,corey yuen
war,keith washington
war,danny jamieson
war,charles officer
war,peter brook
war,murat akser
war,dennis dimster
war,norberto barba
war,paul mitchell
war,seth chitwood
war,danielle cole
war,p. david ebersole
war,susanna helke
war,jorge dorado
war,virpi suutari
war,george d. baker
war,jake mahaffy
war,bob spiers
war,rené bonnière
war,bryan goeres
war,peter chung
war,j. garett sheldrew
war,francis ford
war,lee lochhead
war,luiso berdejo
war,derek bennett
war,aleksey balabanov
war,michael mcgowan
war,paolo sassanelli
war,michael dowse
war,frederick king keller
war,jeremy lia
war against san diego,fred jackman jr.
war against stones,andreas teuchert
war against the indians,harry rasky
war against war,don taylor
war and crime,georg fenady
war and escape,kazuyoshi katayama
war and guitar,cannur daskiran
war and humanity,shin sang-ok
war and love,moshé mizrahi
war and love and the whole damned thing,russ mayberry
war and love in kabul,helga reidemeister
war and order,charles hasse
war and peace,pyotr chardynin
war and peace,olivia lichtenstein
war and peace,silvio narizzano
war and peace,alexander kluge
war and peace,harrison engle
war and peace,sean albert
war and peace,brian grant
war and peace,anand patwardhan
war and peace,yakov protazanov
war and peace,peter werner
war and peace,volker schlöndorff
war and peace,stefan aust
war and peace,king vidor
war and peace,norman buckley
war and peace,will mackenzie
war and peace,vladimir gardin
war and peace,mike barker
war and peace,sergey bondarchuk
war and peace,axel engstfeld
war and peace,dwight adair
war and peace,kirk browning
war and peace,humphrey burton
war and peace in vesoul,elia suleiman
war and peace in vesoul,amos gitai
war and peace of mind,ari matikainen
war and peace on the range,don medford
war and peace part i: andrei bolkonsky,sergey bondarchuk
war and peace part ii: natasha rostova,sergey bondarchuk
war and peace part iii: the year 1812,sergey bondarchuk
war and peace part iv: pierre bezukhov,sergey bondarchuk
war and peace: part 1,james a. contner
war and peace: part 2,kevin inch
war and peaceville,todd kauffman
war and pieces,r.j. cutler
war and pieces,arthur davis
war and pieces,chuck jones
war and pizza,linda mendoza
war and the woman,ernest c. warde
war and youth,tadashi imai
war arrow,george sherman
war arrow,robert totten
war artist,michael houldey
war at a distance,harun farocki
war at home,ray c. smallwood
war at sea: the black pit,brian mckenna
war at sea: u-boats in the st. lawrence,brian mckenna
war babies,scott sternberg
war babies,charles lamont
war below zero,peter flinth
war between fortalejo and de silva ignites,rory b. quintos
war between the bradfords,harry harris
war between the planets,antonio margheriti
war birds,michael b. chait
war book,tom harper
war bride,kevin sorbo
war bride,lyndon chubbuck
war bride,paul terry
war bride,harry bailey
war brides,martin lavut
war brides,herbert brenon
war buddy,rob cohen
war bus,ferdinando baldi
war cartoons by hy mayer,henry 'hy' mayer
war cat,brent primus
war child,michael davie
war children,erja dammert
war chronicles,dmitriy babichenko
war clips,ivan faktor
war cloud,joseph kane
war co-respondent,mike farrell
war correspondent,christian nyby
war correspondent,kostadin bonev
war correspondent,paul sloane
war correspondent,pavel ignatov
war correspondents,william 'daddy' paley
war cries,duwayne dunham
war cries,james hanlon
war crimes,michael g. thomas
war crimes,nick s. thomas
war crimes of collaborators,france stiglic
war cry,julian higgins
war cry,karl kases
war dance for wooden indians,josef berne
war dawn,bob kirk
war dawn,al kouzel
war dawn,bob matz
war days,jambareeqi
war department report,oliver lundquist
war diary,michael davie
war dog,daniel hübenbecher
war dog,lesley selander
war dog,dean cundey
war dog,brent primus
war dog,björn carlström
war dogs,s. roy luby
war dogs,todd phillips
war dogs,joseph barbera
war dogs,william hanna
war dogs of the pacific,harris done
war drums,reginald le borg
war feathers,robert f. mcgowan
war feathers,robert a. mcgowan
war for awesometron,arin hanson
war for harmagedon,zdravko mustac
war for keyboard warriors,lam can-zhao
war for love,sakhat dursunov
war for peace,yevhen titarenko
war for planet of the apes - 2nd trailer reaction,vera wylde
war for the planet of the apes,matt reeves
war for the planet of the apes,mathew buck
war for the planet of the apes,torey gerace
war for the planet of the apes - tamara just saw,tamara chambers
war for the planet of the apes review - does it stick the landing,vera wylde
war for war,ifeanyi ikpoenyi
war for war 2,ifeanyi ikpoenyi
war front,john eldridge
war game,martyn friend
war games,charles crichton
war games,allan eastman
war games,al de caprio
war games,robert iscove
war games,giles foster
war games,claudio risi
war games,rick hill
war games,richard benedict
war games,thomas carter
war games,lee madden
war games,michael caffey
war games,dariusz jablonski
war games,rod hardy
war gardens,gregory la cava
war gardens,al christie
war god,hung-min chen
war goddess,terence young
war gods of babylon,silvio amadio
war grooms,mark clem
war head - humanoid secret,kôtarô tamura
war hero,lesley selander
war hero,doug rao
war hero,john rawlins
war hero,marshall grant
war heroes,benjamin nichols
war horse,steven spielberg
war horse,george b. seitz jr.
war horse,brian op de dijk
war horse,marianne elliott
war hunt,denis sanders
war in europe,john williams
war in heaven,david wagner
war in the air,zoya fomina
war in the arctic,leonid kristi
war in the falklands,michael beckham
war in the highlands,francis reusser
war in the land of egypt,salah abouseif
war in the space playground,hiroshi sasagawa
war in the space playground,hisayuki toriumi
war in turkey,émile cohl
war inc.,j. miller tobin
war inc.,joshua seftel
war investment seminar,alan gorg
war is a contact sport,stephen caffrey
war is all hell,ken burns
war is heck,gerren keith
war is heck,sandy johnson
war is hell,ethyle batley
war is hell,robert nelson
war is hell,alfred machin
war is hell,burt topper
war is menstrual envy,nick zedd
war is real,robin jacob
war is the h-word,rich moore
war is the h-word,bret haaland
war is the h-word,ron hughart
war italian style,hollingsworth morse
war italian style,luigi scattini
war lance and saber,norman foster
war live,darko bajic
war lover,jim johnston
war machine,dan oliver
war machine at the office,sam macaroni
war magician,colin trevorrow
war mamas,marshall neilan
war memorial,douglas taurel
war never changes,nash bozard
war nurse,edgar selwyn
war of 20 years,paul l. smith
war of art,todd babcock
war of attrition,manuel huerga
war of blackmail or the dream factory. part 2.,mikhail tumanishvili
war of blackmails or the dream factory. part 1.,mikhail tumanishvili
war of god,paddy russell
war of heaven,tim russ
war of illusions,earl bellamy
war of independence,paul mitchell
war of love,filip bajon
war of nerves,sydney pollack
war of nerves,alan alda
war of nerves,richard c. sarafian
war of nerves,rowe wallerstein
war of our children,clint mouriño
war of the arrows,kim han-min
war of the buttons,yann samuell
war of the buttons,christophe barratier
war of the buttons,yves robert
war of the cattle range,francis ford
war of the colossal beast,bert i. gordon
war of the colossal beast,jim mallon
war of the commercials,doug walker
war of the coprophages,kim manners
war of the cossacks,giovanni vitrotti
war of the dead,marko mäkilaakso
war of the dopes,alan rafkin
war of the empires: all in the mind,vic hughes
war of the empires: close encounter,vic hughes
war of the empires: standing alone,vic hughes
war of the fat italians 2011,luke lerdwichagul
war of the fat italians 2012,luke lerdwichagul
war of the fat italians 2013,luke lerdwichagul
war of the girls,seymore butts
war of the gods,brian moser
war of the gods,daniel haller
war of the gods,jennifer abbott
war of the gods: part ii,daniel haller
war of the hotels,charles barton
war of the noodles,lane lueras
war of the noses,ken harrison
war of the pastries,emilio gómez muriel
war of the pastries,rené cardona
war of the planets,ernie fosselius
war of the planets,joseph m. newman
war of the planets,alfonso brescia
war of the planets (2016 version),ernie fosselius
war of the range,j.p. mcgowan
war of the robots,sobey martin
war of the roses,graham sherrington
war of the roses,joseph depew
war of the roses,dave powers
war of the roses,richard correll
war of the satellites,roger corman
war of the servers,robert stoneman
war of the silver kings,budd boetticher
war of the under world,herman yau
war of the wagners,adam davidson
war of the weirds,larry latham
war of the whale boats,samuel gallu
war of the wizards,brad jones
war of the wonks,arthur allan seidelman
war of the words,sheldon epps
war of the words,ellen gittelsohn
war of the worlds,brendan colthurst
war of the worlds,david michael latt
war of the worlds,steven spielberg
war of the worlds,richard speight jr.
war of the worlds,adam koralik
war of the worlds,sam weisman
war of the worlds 2: the ending of world war,jim wynorski
war of the worlds 2: the next wave,c. thomas howell
war of the worlds ii,geoffrey nottage
war of the worlds the true story,timothy hines
war of the zombies,giuseppe vari
war on a rooftop,e.w. swackhamer
war on christmas,gwydhar gebien
war on everyone,mathew buck
war on everyone,john michael mcdonagh
war on porn,david wechter
war on terror,laurie lynd
war on the other bank,xin lee
war on the plains,thomas h. ince
war on three fronts,frank e. kleinschmidt
war on trial,david bradbury
war on wheels,daniel haller
war on whistleblowers: free press and the national security state,robert greenwald
war paint,w.s. van dyke
war paint,lesley selander
war paint,paul landres
war paint,j.c. doler
war paint,nat luurtsema
war party,andrew dominik
war party,joseph kane
war party,franc roddam
war party,lesley selander
war path,casey de fremery
war photographer,christian frei
war photographer,boris b. bertram
war pigs,ryan little
war raiders,mark polonia
war relief,marshall neilan
war relief unit,katsuhito akiyama
war relief: part 1,rachel talalay
war relief: part 2,rachel talalay
war requiem,andrew baird
war requiem,derek jarman
war room,alex kendrick
war room,brad jones
war sign,george waggner
war song,john peyser
war songs,lawrence brose
war songs,bimbi harris
war stories,james a. contner
war stories,don scardino
war stories,greg beeman
war stories,rob lindsay
war stories,michael lembeck
war stories,jay sandrich
war stories,jay sandrich
war story,peter lord
war story,john baumgartner
war takes a holiday,bruce bilson
war time falcon,giacomo arrigoni
war times at the zoo,raymond l. ditmars
war torn,jeremy guy
war trail,joseph kane
war usa,mike j daugherity
war was better,milan babic
war whores,robert black
war witch,kim nguyen
war with the nighthawkers,george waggner
war without end,sanford bookstaver
war without end: part one,michael vejar
war without end: part two,michael vejar
war without weapons,noboru ishiguro
war without winners,haskell wexler
war wohl mord,guido pieters
war wolves,michael worth
war work 8 songs with film,michael nyman
war zone,michael preece
war zone,bob bralver
war zone,janet greek
war: all-out war,hiroshi hamasaki
war: the longest struggle,john sheppard
warabe: doll,kazuki akane
warabeuta,hiroshi hamasaki
warabi no kou,hideo onchi
warae wakamono,hôtei nomura
warae yamaotoko,noburô ôfuji
waraqat shafrah,amir ramses
warau iemon,yukio ninagawa
warau kyotou,takayuki takuma
warawanai machi,hiroshi kôjina
warbirds,ulli lommel
warbirds air display,norman j. warren
warbonnet,arthur h. nadel
warchild,christian wagner
warclouds in the pacific,stuart legg
warcraft,mathew buck
warcraft,duncan jones
warcraft trailer review,vera wylde
warcraft: carnal quest,anastasia pierce
warcraft: the madame tussauds experience,matthew field
ward 16,yanfu yu
ward 54,monica maggioni
ward 72,erdogan tokatli
ward 8,rob schrab
ward 8: the past the present the future,kirk fraser
ward anderson live at the empire,marc morgenstern
ward eight,andrew edmark
ward have mercy,matt shakman
ward is hell,burt metcalfe
ward no. 6: part 1,shyam benegal
ward no. 7,p. venu
ward no. six,harvey hart
ward number six,ian macnaughton
ward of court,robin nash
ward of court,william g. stewart
ward of court,bill stewart
ward of the golden gate,frank wisbar
ward six,lucian pintilie
ward three: four p.m. to midnight,paul bogart
ward with judy waiting for the book signing,hatem ali
wardat,ravikant nagaich
warden for man and beast,john florea
warden gordon borden,james burrows
warden in the bear pit,r.g. springsteen
warden of red rock,stephen gyllenhaal
warden of the dead,ilian simeonov
wardog,zebediah de soto
wardogs,george mendeluk
wardogs,peter segal
wardrobe,vishnu mathur
wardrobe full of tight sweaters,jillian armenante
wardrobe girl,roy mack
wardrobe malfunction,douglas tyler
wardrobe malfunction,nance nickels
wardrobe woman wins free trip to hawaii,ralph levy
ware,wander andringa
ware auf bestellung,kai borsche
ware aus fernost,kai borsche
ware maboroshi no sakana o mitari,daisuke itô
ware ni utsu yoi ari,kôji wakamatsu
ware vrienden,ron termaat
warehouse,theodore martland
warehouse,joe massa
warehouse,joe shapiro
warehouse 36,edward martin iii
warehouse fists,tony buff
warehouse incident,phil karlson
warehouse wenches,henri pachard
warehouse wenches 2,henri pachard
warehoused,vincent vittorio
warenar,françois beukelaers
warenar,ton lutz
warenhaus,rudi carrell
warenhaus,dieter pröttel
warera hakai no tame de naku,john swasey
warera no shuyaku,hiroshi teshigahara
warera no wakaki hi,kensaku suzuki
wareware wa warawaretai uketara ureshii soredakeya,yûichi kimura
warfare,ben mole
warfare encounter,mamoru oshii
warfare in the skies,frederick a. thomson
warforce: battle squad - elite,russell barrett
warfreak,cesar montano
warfreak,toto natividad
wargames,dean israelite
wargames,donald richie
wargames,john badham
wargames: the dead code,stuart gillard
warhammer 40k killteam,joe vargas
warhammer 40k special,pauli janhunen calderón
warhammer 40k: gladius,joe vargas
warhawk: the red mercury missions,gary young
warhead,baz taylor
warhead,john t. kretchmer
warhead,mark roper
warheads,romuald karmakar
warhorse,john reardon
wariacje enigmatyczne,mariusz front
wariacje tischnerowskie. kabaret filozoficzny,artur wiecek
wariackie papiery,maciej strzembosz
waring goes private,susan belbin
wario land: super mario land 3,hiroji kiyotake
warioware,sean becker
waris,nitin bose
waris shah: ishq daa waaris,manoj punj
warisover,carlos andrés morelli
warkill,ferde grofé jr.
warless day,hamed mohammadi
warlock,dave merson hess
warlock,edward dmytryk
warlock,peter hammond
warlock,steve miner
warlock of nu theta phi,bruce pittman
warlock: the armageddon,anthony hickox
warlord,jon cassar
warlord,viktors ritelis
warlord of the sky,oscar dufau
warlord of the sky,rudy zamora
warlord of the sky,ray patterson
warlord of the sky,don lusk
warlords,fred olen ray
warlords from hell,clark henderson
warlords of the deep,kevin connor
warlords of the golden triangle,adrian cowell
warlus: grondement du monde,pascal degrune
warm aanbevolen,kris betz
warm abgetragen,harald sicheritz
warm and cosy,ivor wood
warm and dead,alik sakharov
warm and fuzzies,stephen falk
warm and fuzzies,todd robert anderson
warm anziehen,rupert henning
warm bodies,benjamin daniel
warm bodies,jamaal stone
warm bodies,jonathan levine
warm bodies and movie 43,mike stoklasa
warm broth,luther price
warm case,alan seawright
warm champagne,susan belbin
warm clay,don richardson
warm feet warm heart,james gatward
warm gun,mike soccio
warm heart cold nose,dick moder
warm hearts cold feet,james frawley
warm human magic,madeline zima
warm it,david askey
warm it was that winter,bae chang-ho
warm night of betrayal,shigeyasu yamauchi
warm nights and hot pleasures,joseph w. sarno
warm nights on a slow moving train,bob ellis
warm november,valentin goshev
warm silky,anthony cruze
warm springs,steve shill
warm springs,joseph sargent
warm summer rain,joe gayton
warm water under a red bridge,shôhei imamura
warm welcome,miles long
warme kraan koude douche,hymke de vries
warme truiendag,kaj driessen
warme worte,andreas morell
warmer,richard heller
warmia,zbigniew kuzminski
warming up,bruce best
warming up,fred c. newmeyer
warming up,dave heather
warmonger,bruno gantillon
warmth,mike schaerer
warmwatervissen,bavo dhooge
warn london,t. hayes hunter
warn that man,lawrence huntington
warn the world about mike,herschel daugherty
warna,adrian brine
warnbotschaft,johannes grenzfurthner
warned in advance,ford beebe
warned off,walter west
warner bros. 75th anniversary: no guts no glory,richard goldstone
warner bros. cartoons golden jubilee 24 karat collection - daffy duck: the nuttiness continues...,chuck jones
warner bros. museum tour - part 1,steve czarnecki
warner bros. museum tour - part 2,steve czarnecki
warner bros. museum tour - part 3,steve czarnecki
warner bros. sports parade: just for sports,andré de la varre
warning,k.s. nageswara rao
warning,fedor limperg
warning from a lady,clarke tait
warning label,giovanni capitello
warning notice,thomas sanders
warning of danger,erik vilhelm
warning part 1,ken cole
warning part 2,ken cole
warning red,nicholas webster
warning shot,buzz kulik
warning shots,shaun sutton
warning sign,hal barwood
warning signal,dafydd gruffydd
warning signs,spencer maybee
warning signs: part 1,leigh spence
warning signs: part 2,leigh spence
warning to travellers,john waterhouse
warning to wantons,donald wilson
warning triangle,virgil widrich
warning: a double-lit candle can cause a meltdown,malcolm-jamal warner
warning: all wives,arnold laven
warning: food may be hazardous to your health,aram boyajian
warning: i may be hazardous to your health,alf kjellin
warning: live blueberries,vincent mceveety
warning: no trespassing,ron nix
warning: parental advisory,mark waters
warning: this drug may kill you,perri peltz
warning: warning,jeff schweikart
warnings,kim fields
warnings,sean-michael smith
warnings,brian parker
warnings,seth chitwood
warnschuss,gunter friedrich
warnzeichen,oliver muth
warok singo kobra,nawi ismail
warp and weft,geoffrey sax
warp records: i smell quality,david slade
warp sonic,dick sebast
warp to another dimension,mark fischbach
warp tour,ian jones-quartey
warp vision: the videos 1989-2004,laurent briet
warp vision: the videos 1989-2004,jarvis cocker
warpaint,jonah quickmire pettigrew
warpaint,william wedig
warpath,stuart heisler
warpath,frank mcdonald
warpath,josh becker
warpath,byron haskin
warpath,lennie mayne
warpath,james frawley
warpaths,grant harvey
warped,phillip jordan brooks
warped boxes,johnny k. wu
warped relationship,kôji wakamatsu
warped wednesday 2007,melissa fornabaio
warrant,pramod chakravorty
warrant,kedar kapoor
warrant for a phoenix,jim goddard
warrant for arrest,hollingsworth morse
warrant for death,richard l. bare
warrant officer papparelli,al de caprio
warrant officer papparelli,aaron ruben
warrant peace,michael katleman
warranties,james rolfe
warren,eric martinez
warren,alex beh
warren and the married woman,ted bessell
warren barton,tegan summer
warren beatty,franklin heller
warren budd and his propeller plane,jackson adams
warren christopher dan millman,joel bailey
warren eats king cake,warren mitchell
warren gets a call,warren mitchell
warren goes bowling,warren mitchell
warren goes to the supermarket,warren mitchell
warren has company over,warren mitchell
warren learns to fly,howard storm
warren meets the b.r. beast,warren mitchell
warren meets the crimson jester,warren mitchell
warren piece,scott baio
warren simons zack hoffman and squarepainter,paul sanders
warren sucks at basketball,warren mitchell
warren tells the night before christmas,warren mitchell
warren waits for the bus,warren mitchell
warren watches a bad movie,warren mitchell
warren watches a date movie,warren mitchell
warren: the final days,ted bessell
warrendale,allan king
warring factions,jeremy wooding
warrior,jamie dolan
warrior,phillip noyce
warrior,allison mack
warrior,tetsurô araki
warrior,gavin o'connor
warrior,martha coolidge
warrior,kenneth biller
warrior and the demon,john carpenter
warrior blood,david cartwright
warrior brood,graham morris
warrior champions,brent renaud
warrior for christ,branden j. stanley
warrior gap,alan james
warrior of darkness hebitsukai metal,takayuki shibasaki
warrior of light,monika treut
warrior of peace,terence nightingall
warrior of the lost world,trace beaulieu
warrior of the resistance,anthony tortorici
warrior of the resistance,kinji yoshimoto
warrior of the sun,hiroshi sasagawa
warrior of the sun,hisayuki toriumi
warrior of the wind,tai katô
warrior people are not panther people,bruce mcdonald
warrior priests,ron newcomb
warrior queen,chuck vincent
warrior ring,ziad touma
warrior showdown,tj cencula
warrior stock,oliver driver
warrior woman,adrian carr
warrior women,yang-ming tsai
warrior women of amazonia,william hanna
warrior women of amazonia,joseph barbera
warrior... priestess... tramp,robert ginty
warrior... princess... tramp,josh becker
warriors,david soul
warriors,regina king
warriors,joão fernandes
warriors,danny bilson
warriors,martin campbell
warriors,oz scott
warriors,daniel calparsoro
warriors,eric martinez
warriors,terry green
warriors,shimon dotan
warriors,mijke de jong
warriors,peter weller
warriors five,george gonneau
warriors five,leopoldo savona
warriors in the field,isamu imakake
warriors in the field,gisaburô sugii
warriors of heaven and earth,ping he
warriors of joy,harrod blank
warriors of kung fu,godfrey ho
warriors of the apocalypse,bobby a. suarez
warriors of the deep: part four,pennant roberts
warriors of the deep: part one,pennant roberts
warriors of the deep: part three,pennant roberts
warriors of the deep: part two,pennant roberts
warriors of the discotheque: the feature length starck club documentary,joseph f. alexandre
warriors of the discotheque: the starck club documentary short version,joseph f. alexandre
warriors of the wasteland,enzo g. castellari
warriors of the wind,emer prevost
warriors of virtue,ronny yu
warriors of virtue,doug walker
warriors of virtue: the return to tao,michael vickerman
warriors two,sammo kam-bo hung
warriors: gaza,eszter cseke
warriors: gaza,andrás s. takács
warriors: jewish settlers,andrás s. takács
warriors: jewish settlers,eszter cseke
warriors: legends of troy,mario azzopardi
warriors: love commandos,eszter cseke
warriors: love commandos,andrás s. takács
warriors: tibetan self-immolations,andrás s. takács
warriors: tibetan self-immolations,eszter cseke
warrk warrk,tommy lewis
wars,josef dabernig
wars and treasure,hossein shahabi
wars are started by losers,aleksandr mokhov
wars are started by losers,aleksandr mokhov
wars are started by losers,aleksandr mokhov
wars are started by losers,aleksandr mokhov
wars erupt between rikitik and joaquin and donya digna and juanita,jeffrey jeturian
wars of da earth,david firth
warsaw,dariusz gajewski
warsaw,kazimierz kutz
warsaw,jan lomnicki
warsaw - then and now,ryan socash
warsaw 44,jan komasa
warsaw available,karolina bielawska
warsaw battle 1920 in 3d,hanna polak
warsaw by night,natalia koryncka-gruz
warsaw dark,christopher doyle
warsaw rebuilds,eugeniusz cekalski
warsaw rebuilds,stanislaw urbanowicz
warsaw uprising,jan komasa
warschau-express,thomas grube
warschauer konzert,ursula bonhoff
warschauer leben,alfred jungraithmayr
warshots,heiner stadler
warstar - der film,christian witte
warstar 2035: kampf um die erde,christian witte
warstar 3 - auftrag: tel aegir,christian witte
warszawa,marta zygadlo
warszawa,jakub mazurek
warszawa,andrzej strzelecki
warszawa,jan hryniak
warszawa (2012),roozbeh behtaji
warszawa 1956,jerzy bossak
warszawa 1956,jaroslaw brzozowski
warszawa jerzego zaruby,jerzy kaden
warszawa walczy 1939-1945. 63 dni powstania warszawskiego,andrzej e. androchowicz
warszawa. dokumenty walki zniszczenia odbudowy,ludwik perski
warszawiak,andrzej chrzanowski
warszawka,aleksander hertz
warszawska premiera,jan rybkowski
warszawska syrena,tadeusz makarczynski
warszawskie golebie,henryk bielski
wartabi,tomasz konecki
wartburg,david borbas
wartburg,leo van der goot
wartburg movie show,ondrej trojan
warte bis es dunkel ist,heidi kranz
warteliste,klaus wirbitzky
warten,paul harather
warten auf beethoven,roland schraut
warten auf den vater,mieczyslaw lewandowski
warten auf dodo,rolf von sydow
warten auf ein wunder,gordon flemyng
warten auf godot,rolf hädrich
warten auf godot,george tabori
warten auf godot,samuel beckett
warten auf gosslar,karin hercher
warten auf ioannina,claus peter witt
warten auf liberty,lothar bellag
warten auf morgen,selon fischer
warten auf niveau,sammy drechsel
warten bis der letzte von uns da ist,gisela tuchtenhagen
warten bis lili kommt,rainer boldt
warten bis lilli kommt,rainer boldt
warten hoffen trauern,kadir sözen
warten und bangen,frank hein
warten warten warten - patient gesundheitswesen,kurt langbein
warteschleife,christine kabisch
warteschleifen,rolf von sydow
wartime,jason bateman
wartime,umberto lenzi
wartime,keith barnfather
wartime,dan fraga
wartime romance,pyotr todorovskiy
wartime rosies,kevin r. hershberger
wartime weekend,ben robinson
wartorn: 1861-2010,jon alpert
warts and all,ken mitchroney
warts and all,chris bernard
warts and all,mark stuart
waru,renae maihi
waru,takashi miike
waru: joshou,kei nakata
waru: joshou 2,kei nakata
waru: kanketsu-hen,takashi miike
warui yume,keiji gotô
warui yume,kazuki akane
warum bin ich der verlobte meiner tochter,margarete lindau-schulz
warum die grete p. unterging,hermann leitner
warum die schotten so kariert sind,heinz liesendahl
warum die ufos unseren salat klauen,hans jürgen pohland
warum hans wagner den sternenhimmel hasst,lars henriks
warum hast du so traurige augen - geschichten aus einem tango-lokal,tom toelle
warum helmut eines tages aussteigen wollte - signale der auflehnung,horst königstein
warum ich dich liebe,vojtech jasný
warum ich...,ursula bonhoff
warum nicht potsdam,werner masten
warum sich die erde dreht,heinz liesendahl
warum sie adolf hitler folgten - 10. april 1938,wolfgang venohr
warum sie adolf hitler folgten - 10. april 1938,michael friedrich vogt
warum starb romeo,oliver hirschbiegel
warum ulli sich am weihnachtsabend umbringen wollte,edwin brienen
warum wir waren was wir waren,maike höhne
warunek zmartwychwstania,jaroslaw marszewski
warupurugisu no yoru,akiyuki shinbô
warwhoop,john english
warwick,stephen silbernagel
warwick,douglas reese
warwick,barrie edgar
warwick castle,karl beattie
warwick davis,brandon hardesty
warzone,rob bowman
was,mike hoolboom
was,caner canerik
was a dream,omar aziz
was altes was neues und was blaues,till franzen
was bin ich ohne dich,arthur maria rabenalt
was bleibt,axel de roche
was bleibt,chiara fleischhacker
was bleibt...,heiko arendt
was das herz befiehlt,oliver dommenget
was dem einen sein teufel ist dem andern sein nachtigall,gerd grasse
was der wehrmachtsbericht verschwieg,gerhard trede
was der wehrmachtsbericht verschwieg,walter görlitz
was die isar rauscht,wilhelm prager
was die kinder ihren eltern verschweigen,franz osten
was die liebe vermag,fritz freisler
was die rechte nicht sieht kommt erst recht aus dem ohr heraus,rosa von praunheim
was die schwalbe sang,géza von bolváry
was drin ist,detlev buck
was du ererbt,herbert gerdes
was du heute kannst besorgen,karin hercher
was du liebst lass frei,christian singh
was du nicht siehst... i spy with my little eye,gunda aurich
was dummes,wolfgang frank
was ein weib vermag,joseph delmont
was er im spiegel sah,carl heinz wolff
was geht euch mein leben an: marieluise,barbara junge
was geht euch mein leben an: marieluise,winfried junge
was geschah in dieser nacht,theo lingen
was hab i in hawaii verloren,thomas schadt
was halten sie von leuten die malen,iris gusner
was ich noch sagen wollte...,korbinian köberle
was ihr wollt,lothar bellag
was ihr wollt,hannes rossacher
was ihr wollt,ludwig cremer
was ihr wollt,dietrich haugk
was ihr wollt,andreas morell
was ihr wollt,hermann lanske
was ihr wollt,ludwig berger
was ihr wollt,matthias hartmann
was ihr wollt,otto schenk
was ihr wollt,dieter dorn
was ihr wollt,heinz hilpert
was ihr wollt,franz peter wirth
was it me too,sam cavalcanti
was kommt vor im ofenrohr,sepp strubel
was live,gabriel evans
was macht der mensch nach feierabend,rolf von sydow
was man aus liebe tut,leo peukert
was man nicht sieht,kevin kopacka
was man zum leben braucht,connie walter
was nicht sein darf,roger fritz
was nicht sein darf,buddy giovinazzo
was passiert da in der stille,johanna moder
was rastet das kostet,wilfried dziallas
was she there,annie griffin
was sich neckt das liebt sich,hermann kugelstadt
was uns antreibt,sebastian scherrer
was uns antreibt,gero von boehm
was uns eint,gero von boehm
was uns eint,sebastian scherrer
was uns zusteht,thomas andré szabó
was weg is is weg,christian lerch
was will die freude ohne gesang,peter schweiger
was wir alleine nicht schaffen,ralph bridle
was wir geben,dieter laske
was wir leben nennen,roland steiner
was wir wollen - was wir nicht wollen,albrecht viktor blum
was wir wollen - was wir nicht wollen,béla balázs
was wird aus mir...,gitta nickel
was wo,samuel beckett
was zu beweisen war,michael werlin
was zu beweisen war,peter weck
wasabi,gérard krawczyk
wasabi,nándor lörincz
wasabi,bunji sotoyama
wasabi man,rj cusyk
wasabi milf orgy,david christopher
wasan kara,inoussa ousseini
wasana wewa,sunil soma peiris
wasao,yoshinari nishikôri
wasap,carlos moriana
waschechte holbeins,thomas engel
waschen-schleudern-morden,wilhelm engelhardt
waschen legen sterben,philipp osthus
waschen schneiden legen,adolf winkelmann
waschen schneiden umlegen,erik haffner
waschen und leben,michael baumann
waschen und legen,alice agneskirchner
waschsalon,michael herbig
waseda daigaku,kiyoshi saeki
wasenmord,rainer matsutani
wash,bobby roth
wash,emma catalfamo
wash-up,richard compton
wash and cry,jenn starr
wash and dry,marco della fonte
wash away my sin,tekin girgin
wash day,peter baldwin
wash day,mannie davis
wash day in camp,william nicholas selig
wash day in mexico,james h. white
wash line romance,jack rollens
wash my car then wax my cock,stoney curtis
wash my line,david detiege
wash my line,edwin rehberg
wash my line,edward bernds
wash rinse repeat,rick rosenthal
wash the blood out of the ring,george mihalka
wash the day away: kohler tv commercial,david lachapelle
wash your hands,anthony field
wash your step,joseph henabery
washakie y el chico de las manos mojadas,orió peñalver
washback,chris clough
washday,richard starzak
washday s.o.s.,bill lewthwaite
washed ashore,nikolaus geyrhalter
washed ashore,j.a. howe
washed out,zrinko ogresta
washed out: burn out blues,winston hacking
washed up,jared micah herman
washee ironee,james parrott
washing,tom clegg
washing,mark baker
washing cars and baring souls,guido verweyen
washing day,alf collins
washing day in topsy turvy land,vivian milroy
washing gold on 20 above hunker klondike,thomas crahan
washing machine charlie,oscar rudolph
washing machine special,david firth
washing of the sins,erik s. weigel
washing our clothes,mack sennett
washing sheep,charles goodwin norton
washing that man right out of her hair,nick cohen
washing the dog,j.j. sedelmaier
washing the dog,mike judge
washing the elephant,martin rackin
washing the haahoos,dirk campbell
washing the sweep,james williamson
washing your smalls,peter eyre
washington 4 indians 3,richard donner
washington affair,gerren keith
washington and howe,david butler
washington at valley forge,francis ford
washington continental guards,james h. white
washington d.c,dave grohl
washington d.c.,hannes rossacher
washington d.c.,zane lamprey
washington dc,jed weintrob
washington dc - le diplomate,jonny stewart
washington dc week 1,mark corwin
washington dc week 2,mark corwin
washington dc week 3,mark corwin
washington dc week 4,mark corwin
washington dc week 5,mark corwin
washington deceased,mark frost
washington field,jon cassar
washington holiday,joe napolitano
washington hostess,oscar rudolph
washington incident,john brahm
washington interns gone bad,jason buckley
washington irving,james a. fitzpatrick
washington market,james h. white
washington melodrama,s. sylvan simon
washington merry-go-round,james cruze
washington mistress,peter levin
washington monument,michael lemley
washington park,waide aaron riddle
washington post,bj davis
washington redskins at new orleans saints,jason m. palmer
washington redskins change logo to potato,ben giroux
washington rendezvous,frank wisbar
washington senators for washington,nic stanich
washington senators for washington,nic stanich
washington square,agnieszka holland
washington square,alain boudet
washington square,alan cooke
washington story,sam newfield
washington story,william berke
washington story,robert pirosh
washington under the american flag,j. stuart blackton
washington under the british flag,j. stuart blackton
washington vs. the bunny,john rich
washingtonienne,mark mylod
washita: part 1,james keach
washita: part 2,james keach
washizumura no musume,shigenori sakata
washout below,edward bernds
washout below,david detiege
washout below,edwin rehberg
washtub,amer al-hamoud
wasiat naga bergola,jopi burnama
wasiat naga bergola,imam tantowi
wasichu,christopher swartout
wasiyat,basu chatterjee
wasiyat ka rahasya,basu chatterjee
wasiyatnama,saumyen mukherji
wasmat aar,ashraf fahmy
wasp,andrea arnold
wasp,philippe audi-dor
wasp,chris fisher
wasp network,olivier assayas
wasps,debbie isitt
waspy... or gay,annarose king
wassa schelesnowa,karl paryla
wassa schelesnowa,otto meyer
wassa schelesnowa,egon monk
wasser,carlo rola
wasser,martin przyborowski
wasser - landschaft - leben,gero priemel
wasser des lebens,carsten fiebeler
wasser des lebens,thomas pauli
wasser hat balken,wilhelm prager
wasser hat viele gesichter,claus landsittel
wasser kontra luft,truck branss
wasser lassen,niels mueller
wasser marsch,stefan bartmann
wasser marsch,peter carpentier
wasser mythos eines elementes,anton weber
wasser predigen und cognac trinken,erhard riedlsperger
wasser und eis - spuk am bauwagen,wolfgang eissler
wasser: abwasser,hans-henning borgelt
wasserfilter-betrug,carsten meyer-grohbrügge
wasserkraft,hannes schuler
wasserleichen unter sich,bettina braun
wasserman - der singende hund,peter lilienthal
wasserman - the rain man,idit shehori
wassermann,mark sternkiker
wasserproben,achim hübner
wasserratten,patrick winczewski
wasserratten,volker vogeler
wasserschlacht: the great border battle,katarzyna klimkiewicz
wasserspiegel,lothar herzog
wassersport ist volkssport,wolfgang bartsch
wasserwege,georg riha
wassup rockers,larry clark
waste,igor mirkovic
waste,don taylor
waste,james appleton
waste,donna deitch
waste,dominic ryan
waste,julia smith
waste,bragi thor hinriksson
waste,scott adsit
waste and webs,matthew mercer
waste days,eloy calvo
waste deep,claudia weill
waste disposal,josh thomson
waste from mexico,yuri mamin
waste land,pieter van hees
waste land,tetsurô amino
waste land,rebekah chaney
waste land,nobuyoshi habara
waste management,phil lott
waste management,arend remmers
waste management,adrian topol
waste management,phil lott
waste motion,wheeler winston dixon
waste not,j. miller tobin
waste not,neill fearnley
waste not,ruth hessey
waste not want not,geoffrey sax
waste of a fall,marina bruno
waste of space,chris langman
waste of space,shani grewal
waste of time,ben nicholas
waste paper basket,winston hacking
waste paper please,john davies
waste: part 1,joseph h. lewis
waste: part 1,vincent mceveety
waste: part 2,vincent mceveety
waste: part 2,joseph h. lewis
wastecooking: austria,georg misch
wastecooking: belgium,georg misch
wastecooking: france,georg misch
wastecooking: germany,georg misch
wastecooking: kochen statt verschwenden,georg misch
wastecooking: the netherlands,georg misch
wasted,stephen kay
wasted,nurit kedar
wasted,paul schuyler
wasted,matt oates
wasted,caroline paterson
wasted away,wolf turner
wasted heart,christina de leon
wasted journey,marja pensala
wasted justice,kathryn shasha
wasted lives,john whitesell
wasted lives,david gill
wasted lives,clarence geldert
wasted lives,theodore marston
wasted lives,john gorman
wasted love,richard eichberg
wasted minute,amanda tapping
wasted muscle,shin'ichi watanabe
wasted on the young,bo liebman
wasted on the young,evan drolet cook
wasted talent,pete michels
wasted waste,pedro serra
wasted west,andré albrecht
wasted youth,mark wood
wasted youth 2,mark wood
wasted youth 3,mark wood
wasted youth 4,mark wood
wasted youth 5,mark wood
wasted youth 6,mark wood
wasted youth 7,mark wood
wasted youth 8,mark wood
wasteland,joze gale
wasteland,rené bonnière
wasteland,david lee hefner
wasteland,jerry levine
wasteland,rick strom
wasteland,marcel carné
wasteland,kantz
wasteland,adrian spencer
wasteland,dave holland
wasteland,dan fabrizio
wasteland,jakub michnikowski
wasteland,william r. kowalchuk jr.
wasteland,bruno bianchi
wasteland,drusilla phillips
wasteland,dan hefner
wasteland,kim soo-yong
wasteland (2015) - re-review,john h. shelton
wasteland (2015) - review,john h. shelton
wasteland legends,collin joseph neal
wasteland tales,shaky gonzález
wastelander,angelo lopes
wastelander,sam macaroni
wastelander-alternate edit,angelo lopes
wastelands scout,aaron kreltszheim
wasting away,jerry ciccoritti
wasting gas,emmeline kim
wasuke to ani,tomiyasu ikeda
wasupu gekichin,kazuhiro furuhashi
wasurareta tanjobi,masaharu endô
wasuraruenu hitomi,kunio watanabe
wasure e nu kioku. tanjo no toki,noriyuki abe
wasure mono rabu songu,yûgo serikawa
wasure no izumi,hiroshi saitô
wasure rareta monogatari,jun'ichi satô
wasure uchiwa,tsutomu shibayama
wasure yuki,han sang-hee
wasureenu onna,osamu wakayama
wasureji no,morio asaka
wasureji no,yasuomi umetsu
wasureji no gogo 8 ji 13 pun,kôzô saeki
wasureji no hito,toshio sugie
wasurena soushi,mana yasuda
wasurenagusa,eizô tanaka
wasurenaide memory,akira shigino
wasurerareta kako,yoshiyuki tomino
wasurerareta kora,hiroshi inagaki
wasurero kusa o kimi ni,tsutomu shibayama
wasureru monoka,akinori matsuo
wasuresara reta kako,kiyotaka taguchi
wat ben ik challenge,brian op de dijk
wat een aardige heer,frits butzelaar
wat een dag wat een dag,klaas rusticus
wat een wind,lex verkerk
wat geld nie kan koop nie: bobby van jaarveld,gerhard van rooyen
wat ik wil,joël vanhoebrouck
wat is avalanche stil...,hans scheepmaker
wat is een ruimteschip,paul cammermans
wat is een zwemmobiel,john van de rest
wat je niet weten wil,raynor arkenbout
wat kost de koningin,tom roes
wat mannen willen,filip peeters
wat moet dat moet,dana nechushtan
wat recht is mutt recht bliewen,volker vogeler
wat tamari,ketan mehta
wat u maar wilt,martin van zundert
wata mariana,okil khamidov
wata no hara,morio asaka
wataha,wiktor kielczykowski
watan,mehboob khan
watan,nanabhai bhatt
watan ka sipahi,a. hameed
watan ke rakhwale,rama rao tatineni
watani un monde sans mal,med hondo
wataridori itsu mata kaeru,buichi saitô
wataridori no kaerukoro,masaharu endô
wataridori: birds of passage,robert a. nakamura
wataru no koi,takanori tsujimoto
watashi-tachi no iru basho,kôichi ôhata
watashi chigatteiru kashira,akinori matsuo
watashi ga oyome ni itta nara,hisatora kumagai
watashi ga oyome ni itta nara,masahisa sunohara
watashi ni dekirukoto,tadashi shida
watashi ni mo mieru yo,takayuki hirao
watashi ni wa otto ga aru,hiroshi shimizu
watashi no ansonii,osamu kasai
watashi no ansonii,hiroshi shidara
watashi no chikara kaizoku no chikara,tatsuo satô
watashi no hajimari no machi na no de,jun'ichi satô
watashi no hawaii no arukikata,kôji maeda
watashi no ibasho,jun'ichi fujisaku
watashi no jurietto: part 1,tetsurô amino
watashi no jurietto: part 1,kenji yoshida
watashi no jurietto: part 2,tetsurô amino
watashi no mr. dream,tomomi mochizuki
watashi no naka no oni,masayoshi takesue
watashi no saikou no tomodachi,yukihiro miyamoto
watashi no saikou no tomodachi,akiyuki shinbô
watashi no sukina kissuiso,masahiro andô
watashi no sutekina pianist,tomomi mochizuki
watashi nobi ko yo,tsutomu shibayama
watashi o okashite,kazuo 'gaira' komizu
watashi otona no omocha desu,sachi hamano
watashi to kanojo,tomotaka tasaka
watashi to watashi,toshio sugie
watashi wa free sex yo: onna no kaikan,akitaka kimata
watashi wa iji ga warui,shigeyasu yamauchi
watashi wa makenai,akira inoue
watashi wa mirareta,kiyoshi komori
watashi wa nylon,toshio matsumoto
watashi wa okasaretai,akiyoshi kimata
watashi wa shiberia no horyo datta,yutaka abe
watashi wa shukumei teki ni hikage mono de aru,akiyuki shinbô
watashi wa suki na onna,minoru inao
watashi wa zenkamono de aru,takumi furukawa
watashi... namida agechatta kara,junji nishimura
watashi... nani ga shitai no...,junji nishimura
watasu no doubutsugo kyoushitsu,katsutoshi sasaki
watatsumi,tsutomu shibayama
watatu,nick reding
watch,william chaffin
watch,briana waters
watch and learn,brent butt
watch and ward in the air,ralph keene
watch beverly,arthur maude
watch comes around,aaron mccann
watch dog of the deep,herbert brenon
watch dogs,joe vargas
watch dogs,benjamin daniel
watch dogs: amazing street hack,cecilia verheyden
watch her die,chris mccaleb
watch him step,jack nelson
watch if you dare,jill gevargizian
watch indian circus,mangesh hadawale
watch internet tv,rudy jahchan
watch it,mark fischbach
watch it,wies andersen
watch jimmy run jeepers creepers,michael shortt
watch list,ben rekhi
watch list,igor voloshin
watch me,sebastian bertoli
watch me alone,simon edwards
watch me bitch,david perry
watch me bitch 2,david perry
watch me bitch 3,david perry
watch me bitch 4,david perry
watch me cum,cassidy banks
watch me cum,jenna ashley
watch me cum,karlee grey
watch me cum 4,mario rossi
watch me die,hal tulchin
watch me die,jonathan m. parisen
watch me die,geoffrey nethercott
watch me eat my creampie 1,tyce bune
watch me fly,julian kemp
watch me play,steven pomerantz
watch me wank,jean-noel rene clair
watch me when i kill,antonio bido
watch my line,friz freleng
watch my line,chuck jones
watch my lips,julian amyes
watch my smoke,george marshall
watch my smoke,hal seeger
watch night,mike madigan
watch on the rhine,herman shumlin
watch out,william watson
watch out,don chaffey
watch out,akhil kumar yadav
watch out,kathrin asmus
watch out,shariff nasr
watch out for love,miguel zacarías
watch out for miss keyhole,giuseppe laganà
watch out for the automobile,eldar ryazanov
watch out for the robinsons,david stevens
watch out for zouzou,hasan el-emam
watch out from alkhot,samir seif
watch out girl,michel ricaud
watch out madame,júlio bressane
watch over me,james hayman
watch over me,bobby roth
watch over me,robby d.
watch over us,f.c. rabbath
watch papa,norman taurog
watch people fall for the most genius gps prank,vincent peone
watch people fall for the most genius gps prank,josh ruben
watch that trailing cable,rodney giesler
watch the birdie,sam newfield
watch the birdie,jack donohue
watch the birdie,michael winner
watch the birdie,frank bunetta
watch the birdie,ken russell
watch the birdie,hal cooper
watch the birdie,susan belbin
watch the birdie,bob godfrey
watch the birdie,gerry chiniquy
watch the birdie,lloyd french
watch the birdie,william g. stewart
watch the birdie,robert d. cardona
watch the birdie,erle c. kenton
watch the birdie,alex lovy
watch the butterfly,dave tendlar
watch the closing doors,jim jennings
watch the dickiebird,nick taylor
watch the fur fly,jack winter
watch the guild,tony helms
watch the skies,bethany rooney
watch the skies,ben davis
watch the sky: stella sonia silvia,piergiorgio gay
watch the sunset,richard kinon
watch the tempo,daniele lince
watch the tempo,elena beatrice
watch the trains go by,bruce bilson
watch this,ellen gittelsohn
watch this,shawn burkett
watch what you pray for,villa mane
watch while i revise the world,david warren
watch willie go,robert christie
watch with me: sotsugyou shiashin,naoki segi
watch your back,an'darrio abrams
watch your backdraft,pamela fryman
watch your friends,richard smith
watch your husbands,reggie morris
watch your left,rené clément
watch your neighbor,victor heerman
watch your neighbor,hampton del ruth
watch your step,milan jelic
watch your step,richard martin
watch your step,geoffrey malins
watch your step,patrick flynn
watch your step,dennis donnelly
watch your step,mark fischbach
watch your step,william beaudine
watch your step,julian ollendorff
watch your step mother,william beaudine
watch your stern,gerald thomas
watch your wallet,craig hutchinson
watch your watch,walter stull
watch your watch,edwin j. collins
watch your watch,allen curtis
watch your watch,bobby burns
watch your wife,svend gade
watch your wife,j.a. howe
watchbird,harold becker
watchdogs,jesse bochco
watchdogs,kees van oostrum
watchdogs of the world,george albert smith
watched,joshy lee
watcher 10,robby d.
watcher 8,robby d.
watcher 9,robby d.
watcher in the night,steven wesley miller
watcher in the woods,doug walker
watchers,michael raven
watchers,edward martin iii
watchers reborn,john carl buechler
watches of the night,ian curteis
watchful,rubén arnaiz
watchful waiting,john randolph bray
watching,dan chyutin
watching,darrol blake
watching,chris lovett
watching,martin strömberg
watching,elliott cattell
watching amy lord,ben mole
watching dru,ben mole
watching eyes,geoffrey malins
watching football with my four year old,matt clarke
watching football with my four year old,david milchard
watching for the queen,david rimmer
watching her,jacky st. james
watching linda,john quinn
watching music,michael chanan
watching my girlfriend do anal,greg lansky
watching my wife,paul thomas
watching out for dulie,paul bogart
watching over you,sam irvin
watching paint dry,jo ann kaplan
watching people,hiroyuki nakano
watching porn,lukas ridgeston
watching samantha,michael raven
watching television,milo lewis
watching the baby,levie isaacks
watching the clock,alan j.w. bell
watching the detective,shani grewal
watching the detectives,paul tickell
watching the detectives,peter werner
watching the detectives,tim carr
watching the detectives,paul soter
watching the detectives,gus trikonis
watching the detectives,mike swindells
watching the detectives,pino amenta
watching the detectives,tom clegg
watching the detectives,sharon maguire
watching the detectives,chris atkins
watching the girls go by,susan belbin
watching the sun,nika belianina
watching too much television,john patterson
watching tv,christopher hinton
watching tv with the red chinese,shimon dotan
watching us,paige smith
watching waiting,wesley strick
watching waiting,peter lindbergh
watching you: episode 3,robby d.
watchman,durmus akbulut
watchman,a.l. vijay
watchman,shankar nag
watchmen,zack snyder
watchmen,jayme schmitt
watchmen,jonn blanchard
watchmen,doug walker
watchmen,paloma baeza
watchmen,lewis lovhaug
watchmen pitch meeting,ryan george
watchmen promotion video,andrew dasz
watchtower,noel braham
watchtower over tomorrow,harold f. kress
watchtower over tomorrow,john cromwell
water,hideaki anno
water,g.b. young
water,jennifer houlton
water,dennis overeem
water,marco romano
water,rod hardy
water,freddy chavez olmos
water,hana kukal
water,peter greenaway
water,joe napolitano
water,mohammad bakri
water,raj jawa
water,john birkin
water,dick clement
water,tim kirkby
water,etna özbek
water,deepa mehta
water,michael vejar
water,robert gardner
water,jennifer podemski
water,fali bilimoria
water,matt nielsen
water,james rolfe
water,roland duong
water,les stroud
water,anastasiya popova
water,rozaliya dimitrova
water-closet ovvero attesa per una defecazione,piero bargellini
water-logged,bruce brown
water-mirror of granada,josé val del omar
water 2,marco romano
water also burns,ali özgentürk
water and bread,annegret sachse
water and fire,özcan deniz
water and fire,petra seliskar
water and fire,joost seelen
water and man,pierre willemin
water and power,mary siceloff
water and power,pat o'neill
water and power,pat o'neill
water and salt,alejo taube
water and sugar,fariborz kamkari
water and the city,jeremy kagan
water and the dreams of engineers,richard broadman
water apocalypse,angela bassett
water babies,andré de la varre
water balloon duty,becca sandergaard
water balloons,tom fox davies
water balloons in slow motion,destin sandlin
water battlers,ben parker
water bears,yenni lee
water bij de wijn,peter gorissen
water bikes,david bracknell
water birds,ben sharpsteen
water births,ally pankiw
water bodouins,yavuz pullukcu
water boy,george miller
water boy,hollingsworth morse
water bringer,hal cooper
water buffalo,kevin coulston
water bugs,will jason
water bugs,william watson
water bugs,jack eaton
water carnival at villefranche,george albert smith
water colors,gareth paul cox
water cooler,david wain
water cycle,loren bouchard
water damage,mikkel serup
water easy reach,bent hamer
water en vuur,hans scheepmaker
water engine,andy gaskill
water everywhere,jeremy summers
water falls,kevin hicks
water fight,matthew landon
water follies (a soak opera),stan phillips
water for elephants,francis lawrence
water for firefighting,john halas
water for maya,stan brakhage
water for paris,michael mercy
water for paris,matthew crandall
water for the prairies,lawrence cherry
water for the roses,luli bitri
water girl,richard gonzalez
water glass,m.a. numminen
water hazard,chuck bowman
water hits the banks,rodney hill jr.
water in biology,david morphet
water in milk exists,lawrence weiner
water in the boat,david gutiérrez camps
water in the ground,eusebio fernández ardavín
water in the universe,tim pyle
water in wijn,wim t. schippers
water in wijn,ellen jens
water is life,shani grewal
water jamboree,jack eaton
water light,larry jordan
water like a black buffalo,iosif demian
water lilies,céline sciamma
water lilies of monet - the magic of water and light,giovanni troilo
water lily,cirio h. santiago
water lords,henry barrial
water loving doggies,will keir
water loving doggies ii,will keir
water makes money,herdolor lorenz
water makes us wet: an ecosexual adventure,annie sprinkle
water man,sonny miller
water mania,jerry lewis
water me before i die,nathan christoffel
water mill in flames,kenji kamiyama
water minds like flowers,emily chen
water moon,eiichi kudô
water mud and factories,mario de varona
water mud and factories,joe cardona
water nymphs,leon benson
water of love,fabien martorell
water on mars,horst da luz
water on the brain,allen curtis
water on the brain,david kyle eisenhauer
water on the road,brendan canty
water over wine,christopher mauldin
water park,ken kwapis
water park,raymie muzquiz
water people,ned ambler
water pest,corey aaron burkes
water pills,blake sennett
water pollution,danny walin
water power,shaun costello
water power,brad jones
water problem,kundan shah
water pulu 1869 1896,ivan ladislav galeta
water rights,albert herman
water rocket guinness world records record breaker,jeff thrasher
water rodeo,jack eaton
water rustlers,samuel diege
water safety,mike judge
water sark,joyce wieland
water signs,martin kunert
water ski-ing,ian fordyce
water ski show,herman hoffman
water slide,steve smith
water speed,russell t. ervin
water spirit,marcus lim
water sports,ray mccarey
water sports department of duh and practical jokes,vin di bona
water spray,kim soo-yong
water stuff,henry 'hy' mayer
water stuff,william bertram
water supply and sanitation in development film 1: people and problems,douglas cameron
water supply and sanitation in development film 2: problems and solutions,douglas cameron
water supply and sanitation in development film 3: solutions and people,douglas cameron
water tank rescue,otto lang
water time: surf travel diary of a madman,allan weisbecker
water toll,paul landres
water tower,steve smith
water tower drive,guillaume renberg
water trails,robert c. bruce
water trix,charles t. trego
water under the bridge,tristan de vere cole
water under the bridge,patrika darbo
water under the bridge,kent harkey
water under the dock,phill lewis
water wagons,del lord
water war,duwayne dunham
water wars,cirio h. santiago
water waste,john bertholon
water watchdog,dennis donnelly
water water every hare,chuck jones
water water everywhere,vernon stallings
water water everywhere,chuck vinson
water water everywhere,walt hoban
water water everywhere,richard l. bare
water water everywhere,stanley z. cherry
water water everywhere,adam weissman
water water everywhere,arnold laven
water water everywhere,clarence g. badger
water water everywhere,allan arkush
water water everywhere,jack eaton
water water everywhere...,seth kearsley
water water... nowhere,charles nichols
water way to go,ross k. foad
water way to go,tad stones
water way to go,kenn navarro
water way to go,alan zaslove
water well oil,paul landres
water wells,sivan levy zakin
water wheels and axes,nick paonessa
water wind dust,amir naderi
water wings,chris clough
water witch,ralph murphy
water witch,peter rowe
water witch,marya delver
water witch case,george cahan
water wizards,saul elkins
water wonders,jack eaton
water wordt wijn,jan pool
water worked,al borda
water works,darryl wharton
water works,sam gollestani
water worlds,matthew shewchuk
water wrackets,peter greenaway
water: a poem,justus neumann
water: great circulation,hesam dehghani
water: reserves and networks,tony ianzelo
waterbabies,jim enright
waterbabies ii,jim enright
waterbaby,roger eaton
waterbag,joe comerford
waterballoongate,joel zwick
waterboard shots,oliver dear
waterboarding,dre swain
waterbomb for the fat tomcat,varis brasla
waterborne,ben rekhi
waterboys,robert jan westdijk
waterclock,matthew posey
watercolor,garrick givens
watercolor,otar iosseliani
watercolor (fall creek),vincent grenier
watercolor postcards,rajeev dassani
watercolor: mixing water from the red sea with water from the black sea,francis alÿs
watercolors,winrich kolbe
watercolors in rain 2,jae-young kwak
watercolour wendy,brian little
watercooler of the future,ross sebek
watercourse way,michael pilz
waterdragers van de macht,hans herbots
watered down wolfman,cameron mccasland
watered stock,martin campbell
waterfall,alexander desouza
waterfall in the catskills,james h. white
waterfight battle barge,jeff thrasher
waterfilter,colin heck
waterfront,william a. seiter
waterfront,terry o. morse
waterfront,abby berlin
waterfront,steve sekely
waterfront,mark stevens
waterfront at midnight,william berke
waterfront blues,kôichi saitô
waterfront boss,franklin j. schaffner
waterfront dining,mike wendt
waterfront dining from maine to cape cod,mike wendt
waterfront follies,ernie gehr
waterfront lady,joseph santley
waterfront murder,eddie davis
waterfront story,steve previn
waterfront wolves,tom gibson
waterfront women,michael anderson
watergate,sabrina van tassel
watergate plus 30: shadow of history,foster wiley
waterhole,fred r. krug
waterhole,john english
waterhole cove,brett ryan bonowicz
waterholes of etosha,don meier
watering can,richard bradley
watering the elephants,bud fisher
waterland,paula van der oest
waterland,stephen gyllenhaal
waterlanders,simone van dusseldorp
waterless,marc i. daniels
waterlily jaguar,melora walters
waterloo,vincent bal
waterloo,jirí belka
waterloo,harry kümel
waterloo,benjamin viré
waterloo,edmond bernhard
waterloo,rafael vara
waterloo,matthew weiner
waterloo,sergey bondarchuk
waterloo,adam kassen
waterloo,karl grune
waterloo,chris mcmaster
waterloo,jirí weiss
waterloo at napoleon,gary nelson
waterloo at southfork,irving j. moore
waterloo bridge,james whale
waterloo bridge,mervyn leroy
waterloo po cesku,vít olmer
waterloo road,sidney gilliat
waterloo sunrise,susan tully
waterloo sunset,richard eyre
waterloo sunset,mark spacek
waterlooi csata,györgy lengyel
waterman,joe talbott
watermark,edward burtynsky
watermark,jennifer baichwal
watermark (acqua alta),sharunas bartas
watermarks,yaron zilberman
watermarks,adam schwartz
watermarks: three letters from china,luc schaedler
watermelon,alex lewis
watermelon,kieron j. walsh
watermelon,tato kotetishvili
watermelon,tim clague
watermelon challenge,caillou pettis
watermelon chronicles,timur nurulin
watermelon contest,james h. white
watermelon contest,james h. white
watermelon gag,casey alexander
watermelon honey,ben snyder
watermelon man,melvin van peebles
watermelon man,clara bellar
watermelon rinds,boris guts
watermelon steven,ian jones-quartey
watermelon watcher,art bartsch
waternuts,reginald grey
waterproof,barry berman
waterproof baby,casey neistat
waterproof willie,walter r. booth
waterproofing my life with flex tape,jon jafari
waterproofing my life with flex tape,christian frates
waterrat,arjen rooseboom
waterrise,lukas gensel
waters of the arrawarra,james lane
waters of the moon,herbert wise
waters of the moon,piers haggard
waters of the moon,christopher muir
waters of time,basil wright
watershed,john terlesky
watershed,denny lawrence
watership alan,dominic brigstocke
watership down,kaylyn saucedo
watership down,tamara chambers
watership down,martin rosen
waterski hit,olivier jean-marie
watersmith,will hindle
waterspouts,peter rowe
watertight,alberto cavalcanti
waterville,david keith
watervrees,joris van den berg
watervrees,job gosschalk
waterwalk,robert cicchini
waterwalker,bill mason
waterway,carrie crowley
waterways,mikel dever-o'neil
waterwings,laurence moody
waterworks,gareth gwenlan
waterworld,bob mccracken
waterworld,zaur bolotaev
waterworld,ian gilmour
waterworld,bruce gowers
waterworld,kevin reynolds
waterworld,mark linn-baker
waterworld,manuel amaro da costa
waterworld,doug walker
waterworld - supernes,frédéric molas
waterworld with senpai,shin itagaki
waterworlds,harry marshall
watery awakenings,laurie lynd
watery grave,glenn gt taylor
watery gravy,william nolan
wating,ishmael bernal
watita,alonso llosa
watjes,jos van geel
watkin,michael patrick jann
watpliwosc,tomasz szafranski
watt,balufu bakupa-kanyinda
watt a shocking ghost,charles nichols
watt a way to go,rick wallace
wattenmeer - wenn die flut kommt,axel ranisch
wattican punk ballet - little girl,bálint szimler
watts made out of thread,jack shea
watts side story,jack shea
watts with eggs,marie menken
wattstax,mel stuart
wattwanderer,max zähle
watu wote: all of us,katja benrath
watusi,kurt neumann
watussi,joachim hess
watzmann live,rudi dolezal
waugh on crime: in which inspector waugh encounters the english class system,tristan de vere cole
waugh on crime: in which inspector waugh knows the criminal but not the crime,philip dudley
waugh on crime: in which inspector waugh meets a man going to st. ives,philip dudley
waugh on crime: in which inspector waugh observes the truth of an old music hall song,philip dudley
waugh on crime: in which inspector waugh plays cops and robbers,tristan de vere cole
waugh on crime: in which inspector waugh settles an account,tristan de vere cole
wave,hiroshi okuhara
wave,toshio matsumoto
wave-a-stick blues,josef berne
wave at the past,darrell roodt
wave coral and rock,ebrahim golestan
wave goodbye,gerald potterton
wave goodbye,roy campanella ii
wave goodbye,sidney hayers
wave goodbye to grandpa,walter grauman
wave goodbye to our fair-haired boy,david alexander
wave man,nick c. goins jr.
wave of controversy,david hemmings
wave of determination,masahiro andô
wave of the flag,richard goldstone
wave of the future,maury dexter
wave of the future,chris bould
wave parameters,prince bagdasarian
wave parameters,albert vivas
wave rage,parker stevenson
wave vs. shore,martin strba
waveform and other shorts,al razutis
wavelength,michael snow
wavelength,mike gray
wavelength,erik etschel
wavemakers,caroline martel
wavering spirit,anthony tortorici
waverley steps: a visit to edinburgh,john eldridge
waverly hills,zak bagans
waverly hills,nick groff
waverly hills sanatorium,karl beattie
waves,mohamed salman
waves,eli hayes
waves,richard elson
waves,benjamin dickinson
waves,grzegorz zariczny
waves,vivian naefe
waves,d'arcy marsh
waves,director x
waves,david m. helman
waves,adrian sitaru
waves,shilo mifsud
waves,trey edward shults
waves an elegy,cody westheimer
waves and flutes,buichi saitô
waves and spray,george albert smith
waves and spray,george albert smith
waves and spray on the riviera,george albert smith
waves and tiny sand,xiepu li
waves and vibes,kaido veermäe
waves and vibes,marianne kõrver
waves of change,jim freeman
waves of change,greg macgillivray
waves of freedom,alan rosenthal
waves of lust,ruggero deodato
waves of passion,paul norman
waves of passion oceans of lust,lowell pickett
waves of revolution,anand patwardhan
waves of sound,raymond menmuir
waves wash the sand,yonggang wu
waves: the mists of yellow river,jessie kerry
waving,richard bradley
waving goodbye,david brookwell
waving to a train,bill hays
wawa,mona achache
wawa no cidal,cheng yu-chieh
wawa wasi,leonidas zegarra
wax,david sant
wax,ezra weisz
wax,fint
wax acts,ed bye
wax cracks hollywood,ed bye
wax doll castle murder case: file 1,daisuke nishio
wax doll castle murder case: file 2,daisuke nishio
wax doll castle murder case: file 3,daisuke nishio
wax figures,daniel roebuck
wax fruit,ian macnaughton
wax job,richard michaels
wax lion,todd holland
wax magic,william fruet
wax on fuck off,todd holland
wax on it: creating inspiration and how to approach beat making,jonathan yi
wax on wax off,jamie nash
wax on wax off,tyler perry
wax on wax off,april washko
wax on wax off,neal israel
wax on wax off,richard correll
wax poetic,allen reisner
wax that ass 1,michael stefano
wax that ass 2,michael stefano
wax that ass 3,michael stefano
wax that ass 4,michael stefano
wax works,walter lantz
wax: we are the x,lorenzo corvino
waxed,chris steele
waxed,dan ireland
waxie moon,wes hurley
waxie moon in fallen jewel,wes hurley
waxing gibbous,jim fogarty
waxing old,stephen mccurry
waxing romantic,michael edmonds
waxman,frank luchs
waxwing,beryl schennen
waxwork,anthony hickox
waxwork,june wyndham-davies
waxwork,june wyndham-davies
waxwork ii: lost in time,anthony hickox
waxworks,paul leni
waxworks,herschel daugherty
waxworks,leo birinsky
way,levan bakhia
way-off broadway,richard correll
way back,simon wincer
way back home,william a. seiter
way back home,pang eun-jin
way back when a nag was only a horse,dave fleischer
way back when a nightclub was a stick,dave fleischer
way back when a razzberry was a fruit,dave fleischer
way back when a triangle had its points,dave fleischer
way back when women had their weigh,dave fleischer
way beyond fear,carla albuquerque
way cool,marc huestis
way down cellar: part 1,robert totten
way down cellar: part 2,robert totten
way down east,henry king
way down east,d.w. griffith
way down east,sidney olcott
way down mexico way part 1,j.j. sedelmaier
way down mexico way part 1,mike judge
way down north,vin moore
way down south,jonas pate
way down south,leslie goodwins
way down south,bernard vorhaus
way down we go,eric martinez
way down yonder,william watson
way down yonder in the corn,bob wickersham
way of a dictator,peter tewksbury
way of a gaucho,jacques tourneur
way of a woman,norman tokar
way of blue sky,masahiko nagasawa
way of courage,garry simpson
way of garden - secondamarea,paolo gaudio
way of honor,michael b. chait
way of khan,hakan haslaman
way of life,al christie
way of life part 1,tristan de vere cole
way of life part 2,tristan de vere cole
way of the cowboy,chad meisenheimer
way of the dragon,bunny luv
way of the enthusiasts,nikolai okhlopkov
way of the gun,marcello daciano
way of the morris,tim plester
way of the samurai,sam gollestani
way of the stalking horse,john llewellyn moxey
way of the vampire,eduardo durão
way of the vampire: behind the scenes,lee mclaughlin
way of the warrior,michael preece
way of the west,david butler
way of the west,ernst laemmle
way of the world,george more o'ferrall
way of the world,patrick cavanaugh
way of the yakuza,yoshiyuki kuroda
way off beat,toby robertson
way off broadway,lee philips
way out,mario pagano
way out,irvin s. yeaworth jr.
way out east,jason lee
way out west,fred niblo
way out west,james w. horne
way out west,bobby burns
way out west,derek lister
way out west,walter stull
way out west,david e. peckinpah
way out west,william watson
way out west in florida,justin herman
way outback,alfred rolfe
way outer space,svend gregori
way past cool,adam davidson
way station,george blair
way station,sam newfield
way station,george cahan
way through snow,ashot keshchyan
way to abbottabad,tom george
way to go,valerie assmann
way to make it awkward,thomas sanders
way to ruin it,thomas sanders
way to the virgin space,leiji matsumoto
way to yourself,artyom mazunov
way too cute,jesse cowell
way too intense,thomas sanders
way up in society,frank p. donovan
way up north,william watson
way up thar,mack sennett
way upstream,terry johnson
way... way out,gordon douglas
wayback burgers,ted eccles
waydowntown,gary burns
wayfarer,jefferson stein
wayfarer,torben skjødt jensen
wayfarer on the mississippi,clark jones
wayfarers,david niven
wayfarers,david andrews
wayfarers,arnon z. shorr
waylon jennings (part one),mike judge
waylon jennings (part two),mike judge
wayne,jeremy sims
wayne,adam john brummond
wayne and bonnie,greg beeman
wayne and shuster the first 100 years,stan jacobson
wayne and susan arthurs,tim alp
wayne bryan,rob stone
wayne hancock: killed them both,stanley sievers
wayne hoffman,jared masters
wayne knight,adam rosenblatt
wayne man,judy pioli
wayne newton abba,mark warren
wayne newton show,norman abbott
wayne newton vicki lawrence lyle waggoner dana valery,dave powers
wayne on wheels,bethany rooney
wayne rogers david copperfield susan forward,dick carson
waypoint namibia,chris alstrin
ways,marco schleicher
ways,àlex lora
ways and means,paul annett
ways and means,bob godfrey
ways and means,christopher barry
ways in the night,krzysztof zanussi
ways of life,teinosuke kinugasa
ways of listening,colin maccabe
ways of the force,cullen mcfater
ways of the quiet,melanie jackson
ways of the world,carl m. leviness
ways of the world,jon cassar
ways to live forever,gustavo ron
ways to make fortunes,tian xie
ways to wellness,david hartstein
wayside,john enter
wayside school,thomas schlamme
wayward,edward sloman
wayward bear: part 1,ricou browning
wayward bear: part 2,ricou browning
wayward dreams,bruce bilson
wayward gun,oliver drake
wayward memories,jordan fountain
wayward river,raymond garceau
waywaya,lamberto v. avellana
wazawai wo yobu mono,todd haberkorn
wazawai wo yobu mono,christopher sabat
wazir,bejoy nambiar
wazir the kaghzi,s. sukhdev
wazna przesylka,maciej wojtyszko
wazonik szczescia,andrzej kostenko
wazzup 2: wassabi,dane boedigheimer
wazzup 3: bonsai tree,dane boedigheimer
wazzup blowup,dane boedigheimer
wb cartoon character debuts,robert clampett
wb cartoon character debuts,friz freleng
wb cartoon character debuts,arthur davis
wb cartoon character debuts,tex avery
wbcn and the american revolution,bill lichtenstein
wc-papier,tom roes
wc-pyttymies,seppo vesterinen
wc check,shariff nasr
wc gesprek,shariff nasr
wchs class of 1996 20th class reunion,cedric hatcher
wcw invades baywatch,brian zane
wczesna milosc,miroslaw bork
wczesnie urodzony,krzysztof gruber
wczoraj i dzis,ewa petelska
wd40: passing of the can,benjamin paulides
wdm,rob w. king
wdm revisited,rob w. king
wdowie radosci,henryk bielski
we,artavazd peleshian
we,martin gypkens
we,s.n.s. sastry
we,director x
we aim to please,dave fleischer
we all beg for something,thomas sanders
we all count,henok mebratu
we all die the main thing however is how and how we live. holger meins,renate sami
we all face the same destiny,eddy van hamersveld
we all fall down,matt duffer
we all fall down,martin cummins
we all fall down,adam davidson
we all fall down,chris fisher
we all fall down,harry sinclair
we all float on,nash bozard
we all go down,gerard damiano
we all hate granny,dewi humphreys
we all have double standards,thomas sanders
we all live,roger jenkins
we all live in crocus,anne wheeler
we all need a meeting,enrico natale
we all need experts,roger jenkins
we all need forgiveness,tyler perry
we all need the d,nash bozard
we all scream,richard correll
we all scream,james branscome
we all scream,j.j. sedelmaier
we all scream at ice cream,timothy a. bennett
we all scream for ice cream,matt danner
we all scream for ice cream,nick zedd
we all scream for ice cream,tom holland
we all scream for ice cream,gary conrad
we almost had paris,matthew diamond
we always come back,john fitzpatrick
we always lie to strangers,aj schnack
we americans,edward sloman
we and our mountains,henrik malyan
we and them,cyril coke
we apologize for all inconveniences,marian marzynski
we are,ashot adamyan
we are a happy family,jacobo martos
we are a humble factory,chris mckay
we are a humble factory,kevin shinick
we are all alone,lauren rothery
we are all alone my dear,paul cox
we are all demons,henning carlsen
we are all enoch bartlett-we are all liars,martin edwards
we are all for the fatherland,maroun bagdadi
we are all going,megan griffiths
we are all guilty,don leaver
we are all imperfect,takuma suzuki
we are all islands,harsh mainra
we are all latino,adam schlachter
we are all monsters here,navot papushado
we are all monsters here,aharon keshales
we are all murderers,andré cayatte
we are all naked,claude pierson
we are all noah,tom regan
we are all one people,gabor kalman
we are all pawns,peter moffatt
we are all special beings,yoo ah-in
we are all suspect,bretaigne windust
we are altogether crazy,sven methling
we are astronomers,david dillehunt
we are brothers,jang jin
we are building a cage,nora k.
we are but little children weak,warwick buckland
we are carpe pontiac,jay chandrasekhar
we are dognappers,adam arkin
we are driven,irving saraf
we are everyone,michael pressman
we are family,michael katleman
we are family,elodie keene
we are family,dennie gordon
we are family,susan shadburne
we are family,siddharth p malhotra
we are family,edward peghin
we are family,juan carlos muñoz
we are family,jim wang
we are family,clifton ko
we are family,renat davletyarov
we are family,pino amenta
we are family not,joel zwick
we are family part 1,bentley kyle evans
we are family part 2,bentley kyle evans
we are family: parenting and foster parenting in gay families,dasal banks
we are fine,simon savory
we are following the sun,vladimir degtyaryov
we are friends,charles mandracchia
we are from kronstadt,efim dzigan
we are gentlemen,eric appel
we are getting divorced,ingrid reschke
we are getting the olympics,mark penney
we are going home,jennifer todd reeves
we are going to moon,nuran sener
we are going to search,vladimir danilevich
we are gone,tim mielants
we are good friends,shin'ichi watanabe
we are here,gillian wearing
we are here,patrick j. adams
we are independent people,yoo ah-in
we are internet millionaires,doug mand
we are internet millionaires,adam pally
we are jews from breslau,dirk szuszies
we are just playing,anja dalhoff
we are kinnah,michael trim
we are looking for a pram,vladimir polkovnikov
we are love,nick lentz
we are marching to pretoria,jamie uys
we are marshall,mcg
we are more than a town,adrian dent
we are nashville: american red cross psa - narrated by billy bob thornton,zac adams
we are nashville: community foundation of tennessee psa - narrated by james denton,zac adams
we are neither romeo nor juliet,alfonso paso
we are never alone,petr václav
we are never ever getting back together,todd nathanson
we are never ever getting back together,david paymer
we are never ever getting back together,rob corn
we are no angels,gianfranco parolini
we are not alone,jeff mccracken
we are not alone,edmund goulding
we are not alone,douglas argent
we are not alone,ülkü erakalin
we are not alone,pere joan ventura
we are not amused,bob spiers
we are not angels,srdjan dragojevic
we are not angels 2,srdjan dragojevic
we are not animals,alejandro agresti
we are not children,augusto genina
we are not garbage,yukihiko tsutsumi
we are not lovers,crystal friedman
we are not your monkeys,anand patwardhan
we are now beginning our descent,pawel pawlikowski
we are one,shih-han liao
we are one,kevin mukherji
we are one: the obama inaugural celebration at the lincoln memorial,don mischer
we are pregnant,juana macías
we are robin hood,david evans
we are salary men,seiji maruyama
we are scientists,brendan colthurst
we are so happy,wannes destoop
we are still here,ásdís thoroddsen
we are still here,ted geoghegan
we are survivors: part i,luke burge
we are the ... of communism,zi'en cui
we are the big bang interview,kimberly quigley
we are the bus people,hussein kamal
we are the champions,martin hagbjer
we are the champions,peter lepeniotis
we are the champions,chuck vinson
we are the champions: part 1,brian parker
we are the champions: part 2,brian parker
we are the champions: part 3,brian parker
we are the children,robert m. young
we are the chimpions,virgil l. fabian
we are the eggmen,george bloomfield
we are the end of the world,greg nicotero
we are the faithful,michael koch
we are the freaks,justin edgar
we are the garrison,udayan prasad
we are the guinea pigs,joan harvey
we are the indians,valeria mapelman
we are the kraken of our own sinking ships,ron lagomarsino
we are the lambeth boys,karel reisz
we are the marines,louis de rochemont
we are the masters now,ronnie baxter
we are the night,dennis gansel
we are the ocean,hannes rossacher
we are the ones: behind the scenes chris declercq featuring lemmy kilmister,martin guigui
we are the palliars,matthew mcglennen
we are the pirates of the roads,marjut komulainen
we are the strange,kyle kallgren
we are the sum,logan giannini
we are the tide,sebastian hilger
we are the war,paco león
we are the world,rudi dolezal
we are the world,gerald b. fillmore
we are the world,tom trbovich
we are the world 25,todd nathanson
we are the world 25.75,neil mahoney
we are the world: a 10th anniversary tribute,foster wiley
we are thr3e,marcelo briem stamm
we are untouchable,luke greenfield
we are water,colin theys
we are what we are,jorge michel grau
we are what we chase,aleksander nordaas
we are what we think about all day long,don stark
we are wizards,josh koury
we are year 7,chris chapman
we are young,francis thompson
we are young,alexander hammid
we are young. we are strong.,burhan qurbani
we are your friends,max joseph
we ate goat brains,destin sandlin
we ate okonomiyaki,shin'ya kawatsura
we bare bears: dreamium,louie zong
we bare bears: goodnight ice bear,madeline sharafian
we become space pirates,matt raub
we believed,mario martone
we belong,daniel hornkvern
we belong right here,victor crowl
we benne op de wereld voor mekaar,haye van der heyden
we both know how this ends,charlie bean
we bought a ghost,ray etheridge
we bought a haunted house,ray etheridge
we bought a zoo,cameron crowe
we bravely dove in,shin'ya kawatsura
we bring you live pictures,michael beckham
we broke,tristram shapeero
we build monsters,alyson fouse
we build we fight,rocky carroll
we built this city,hiroki hayashi
we built this city,satoshi saga
we built this glee club,joaquin sedillo
we call them survivors,csaba czinkoczky
we called in the experts,christopher baker
we came from wolves: glasgow stranger,joseph mclean
we came home,ariana delawari
we can be friends,todor chapkanov
we can be heroes,chris chapman
we can be heroes,rebecca johnson
we can be heroes,gustavo loza
we can be heroes sort of,savage steve holland
we can change the world,yoo ah-in
we can change the world,kristi reed
we can find him,jonathan brown
we can get them for you wholesale,james arrabito
we can go through all of this,teguh karya
we can make you talk: a history of interrogation,ed blum
we can never die,gary shimokawa
we can only be friends,jim wang
we can work it out,graeme harper
we cellar children,wolfgang bellenbaum
we closed in minneapolis,jay sandrich
we come as friends,hubert sauper
we come full of dust,gastón duprat
we come full of dust,mariano cohn
we come in peace,lorenzo scaraggi
we continue in the old style,rory fraser
we continue to truck,bob koherr
we cooked rice at school,shin'ya kawatsura
we could be a lot worse off,richard martin
we could be parents,björn elgerd
we could be royals,andy cadiff
we could sing a duet,michael lehmann
we count too,jesse gouldsbury
we deliver,bill foster
we did it,dave fleischer
we did not fall from the sky,georgia oakley
we dine at seven,frank richardson
we dive at dawn,anthony asquith
we do,tony mordente
we do believe in ghosts,walter west
we do flat tops,jeff doiron
we do it because-,basil wrangell
we do it on saturday,bill turner
we do not forget,zach helm
we do not touch the first ladies,oliver bokelberg
we do our part,roy mack
we do we do,ross partridge
we do weirdest things to impress sometimes,thomas sanders
we do what we can,john reardon
we draw knockoff dragon ball characters,caldwell tanner
we draw our dreams,mohammadreza shams
we draw our own bad anime,caldwell tanner
we drink pee,matt raub
we dwoje,andrzej bednarek
we dwoje,zbigniew chmielewski
we each have our armies,bobby del rio
we fall down,damian bailey
we faw down,leo mccarey
we feed the world,erwin wagenhofer
we feel betrayed,yvan patry
we fight to be free,kees van oostrum
we fixed a truck,elizabeth ito
we fly high,jenn barlow
we follow the rules,russ senzatimore
we fought on d-day,brian henry martin
we found the photo,michael pham
we free kings,sergio citti
we from brueser berg,mahyar goudarzi
we from the urals,aleksandra khokhlova
we from the urals,lev kuleshov
we fuck alone,gaspar noé
we fun,matthew robison
we gaan aan tafel,aart staartjes
we gaan kamperen,aart staartjes
we gaan met de trein,aart staartjes
we gather together,mark cullingham
we gather together,larry elikann
we gather together,steven robman
we gather together,john pasquin
we gave him all our love,david attwood
we generate a spark,henry darrow mccomas
we get along beautifully,maciej jankowski
we get laid off okcupid,courtney enea
we get letters,john bowab
we get poisoned,matt raub
we give pink stamps,friz freleng
we go back,erik canuel
we go deep,sean michaels
we go deep 10,sean michaels
we go deep 11,sean michaels
we go deep 12,sean michaels
we go deep 13,sean michaels
we go deep 14,sean michaels
we go deep 15,sean michaels
we go deep 16,sean michaels
we go deep 17,sean michaels
we go deep 18,sean michaels
we go deep 19,sean michaels
we go deep 2,sean michaels
we go deep 3,sean michaels
we go deep 4,sean michaels
we go deep 5,sean michaels
we go deep 6,sean michaels
we go deep 7,sean michaels
we go deep 8,sean michaels
we go deep 9,sean michaels
we go fast,william c. mcgann
we go in at dawn,ben mole
we go way back,lynn shelton
we gods,emmeline kim
we got a girl,pamela fryman
we got along great afterwards,akitarô daichi
we got each other,bruce bilson
we got hacked,toby jones
we got it maid,mark cendrowski
we got motivated during the holiday break,shin'ya kawatsura
we got no game,amanda bearse
we got nutninkhamun,paul sommer
we got nutninkhamun,robert alvarez
we got to live here,norman fruchter
we got walshed,stephen falk
we got walshed,todd robert anderson
we got you covered,paul notice
we gotta be me,art dielhenn
we gotta get out of this place,gary shimokawa
we gotta get outta this place,melanie mayron
we had a home,drago sumonja
we had it all,aaron jackson
we hang our own,douglas green
we happy few,john badham
we happy few: uncle jack live vr,alex epstein
we have 10 minutes,ralph odierna
we have a cop in trouble,john terlesky
we have a dream,ruth rachel anderson-avraham
we have a dream,bill ewing
we have a dream,rennie cowan
we have a ghost,christopher landon
we have a plan,lyn goldfarb
we have a pope,nanni moretti
we have a promise to keep,s.n.s. sastry
we have an anchor,jem cohen
we have an assignment,james papadopoulos
we have band,benjamin charles
we have brought you little cakes,chris fisher
we have cleared the tower,lili fini zanuck
we have forever: part 1,michael landon
we have forever: part 2,michael landon
we have history together,ian somerhalder
we have never had so many royal and celebrity news coming up before. a wild 2016 by prince mario-max schaumburg-lippe.,prince mario-max schaumburg-lippe
we have no food,noah humphrey
we have no milk,sergio uribe lopez
we have not long to love,bethany rooney
we have our moments,alfred l. werker
we have put her living in the tomb,susan belbin
we have to marry them off,mavrikios novak
we have your daughter,hans scheepmaker
we have your wife,jim ford
we hebben een huis,gerard rekers
we ho,antone anania
we hold these,stan brakhage
we hold these truths,leslie h. martinson
we hold these truths,jason moore
we hold these truths...,duane clark
we home toilers,schamyl bauman
we in here: injecting the culture into hollywood,marc ecko
we in the provinces,stanislaw janicki
we interrupt this broadcast...,martin billany
we interrupt this program,kevin inch
we interrupt this program,bharat nalluri
we interrupt this program,david frankel
we joined the navy,wendy toye
we jumped the shark (tank),jeffrey walker
we just decided to,greg mottola
we kill monsters,lewis lovhaug
we killed a person,tyler a.m.
we killed yamamoto,thomas schlamme
we knew the summer was gone,rex tucker
we know what you did last class,celeste thorson
we knows what to do with them parts...,jeffrey schwarz
we komen als vrienden,marion bloem
we learn about the telephone,jean yarbrough
we leave a magic club,jun'ichi satô
we leave a magic club,ichirô itano
we let people die every day,geeta vasant patel
we leven in de televisie,nico de vries
we like fruit,anthony field
we like them girls,forrest whaley
we like videos,jonathan healey
we live again,rouben mamoulian
we live in darkness,tim russ
we live in prague,otakar vávra
we live in public,ben stiller
we live in two different worlds,paul mccrane
we live in two worlds,alberto cavalcanti
we live out our sonic fan fiction,matt raub
we looked at the moon together,shin'ya kawatsura
we lose one we gain one,marni little
we love,václav kubásek
we love,yûichi satô
we love,jaroslav novotný
we love animals,bruce gowers
we love annie,james komack
we love cleaning,masayoshi nishida
we love cyprus,constantinos isaias
we love dogs,bruce gowers
we love israel,michael brusilovsky
we love millionaires,umetsugu inoue
we love our fans,eric miller
we love our fans,stephen gilliam
we love step,charlene prickett
we love the beasties,jonathan healey
we love trains,bruce gowers
we love you,jonathan kalafer
we love you conrad,james purdum
we love you miss jessup,edward parone
we love you miss pringle,oscar rudolph
we love you mrs. russell,art dielhenn
we love you sergeant snorkle,seymour kneitel
we love you wembley,jim henson
we love you... good-bye,peter bonerz
we made friends with fireflies,kôji sawai
we made friends with fireflies,shin'ya kawatsura
we made our own beer,mike wendt
we made snow houses,shin'ya kawatsura
we made the squad,jeffrey d. erb
we made this movie,rob burnett
we make fire,dennis meyer
we married margo,j.d. shapiro
we may be better strangers,david lowell rich
we may be better strangers,jud taylor
we messed up,toby jones
we mgle,eugeniusz cekalski
we might as well be strangers,sanford bookstaver
we might as well fail,govinda van maele
we moderns,john francis dillon
we monsters,sebastian ko
we mourn we weep we love again,ron lagomarsino
we must do our best,van dyke brooke
we must find father yang,kim hong-sun
we must have a butler,camille de morlhon
we must have music,busby berkeley
we must kill toni,norman felton
we must rebuild,burnie burns
we must rebuild,matt hullum
we nearly lose him,sid griffiths
we need a better title,tristan puig
we need a hero,reginald grey
we need a little christmas,ray butt
we need a new housemate,brayden pavey
we need a vacation,gus trikonis
we need a vacation,didier bivel
we need a wandawhirl,takuya igarashi
we need happiness,aleksandr sokurov
we need tenchi,hiroki hayashi
we need to talk,joshua wacker
we need to talk,haldane duncan
we need to talk,jedrzej michalak
we need to talk,antonio lexerot
we need to talk,david serrano
we need to talk about abigail,mathias herndl
we need to talk about carmilla,spencer maybee
we need to talk about karen,meg quisenberry
we need to talk about kevin,lynne ramsay
we need to talk about kevin,mathew buck
we need to talk about lily,abraham higginbotham
we need you izumi,tomomi mochizuki
we need your vote,mathieu sapin
we never do what they want,moira armstrong
we never went to cheddar gorge,michael currer-briggs
we noemen het liefde,joram lürsen
we of the never never,igor auzins
we on vacation,jared huckaby
we only come out at night,john liang
we only have an hour,greg lansky
we only know so much,donal lardner ward
we only live once,giorgos tzavellas
we owe ya one books,carolyn johnston
we owe you an apology..,joe sugg
we own the night,james gray
we own the streets,nissan shor
we people of september,stefano veneruso
we pick the winners 2013: nfl super bowl xlvii special,andy forrest
we pick the winners 2015 nfl super bowl xlix special,andy forrest
we pick the winners 2016 nfl super bowl 50 special,andy forrest
we plan,bethany rooney
we protect our own,jeremiah s. chechik
we r friends,jaidev chakraborty
we reach out,marcello daciano
we refuse to be cold,alexander carson
we regret,louis mendiola
we regret to advise there will be a delay,julian pringle
we regret to inform you,stacy peralta
we remain,jamie jones
we remember,john a. gallagher
we remember marilyn,ted newsom
we remember we revere,leo penn
we rode slinky dog,david kyle eisenhauer
we rule high school,anthony padilla
we rule high school,ian hecox
we run the night,eddie mariano
we run these streets,mark a. allard
we said goodbye,isao takahata
we sail at midnight,julian spiro
we salute you,tatum shank
we salute you,péter vajda
we saved a life,joe sugg
we saw a sea serpent,joseph barbera
we saw a sea serpent,william hanna
we saw the creature,seth renne
we see colourless,lee russell
we set out to be wrecked,rodney bennett
we shall fight them in the breeches,david askey
we shall live forever,greg yaitanes
we shall meet again,levon grigoryan
we shall miss you,david sullivan proudfoot
we shall not be moved,peter frazer-jones
we shall not be moved,ray butt
we shall overcome,oscar l. costo
we shall overcome,simon witter
we shall overcome,saeed akhtar mirza
we shall overcome,jim brown
we shall overcome,kelvin shum
we shall overcompensate,jamie travis
we shall overpack,paul bartel
we shall remain: part i - after the mayflower,chris eyre
we shall remain: part iii - trail of tears,chris eyre
we shall remain: part v - wounded knee,stanley nelson
we shall return,philip s. goodman
we shall see,quentin lawrence
we shall see,quentin lawrence
we shall see him as he is,charles stone iii
we should be careful when handling weird products sent to us by corporate.,kinji yoshimoto
we should be talking,david attwood
we should have seen this coming,bruce mcdonald
we should not exist,hervé pierre-gustave
we should not have done this..,joe sugg
we should worry,kenean buel
we should worry,james d. davis
we should worry for auntie,harry myers
we speak,jesse grce
we spy,lawrence dobkin
we spy,bill foster
we stand a chance,courteney cox
we stand alone,masami ôbari
we stand alone together,mark cowen
we start at dawn,nobuo nakagawa
we stay together,michael davies jr.
we steal secrets,alex gibney
we still die the old way,sacha bennett
we still kill the old way,sacha bennett
we still kill the old way,elio petri
we still love godzilla,john h. shelton
we still say grace,brad helmink
we still steal the old way,sacha bennett
we stole a tram,aldo fabrizi
we suck 3,jake malone
we suck at golf,matt raub
we survived,eugeniusz cekalski
we swallow,rodney moore
we swallow 10,rodney moore
we swallow 11,rodney moore
we swallow 12,rodney moore
we swallow 13,rodney moore
we swallow 14,rodney moore
we swallow 15,rodney moore
we swallow 16,rodney moore
we swallow 17,rodney moore
we swallow 18,rodney moore
we swallow 19,rodney moore
we swallow 2,rodney moore
we swallow 20,rodney moore
we swallow 21,rodney moore
we swallow 22,rodney moore
we swallow 23,rodney moore
we swallow 3,rodney moore
we swallow 32,rodney moore
we swallow 35,rodney moore
we swallow 4,rodney moore
we swallow 5,rodney moore
we swallow 6,rodney moore
we swallow 7,rodney moore
we swallow 8,rodney moore
we swallow 9,rodney moore
we take it black,l.t.
we take the other way,nader ebrahimi
we take you,david wagner
we talk as much as we talk,jav rivera
we the cats shall hep ya,william forest crouch
we the dead,edmund yeo
we the hunted,ken hughes
we the jury,sturla gunnarsson
we the living,goffredo alessandrini
we the living,cyril butcher
we the marines,greg macgillivray
we the party,mario van peebles
we the people,gerren keith
we the people,emmanuel itier
we the people,harry harris
we the people,d'arcy marsh
we the people,amardeep kaleka
we the people,ben rivers
we the people,john nicolella
we the people 200: the constitutional gala,dwight hemion
we the people have found our voice,iva radivojevic
we the people of the revolution,daniel j. strehlau
we the students,atef salem
we the survivors,brendan byrne
we the undersigned,raimo o. niemi
we the women,gianni franciolini
we the women,roberto rossellini
we the women,luchino visconti
we the women,alfredo guarini
we think the world is round,rudy larriva
we think the world of you,colin gregg
we think the world of you,tristram powell
we three kings,lazarus x
we three kings,savage steve holland
we three witches,joe davison
we tried having a cultural festival,shin'ya kawatsura
we two,ulrich schamoni
we two,emilio fernández
we two alone,marino girolami
we two are one too,sophie muller
we two kings,jerry zaks
we waited until nightfall,guillermo zouain
we wanna gangbang the baby sitter 16,eric jover
we wanna get married,garry simpson
we wanna hold your hand,james widdoes
we want baxter,jay sandrich
we want our mummy,del lord
we want roses too,alina marazzi
we want the airwaves,scott ryan
we want to get you married,cyril aris
we wanted more,stephen dunn
we wanted to be u2,andrea barzini
we was robbed,mark tinker
we watch you watch,aaron heffernan
we watched the first sunrise of the year,shin'ya kawatsura
we watched the first sunrise of the year,kôji sawai
we welcome any attention from cats,thomas sanders
we went,dustin rikert
we went to a candy store,shin'ya kawatsura
we went to china,damon dash
we went to college,joseph santley
we went to eleven,todd robert anderson
we went to eleven,stephen falk
we went to look at the stars,shin'ya kawatsura
we went to war,michael grigsby
we went to wonderland,xiaolu guo
we were a great team...,darko dragic
we were all someone else yesterday,ole christian madsen
we were always on break,jaymes camery
we were americans,avo john kambourian
we were communists,maher abi samra
we were cowards,yvan patry
we were dancing,robert z. leonard
we were dining and i decided,görkem yeltan
we were funny once,mark stacey white
we were german jews,michael blackwood
we were having such a nice day,jordan vogt-roberts
we were here,paul hoen
we were in kazan,timur nurulin
we were in kazan 2,timur nurulin
we were in kazan 3,timur nurulin
we were in nam,michael dault
we were just playing,ann-kristin reyels
we were none,ivan kander
we were not made for this world,colin west
we were once a fairytale,spike jonze
we were only 19,david bradbury
we were rebels,florian schewe
we were rebels,katharina von schroeder
we were robbed,coby ruskin
we were seven widows,mario mattoli
we were so beloved...,manfred kirchheimer
we were so close that nothing use to stand between us,allan arkush
we were soldiers,randall wallace
we were soldiers with senpai,shin itagaki
we were strangers,john huston
we were supposed to help each other,frederick king keller
we were the champions,thomas cock
we were the champions,stephen la rivière
we were the mulvaneys,peter werner
we were the night,kyle b. thompson
we were there,pat rocco
we were there: christianity during the holocaust,pierre sauvage
we were there: first love,takahiro miki
we were there: true love,takahiro miki
we were young,philippe guillard
we were young,binka zhelyazkova
we who are about to die,christy cabanne
we who are young,harold s. bucquet
we who love her,don weis
we who stayed behind,martin de thurah
we will always love you: a grammy salute to whitney houston,louis j. horvitz
we will be ephemeral,teddy bergman
we will be happy one day,pawel wysoczanski
we will be strong in our weakness,susanne sachße
we will be the world champions,darko bajic
we will be together,kim cheol-gyu
we will break through,julie andem
we will breathe later,barry bliss
we will come back,ivan pyrev
we will fight,marcello daciano
we will meet again,kazuki akane
we will never be alone again,yann gonzalez
we will not be held responsible,shin'ichi watanabe
we will not conform,glenn beck
we will not die like dogs,lisa yvonne russell
we will not die tonight,richard somes
we will rock you,julian chojnacki
we will rock you: queen live in concert,saul swimmer
we win,michael stahl-david
we wish you a merry cryst-meth,jerry london
we wish you a turtle christmas,larry osborne
we wish you a turtle christmas,doug walker
we wish you a turtle christmas,allison pregler
we with sherlock holmes,vladimir popov
we wlasne sidla,edward puchalski
we women,w.p. kellino
we work in the dark,jimmy manfredy
we wrote a song in 1 hour,joe sugg
we zijn nog jong,willy van hemert
we. alone.,bryan fox
weak,colman domingo
weak-kneed from fear of ghost-cat,torajirô saitô
weak at denise,julian nott
weak but willing,archie mayo
weak but willing,william watson
weak ends,adam christie
weak hearts and wild lions,fred hibbard
weak humans wise demons,masaaki yuasa
weak knees,albert ray
weak knees,albert herman
weak link,gregory j. bonann
weak moment,lorraine senna
weak no longer,ichirô itano
weak point of team lightans,kôichi mashimo
weak spot,peter fleischmann
weak square,morio asaka
weaker gender,vladimir vinogradov
weaker sex,robert siodmak
weaker than man,ty leisher
weakness,michael melamedoff
weakness,michael a. allowitz
weakness into strength,ian macneill
weald and downland open air museum - night 1,karl beattie
weald and downland open air museum - night 2,karl beattie
wealth,william desmond taylor
wealth,tim kirkby
wealth hunters,glenn gt taylor
wealth of a nation,donald alexander
wealth of the world: oil,grahame tharp
wealth stripped,christina cindrich
wean,colin gilbert
weaning,john pasquin
weapon,don thacker
weapon,george spenton-foster
weapon baron,vadim shmelyov
weapon of courage,don weis
weapon of war,brian trenchard-smith
weaponized soul,paco cabezas
weapons,adam bhala lough
weapons,jon amiel
weapons,amir blumenfeld
weapons,jake hurwitz
weapons-grade,bradford may
weapons factory,giancarlo volpe
weapons for survival,martin kratt
weapons of ass destruction,jules jordan
weapons of ass destruction 2,jules jordan
weapons of ass destruction 3,jules jordan
weapons of ass destruction 4,jules jordan
weapons of ass destruction 5,jules jordan
weapons of ass destruction 6,jules jordan
weapons of ass destruction 7,jules jordan
weapons of class destruction,john t. kretchmer
weapons of comedic destruction,michael kennedy
weapons of love,clifford s. elfelt
weapons of mass destruction,jesse bochco
weapons of past destruction,phil lott
weapons of the spirit,pierre sauvage
wear,antonio dyaz
wear a very big hat,ken loach
wear it,joanna kerns
wear me out,dan murphy
wear sunscreen,mark alazraki
wear the black gloves,sang eun lee
wearefamily,germain choffart
wearers of furs and quills,raymond l. ditmars
wearers of the mask,brad goodchild
wearing of the green,seymour robbie
wearing womens underwear underneath male clothes,vera wylde
weary river,frank lloyd
weary sun,john hawthorne smith
weary traveler,vanessa cloke
weary willie,george albert smith
weary willie and tired tim turned barbers,william haggar
weary willie and tired tim: a dead shot,william haggar
weary willie and tired tim: the gunpowder plot,william haggar
weary willie day,alex r. wagner
weary willie in search of hidden treasure,tom browne
weary willie steals a fish,lewin fitzhamon
weary willies,friz freleng
weasel stop,robert mckimson
weasel waltz,john pasquin
weasel warfare,joseph sargent
weasel while you work,robert mckimson
weasels rip my flesh,brad jones
weasels vs. robots,adam weissman
weather,christopher petit
weather,christopher petit
weather,antunes filho
weather ahead,garry simpson
weather balloon feathered balloon,ana mendieta
weather biggle,bruce gowers
weather bomb,toryn westcott
weather clear track fast,leigh jason
weather diary 1,george kuchar
weather diary 2,george kuchar
weather diary 3,george kuchar
weather diary 4,george kuchar
weather diary 5,george kuchar
weather diary 6,george kuchar
weather for today,fielder cook
weather forecast,evelyn cherry
weather girl,mel damski
weather girl,tomoaki hosoyama
weather machine,paul furlong
weather or not,eric fawcett
weather or not,bob zamboni
weather or not,john bowab
weather or not,john kimball
weather or not,seymour kneitel
weather prompter,julian pico
weather rat,di drew
weather rat,sophia turkiewicz
weather report - stadthalle offenbach 29. september 1978,christian wagner
weather talk,keene mcrae
weather the storm,rick friedberg
weather the storm,peter deluise
weather the storm,oliver bokelberg
weather watch,george kuchar
weather watchers,jack kinney
weather wizards,fred zinnemann
weather woman returns,tomoaki hosoyama
weatherbeaten melody,hans fischerkoesen
weathercocks,adriana vior
weathering heights,gail mancuso
weathering the storm,dalton harpe
weathering with you,makoto shinkai
weathertop: the windy hill,karina friend buck
weave a tangled web,seymour robbie
weave nets to catch the wind,marc daniels
weavers of fortune,arthur rooke
weavers of maindargi,harisadhan dasgupta
weavers to wearers,stuart allen
weaving,bill morrison
weaving a story,kazuya tsurumaki
weaving a story,hideaki anno
weaving a story 2: oral stage,hideaki anno
weaving a story 2: oral stage,kazuya tsurumaki
weaving ants,gérald calderon
weaving coats for gentlemen,alan cooke
weaving girl,quan'an wang
weaving the past: journey of discovery,walter dominguez
web,trevor hawkins
web,richard martin
web-spion,oren schmuckler
web celeb,chris mccaleb
web feet,manny gould
web feet,ben harrison
web feet,samuel gallu
web mistress,wesley emerson
web model,aleksander daniltsev
web of circumstance,russell stoneham
web of danger,hisayuki toriumi
web of danger,hisayuki toriumi
web of danger,philip ford
web of darkness,bruce seven
web of death,william hale
web of deceit,sandor stern
web of deceit,seymour robbie
web of deceit,ed bye
web of deceit,alan cooke
web of deception,massimo castellani
web of deception,richard a. colla
web of desire,michael lange
web of desire,wesley emerson
web of evidence,jack cardiff
web of fate,dallas m. fitzgerald
web of fear,laslo benedek
web of fear,bob hathcock
web of fear,françois villiers
web of guilt,william corrigan
web of guilt,gerald mayer
web of hate,john brahm
web of intrigue,michael caffey
web of lies,virgil w. vogel
web of lies,nicholas sgarro
web of lies,david askey
web of persuasion,franz marx
web of seduction,kelly holland
web of suspicion,max varnel
web of the mistress,vince benedetti
web of the spider,antonio margheriti
web of the star witch,arthur h. nadel
web of violence,nick nostro
web premiere toons: the funtastic four,mark marek
web premiere toons: the pitch,ric heitzman
web war,ryuta tasaki
web wars,rodrigo amador
web weirdos,larry leichliter
web with four spiders,robert tronson
webb pierce and chet atkins,albert c. gannaway
webb porter,jack bender
webbed,gabriel lo giudice
webcam,toni aharon
webcam,marc van uchelen
webcam,adolfo alix jr.
webcam,fred savage
webcam with iona,david lussier
webcam with veronica,david lussier
webelieveinthepoweroflove,luca finotti
weber - grand duo concert for clarinet and piano,stéphan aubé
weber and fields,lee de forest
weber m.d.,alex reid
webgirl,chris mccaleb
webgirl,james stiles
webisode 1,matilda brown
webisode 2,matilda brown
webisode 3,matilda brown
webisode 4,matilda brown
webisode 5,matilda brown
webisode one,butch hartman
webliners,robert pfitzner
webmaster,thomas borch nielsen
webnecks,dave willis
webs of steel,j.p. mcgowan
webserie capsula,thalles cabral
webseries,ballard c. boyd
website,mandie fletcher
websitestory,dan chisu
webster hell: opening the nightclub,chris komar
webster long: part 1,joel zwick
webster long: part 2,joel zwick
webster long: part 3,joel zwick
websterian students,murray roth
webtrek,lee bernhardi
wechseljahr,nicholas bodeux
wechselkurs der liebe,gerhard klingenberg
wechselschritt,thomas durchschlag
wechselschritt,christoph eichhorn
wechselspiel,moritz richard schmidt
wechselspiel der liebe,rolf von sydow
wechselspiele,achim poulheim
wechselspiele,ilse hofmann
wechselspiele,franz josef gottlieb
wecken sie madame nicht auf,willi schmidt
wed apr 1 2009,cynthia j. popp
wed apr 28 2010,gary donatelli
wed feb 1 2006,gary donatelli
wed feb 1 2006,cynthia j. popp
wed feb 22 2006,gary donatelli
wed feb 8 2006,gary donatelli
wed jan 11 2007,deveney kelly
wed jan 12 2005,deveney kelly
wed jan 12 2005,mike denney
wed jan 12 2011,deveney kelly
wed jan 13 2010,cynthia j. popp
wed jan 14 2004,deveney kelly
wed jan 15 2003,deveney kelly
wed jan 15 2003,gary donatelli
wed jan 16 2002,scott mckinsey
wed jan 16 2008,habib azar
wed jan 18 2006,mike denney
wed jan 18 2006,gary donatelli
wed jan 2 2008,cynthia j. popp
wed jan 2 2008,habib azar
wed jan 2 2008,scott mckinsey
wed jan 2 2013,deveney kelly
wed jan 2 2013,cynthia j. popp
wed jan 2 2019,cynthia j. popp
wed jan 21 2004,cynthia j. popp
wed jan 21 2009,cynthia j. popp
wed jan 23 2008,cynthia j. popp
wed jan 23 2013,sonia blangiardo
wed jan 24 2007,mike denney
wed jan 25 2006,scott mckinsey
wed jan 25 2006,gary donatelli
wed jan 25 2007,cynthia j. popp
wed jan 26 2000,deveney kelly
wed jan 27 2010,deveney kelly
wed jan 27 2010,scott mckinsey
wed jan 27 2010,christopher goutman
wed jan 28 2009,scott mckinsey
wed jan 28 2009,cynthia j. popp
wed jan 29 2003,gary donatelli
wed jan 3 2007,sonia blangiardo
wed jan 3 2007,mike denney
wed jan 30 2002,christopher goutman
wed jan 30 2008,sonia blangiardo
wed jan 30 2008,deveney kelly
wed jan 31 2007,scott mckinsey
wed jan 4 2006,scott mckinsey
wed jan 4 2006,gary donatelli
wed jan 5 2005,deveney kelly
wed jan 7 1987,matthew diamond
wed jan 7 2004,deveney kelly
wed jan 7 2009,deveney kelly
wed jan 7 2009,scott mckinsey
wed jan 8 2003,gary donatelli
wed jan 9 2008,cynthia j. popp
wed jan 9 2008,scott mckinsey
wed jul 28 2010,scott mckinsey
wed mar 1 2006,deveney kelly
wed mar 1 2017,cynthia j. popp
wed mar 28 2007,mike denney
wed may 10 2006,gary donatelli
wed may 24 2006,gary donatelli
wed may 3 2006,gary donatelli
wed may 31 2006,gary donatelli
wed: image video,péter tokay
wed: summer collection,péter tokay
wedad,fritz kramp
wedded bliss,harry edwards
wedded blisters,jules white
wedded blitz,harry edwards
wedding,ed bye
wedding,john stroud
wedding,ed bye
wedding,christine gernon
wedding,christine gernon
wedding,ken kwapis
wedding,ben robinson
wedding,tristram shapeero
wedding,tatjana turanskyj
wedding,viesturs kairiss
wedding,alexander singer
wedding,donick cary
wedding,horace ové
wedding,richard boden
wedding,jason winer
wedding,christopher hanvey
wedding,nic phillips
wedding,larry leichliter
wedding,mandie fletcher
wedding,john kaye cooper
wedding,heiko schier
wedding,wheeler winston dixon
wedding,will mackenzie
wedding,petar pasic
wedding,les chatfield
wedding,sam weisman
wedding 1968,francis lee
wedding 83,wim umboh
wedding advice: speak now or forever hold your peace,fred zeytoonjian
wedding advice: speak now or forever hold your peace,karen sosnoski
wedding and waiting,david schneider
wedding anniversary,ozzie nelson
wedding anniversary,frank telford
wedding anniversary,frank telford
wedding at eden,arch nicholson
wedding at graceland,eric close
wedding at lake wolfgang,hans behrendt
wedding balls,james burrows
wedding band,jack sameth
wedding band,joseph papp
wedding bell blahs,linda day
wedding bell blues,jefferson kibbee
wedding bell blues,noriyuki abe
wedding bell blues,jim drake
wedding bell blues,larry hagman
wedding bell blues,brian trenchard-smith
wedding bell blues,charles t. kanganis
wedding bell blues,jonathan morgan
wedding bell blues,james burrows
wedding bell blues,jorge montesi
wedding bell blues,bill foster
wedding bell blues,richard correll
wedding bell blues,amy sherman-palladino
wedding bell blues,xeth feinberg
wedding bell blues,art dielhenn
wedding bell blues,gerren keith
wedding bell blues,burt brinckerhoff
wedding bell blues dorky dad and baby appetites,vin di bona
wedding bell blues: part 1,jim drake
wedding bell blues: part 2,jim drake
wedding bell shablues,bob sweeney
wedding belle,edward bernds
wedding belle blues,linda day
wedding belle blues,joel zwick
wedding belle blues: part 1,richard lang
wedding belle blues: part 2,richard lang
wedding belle bruise,robert sizemore
wedding belles,sandy johnson
wedding belles,sam newfield
wedding belles,pete michels
wedding bells,harry edwards
wedding bells,ippei kuri
wedding bells,derrick goodwin
wedding bells,ben harrison
wedding bells,howard bretherton
wedding bells,graeme muir
wedding bells,peter frazer-jones
wedding bells,manny gould
wedding bells,frederick de cordova
wedding bells,chester withey
wedding bells blues,robert townsend
wedding bells for aunt bee,bob sweeney
wedding bells for brandon,deveney kelly
wedding bells for rosey,oscar dufau
wedding bells for rosey,paul sommer
wedding bells for rosey,arthur davis
wedding bells for rosey,charlie downs
wedding bells from hell,debbie allen
wedding bells out of tune,malcolm st. clair
wedding bells shall ring,allen curtis
wedding bells: part 1,christian i. nyby ii
wedding bells: part 1,william asher
wedding bells: part 2,christian i. nyby ii
wedding belts,dave fleischer
wedding bills,roy mack
wedding blackmail,paul landres
wedding bliss,rick baldwin
wedding bliss comedy is not pretty and funeral for a fin,vin di bona
wedding bloss,richard boden
wedding blues,frederick sullivan
wedding blues,al christie
wedding booth,raz de la torre
wedding by kidnapping,patricia verhaegen
wedding cake,lance comfort
wedding cake,viola baldwin
wedding cakes and headaches,jeffrey r. daniels
wedding celebration,r. krishnan
wedding celebration,s. panju
wedding chest,nurbek egen
wedding crashers,john purzycki
wedding crashers,david dobkin
wedding crashers 2,david dobkin
wedding dance,clayton farris
wedding dance,debbie allen
wedding dance,çigdem sezgin
wedding dates,rod daniel
wedding day,john stroud
wedding day,richard morris
wedding day,sheldon leonard
wedding day,charles e. bastien
wedding day,john llewellyn moxey
wedding day,yevgeni slavinsky
wedding day,lena dunham
wedding day,john howe
wedding day,ted post
wedding day,julian biggs
wedding day,kôzaburô yoshimura
wedding day,david schmoeller
wedding day,mark mylod
wedding day blues,jun'ichi satô
wedding day nerves,sydney lotterby
wedding daydream,ansgar ahlers
wedding daze,michael ian black
wedding daze,georg stanford brown
wedding dress,kwon hyeong-jin
wedding dress attacker,jeff hare
wedding dress shopping,matthew wiatt
wedding dumb bells,malcolm st. clair
wedding fever,stuart allen
wedding fever,dorothy lyman
wedding for disaster,chuck sheetz
wedding from hell,arvin brown
wedding gown,alexandre aja
wedding group,vere lorrimer
wedding in blood,claude chabrol
wedding in corsica,john guillermin
wedding in darab-kala,ahmad shamlu
wedding in galilee,michel khleifi
wedding in jerusalem,renen schorr
wedding in majorca,charles barton
wedding in malinovka,andrey tutyshkin
wedding in new york,alber ponte
wedding in paradise,adam newacheck
wedding in rome,olaf kreinsen
wedding in white,william fruet
wedding invitation,omar aziz
wedding kisses,yuri mamin
wedding kisses,arkadiy tigay
wedding march,raymond menmuir
wedding march,james neilson
wedding march,kon ichikawa
wedding march,andré hugon
wedding march 4: something old something new,peter deluise
wedding mourning,william witney
wedding night,giannis dalianidis
wedding night,nyle cavazos garcia
wedding night,amer al-hamoud
wedding night,erik blomberg
wedding night blues,eric edwards
wedding night in the rain,horst seemann
wedding night report,hubert frank
wedding night woes,doug bresler
wedding nights,han hsiang li
wedding of captain betren and madame denisoff,george albert smith
wedding of disaster,lawrence till
wedding of prince harry and meghan markle special (show 49),raphael moran
wedding of the century,gregory j. bonann
wedding on the rocks,sheldon epps
wedding on the volga,mark schweid
wedding or not here we come,richard correll
wedding party,petter vennerød
wedding party,svend wam
wedding photography,andy mcentire
wedding picture,joel torre
wedding planner,daniel de felippo
wedding planner,george ratliff
wedding planner,matthew cullinan
wedding plans,pamela fryman
wedding plans,sydney lotterby
wedding plans,robert m. leeds
wedding preparations,sydney lotterby
wedding present,richard wallace
wedding pumps,fred hibbard
wedding redux,david steinberg
wedding rehearsal,alexander korda
wedding ring,laurice guillen
wedding ring,maryo j. de los reyes
wedding ring,keisuke kinoshita
wedding rings,william beaudine
wedding rings,ozzie nelson
wedding rituals,michel ricaud
wedding shots,aysegül epengin
wedding showers,lloyd bacon
wedding slips,jules white
wedding smashers,linda wallem
wedding talk,peter frazer-jones
wedding thrashers,adam newacheck
wedding trough,thierry zéno
wedding unplanned,reem kherici
wedding videography,adam davidson
wedding vow,boots plata
wedding vow renewal,ronn moss
wedding wedding,steve zuckerman
wedding week,matthew carr
wedding wings,howard storm
wedding wonders,max clendaniel
wedding worries,edward l. cahn
wedding wows,arvid e. gillstrom
wedding yells,lloyd french
wedding yells,charles lamont
wedding yells,jules white
weddings and babies,morris engel
weddings and other disasters,nina di majo
weddings are wonderful,maclean rogers
weddings music and videotapes,tudor giurgiu
weddings on the patio,matthew wiatt
weddings wiggins and water torture,hiroki shibata
weder tag noch stunde,bruno jantoss
wedergeboorte,dennis bots
wederopstanding,jon karthaus
wederzijds,gerard rutten
wedge tutorial,jan kidawa-blonski
wedgetail,greg blakey
wedgie 4: special delivery,andrew bentler
wedgie 7 - predator,noah applebaum
wedgie cream pie,andrew bentler
wedgie of death,andrew bentler
wedingu beru,takao nagaishi
wedlock,james hodgetts
wedlock,lewis teague
wedlock,moira armstrong
wedlock,wallace worsley
wedlock,norma bailey
wedlock deadlock,edward bernds
wedlock deadlock,john reardon
wedlock house: an intercourse,stan brakhage
wedlocked,stan lathan
wednesday,andrew o'keefe
wednesday,adam llewellyn
wednesday,martin shardlow
wednesday,justin d. hilliard
wednesday,mason cade packer
wednesday,kevin mukherji
wednesday,renny rye
wednesday,john godber
wednesday,susan tully
wednesday,joel nassan
wednesday,dan sanguineti
wednesday (09-09-1998),eduard huis in 't veld
wednesday 13: scream britain scream,wednesday 13
wednesday 26 april 1916: two thousand sherwood foresters,louis lentin
wednesday afternoon,alonso mayo
wednesday in dubrovnik,james ormerod
wednesday is missing,joseph barbera
wednesday is missing,william hanna
wednesday ladies free,michael o'herlihy
wednesday leaves home,sidney lanfield
wednesday love,michael apted
wednesday march 4 2009,jonathan betzler
wednesday may 9,vahid jalilvand
wednesday morning 8 am,john solomon
wednesday night at the movies,joshua courtade
wednesday night at the ritz,philip tannura
wednesday night out,jerry paris
wednesday the 13th,tracy morse
wednesday thursday morning,grzegorz pacek
wednesday warrior,james neilson
wedrowni cyrkowcy,jerzy afanasjew
wedstrijd met sneeuwwagens,françois rents
wedtime stories,ben holmes
wee-willie wildcat,dick lundy
wee bit ingles blinking not so bonnily,les chatfield
wee boots,jonathan haug
wee geordie,frank launder
wee hoose among the heather,george pearson
wee lady betty,charles miller
wee men,joseph henabery
wee sing in sillyville,david poulshock
wee sing in the marvelous musical mansion,david poulshock
wee sing under the sea,david poulshock
wee sing with wee friends,zane lamprey
wee small hours,steve zuckerman
wee water wonders,russell t. ervin
wee wee monsieur,del lord
wee willie winkie,john ford
weebl and bob at christmas,jonti picking
weebles: sharing in the fun,kevin vanhook
weebles: welcome to weebleville,kevin vanhook
weed,robert j. emery
weed,alex de renzy
weed and me,raj jawa
weed anime,caldwell tanner
weed anime,caldwell tanner
weed anime 2: the reboot,caldwell tanner
weed dating,melanie hinkle
weed man,villa mane
weed of the living dead,michael bilinski
weed shall overcome,wendy acey
weed the people,adam newacheck
weed wars,earl bellamy
weed: or a cancer in the community,brandon kane
weeding,hyun-zo kim
weedland,sassy mohen
weeds,michael pattinson
weeds,john d. hancock
weeds,thomas stellmach
weegee,pola weiss
weegee disease,luke lerdwichagul
weegee the famous,andrew piddington
weeji,allisyn snyder
week-end,marion sarraut
week-end,alice o'fredericks
week-end,pierre sabbagh
week-end,david mcneil
week-end,lau lauritzen
week-end,stéphan carpiaux
week-end at the waldorf,robert z. leonard
week-end au paradis,guy lefranc
week-end guest,david macdonald
week-end in havana,walter lang
week-end in winnetka,harry keller
week-end marriage,thornton freeland
week-end pass,gerald savory
week-end pass,jean yarbrough
week-end pour charles-auguste,bernard hecht
week-end surprise,andré leroux
week-end surprise,georges dumoulin
week-end with father,douglas sirk
week-end wives,harry lachman
week-ends,anne villacèque
week 1,bobbie koek
week 1,steven soderbergh
week 1,phil heyes
week 1,jason m. palmer
week 1 live check-in,jonathan kimmel
week 1 picks,jonathan kimmel
week 1 recap,jonathan kimmel
week 1: fall 2017,phil heyes
week 1: marit - vrijdag 08:00 uur,antoinette beumer
week 1: paul - maandag 14:00 uur,alain de levita
week 1: sacha - dinsdag 14:00 uur,alain de levita
week 1: simon juliette en olivier - woensdag 16:00 uur,alain de levita
week 1: wouter - donderdag 09:00 uur,alain de levita
week 10,jason m. palmer
week 10,steven soderbergh
week 11,bobbie koek
week 12 sunday,jason m. palmer
week 12 thursday,jason m. palmer
week 15,jason m. palmer
week 16,jason m. palmer
week 2,phil heyes
week 2,jason m. palmer
week 2,jason m. palmer
week 2,phil heyes
week 2,brett register
week 2,steven soderbergh
week 2 live check-in,jonathan kimmel
week 2 picks,jonathan kimmel
week 2 recap,jonathan kimmel
week 2: ballroom night,phil heyes
week 2: las vegas night,phil heyes
week 2: latin night,phil heyes
week 2: marit - vrijdag 08:00 uur,antoinette beumer
week 2: new york city night,phil heyes
week 2: paul - maandag 14:00 uur,alain de levita
week 2: sacha - dinsdag 14:00 uur,alain de levita
week 2: simon juliette en olivier - woensdag 16:00 uur,antoinette beumer
week 2: wouter - donderdag 09:00 uur,alain de levita
week 3,bobbie koek
week 3,steven soderbergh
week 3,jason m. palmer
week 3,jason m. palmer
week 3,phil heyes
week 3,jason m. palmer
week 3 live check-in,jonathan kimmel
week 3 picks,jonathan kimmel
week 3 recap,jonathan kimmel
week 3: guilty pleasures night,phil heyes
week 3: juliette en olivier - woensdag 16:00 uur,antoinette beumer
week 3: marit - vrijdag 08:00 uur,antoinette beumer
week 3: most memorable night,phil heyes
week 3: paul - maandag 14:00 uur,alain de levita
week 3: prom night,brett register
week 3: sacha - dinsdag 07:45 uur,alain de levita
week 3: wouter - donderdag 09.00 uur,alain de levita
week 4,jason m. palmer
week 4,jason m. palmer
week 4,steven soderbergh
week 4 2018,jason m. palmer
week 4 live check-in,jonathan kimmel
week 4 picks,jonathan kimmel
week 4 recap,jonathan kimmel
week 4: marit - vrijdag 08:00 uur,antoinette beumer
week 4: most memorable year night,phil heyes
week 4: paul - maandag 09:00 uur,alain de levita
week 4: sacha - dinsdag 14:00 uur,alain de levita
week 4: simon en olivier - woensdag 16:00 uur,antoinette beumer
week 4: trio night,phil heyes
week 4: wouter - donderdag 09:00 uur,alain de levita
week 5,jason m. palmer
week 5,steven soderbergh
week 5,bobbie koek
week 5 2018,jason m. palmer
week 5 live check-in,jonathan kimmel
week 5 picks,jonathan kimmel
week 5 recap,jonathan kimmel
week 5: disney night,phil heyes
week 5: disney night,phil heyes
week 5: sacha - dinsdag 14:00 uur,alain de levita
week 5: simon juliette en olivier - woensdag 16:00 uur,antoinette beumer
week 6,steven soderbergh
week 6 2018,jason m. palmer
week 6 live check-in,jonathan kimmel
week 6 picks,jonathan kimmel
week 6 recap,jonathan kimmel
week 6: halloween night,phil heyes
week 6: night at the movies,phil heyes
week 7,jason m. palmer
week 7,bobbie koek
week 7,steven soderbergh
week 7 2018,jason m. palmer
week 7: country night,phil heyes
week 7: halloween,phil heyes
week 8,jason m. palmer
week 8,steven soderbergh
week 8 washington vs dallas,jason m. palmer
week 8: trio night,phil heyes
week 8: trio night,phil heyes
week 9,steven soderbergh
week 9,bobbie koek
week 9: semi-finals,phil heyes
week 9: semi-finals,phil heyes
week by week,baz taylor
week end break,jean-paul cardinaux
week end husbands,edward h. griffith
week ends only,alan crosland
week five,phil heyes
week five,phil heyes
week five,chris cashman
week four,chris cashman
week four,phil heyes
week four,phil heyes
week in the chair,ted wass
week in the life of jasmin st. claire,lizzy borden
week in the life of kristi myst,lizzy borden
week night stands,jamie jones
week nine,chris cashman
week off,derek martinus
week one,jonathan cook
week one,phil heyes
week one,chris cashman
week seven,phil heyes
week six,phil heyes
week six,chris cashman
week ten,chris cashman
week three,chris cashman
week three,phil heyes
week two,phil heyes
week two,chris cashman
week woman,daniel grou
week zero,jeffrey walker
weekday afternoon live,rich arons
weekday heroes,bruce kimmel
weekday service,james dastoli
weekday service,robert dastoli
weekday with ernie,ted lange
weekdays,stephen harrington
weekend,cliff bole
weekend,todd holland
weekend,erik gustavson
weekend,nanouk leopold
weekend,paul bogart
weekend,john davies
weekend,rolf von sydow
weekend,peter loos
weekend,joan craft
weekend,adam hobel
weekend,andrew mccullough
weekend,matt sloan
weekend,paul annett
weekend,cezary pazura
weekend,don taylor
weekend,bob claver
weekend,palle kjærulff-schmidt
weekend,jean-luc godard
weekend,michal kaminski
weekend,gareth morgan
weekend,christopher barry
weekend,janusz dymek
weekend,hermann lanske
weekend,hanro smitsman
weekend,moroco colman
weekend,ville gideon sörman
weekend,alan rafkin
weekend,joseph marzano
weekend,jonathan alwyn
weekend,howard deutch
weekend,franz josef wild
weekend,nic phillips
weekend,stanislav govorukhin
weekend,mario porfito
weekend,ante zaninovic
weekend,pedro lazaga
weekend-party,edwin zbonek
weekend-party,herbert fuchs
weekend at bernies 2,joshua a lincoln
weekend at the beach,bruno bianchi
weekend away,gary shimokawa
weekend away,asaad kelada
weekend break,john reardon
weekend cabin,james magnum cook
weekend cowgirls,ray dennis steckler
weekend daddy,arnold margolin
weekend encounter,nancy hendrickson
weekend for three,irving reis
weekend getaway,linda day
weekend getaways 1,mark corwin
weekend getaways 1,mark corwin
weekend getaways 1,mark corwin
weekend getaways 1,mark corwin
weekend getaways 1,mark corwin
weekend getaways 1,mark corwin
weekend getaways 1,mark corwin
weekend getaways 2,mark corwin
weekend getaways 2,mark corwin
weekend getaways 2,mark corwin
weekend getaways 2,mark corwin
weekend getaways 2,mark corwin
weekend getaways 2,mark corwin
weekend getaways 2,mark corwin
weekend getaways 3,mark corwin
weekend getaways 3,mark corwin
weekend getaways 3,mark corwin
weekend getaways 3,mark corwin
weekend getaways 3,mark corwin
weekend getaways 3,mark corwin
weekend getaways 3,mark corwin
weekend getaways 4,mark corwin
weekend getaways 4,mark corwin
weekend getaways 4,mark corwin
weekend getaways 4,mark corwin
weekend getaways 4,mark corwin
weekend getaways 4,mark corwin
weekend getaways 4,mark corwin
weekend getaways 5,mark corwin
weekend getaways 5,mark corwin
weekend getaways 5,mark corwin
weekend getaways 5,mark corwin
weekend getaways 5,mark corwin
weekend getaways 5,mark corwin
weekend getaways 5,mark corwin
weekend guest,john jacobs
weekend guest,james cellan jones
weekend i nizza,lennart bernadotte
weekend i nizza,olle nordemar
weekend im paradies,josef stauder
weekend im paradies,claus homschak
weekend im paradies,karl wesseler
weekend im paradies,rolf von sydow
weekend im paradies,peter loos
weekend in alphaville,bruce labruce
weekend in australia,therese denny
weekend in capri,mario salieri
weekend in chianti,giorgio bottos
weekend in connecticut,christian nyby
weekend in diego,marc cushman
weekend in l.a.,david steinberg
weekend in los angeles,hy averback
weekend in new england 1,mark corwin
weekend in new england 2,mark corwin
weekend in new england 3,mark corwin
weekend in new england 4,mark corwin
weekend in new england 5,mark corwin
weekend in new york,nell cox
weekend in paradise,james v. kern
weekend in the country,michael katleman
weekend in the country,paul bogart
weekend in the country,james allen
weekend in the mountains,james v. kern
weekend in tokyo,gene reynolds
weekend in vegas,phill lewis
weekend in vermont,herbert hirschman
weekend invitation,david butler
weekend lockup,matt sterling
weekend lover,ye lou
weekend lovers,kiran shah
weekend mit leiche,sven severin
weekend murder,ralph murphy
weekend of horrors,alex lotz
weekend of horrors: part 1,adam green
weekend of horrors: part 2,adam green
weekend of living dangerously,joanna kerns
weekend of shadows,tom jeffrey
weekend of terror,jud taylor
weekend off,charlie nairn
weekend off,john henderson
weekend on ice,richard kinon
weekend pass,jesús salvador treviño
weekend pass,ted kotcheff
weekend plans,michael ferguson
weekend plans,vere lorrimer
weekend plans,sergio pinheiro
weekend plans,adam bernstein
weekend retreat,jack impellizzeri
weekend shuffle,genji nakamura
weekend to remember,stormy daniels
weekend trip,andrew mccullough
weekend vampire,bruce bilson
weekend war,steven hilliard stern
weekend warrior,kunihiko yuyama
weekend warrior,georg fenady
weekend warriors,bert convy
weekend warriors,todd berger
weekend warriors,dyanna lauren
weekend warriors,lyndon casey
weekend with bernie,bob koherr
weekend with birdie,michael mcdonald
weekend with dad,austin spero
weekend with kate,arch nicholson
weekend with marylin,luca damiano
weekend with molly,john brookbank
weekend with my mother,stere gulea
weekend with sally: part 1,gerald blake
weekend with sally: part 2,gerald blake
weekend with the killers of comedy tampa,jason sirotin
weekend with walter,leslie goodwins
weekend without,becky yeboah
weekend without bernie,alex decourville
weekend z dziewczyna,janusz nasfeter
weekender,karl golden
weekendje weg,job gosschalk
weekendmanship,ray butt
weekends,thomas sanders
weekends are for shopping,casey neistat
weekends are for taking off,frank cox
weekends at bellevue,jack bender
weekendy,józef hen
weekendy,jan rutkiewicz
weekendy,wadim berestowski
weeknight mexican,christopher lane
weeknights,stephen harrington
weeks of advent,magdolna cecília eröss
weemaweegate,kim friedman
weenie,ken daurio
weenie,cinco paul
weenie,kyle balda
weenie,dan roe
weenie roast,ben harrison
weenie roast,antonio lexerot
weenie roast,manny gould
weenie roast massacre,john f. kerr
weenies,krystal heib
weep no more,ted post
weep no more my lady,rudy larriva
weep no more my lady,michel andrieu
weep no more my lady,manuel perez
weep no more my willow,william asher
weep the hunter home,lamont johnson
weepah way for now,stephen ringer
weeping candy,ekaterina grokhovskaya
weeping for a bandit,carlos saura
weeping may endure for a night,tyler perry
weeping widow,paul abascal
weeping widow,rachael king
weeping willow,tom dicillo
weepy talks turkey,martin rackin
weer die duitsers,job gosschalk
weer verder na de groep...,jop de vries
weergevonden,louis h. chrispijn
weerskant die nag,franz marx
weerstand en constatie,frans buyens
weerzien,jan keja
weerzien,michiel van jaarsveld
weerzienwekkend,wim bax
weerzienwekkend,wouter springer
weesenstein - die flut und der untergang eines dorfes,kamil taylan
weet dat ik van je hou,beri shalmashi
weevily swede,james hill
weezer: video capture device - treasures from the vault 1991-2002,spike jonze
weezer: video capture device - treasures from the vault 1991-2002,jonathan dayton
weezer: video capture device - treasures from the vault 1991-2002,valerie faris
weg,tommy hermans
weg,dominikus probst
weg,charley ann schmutzler
weg in die freiheit,alfred weidenmann
weg in die vergangenheit,karl hartl
weg ins licht,dennis satin
weg met die rossen,johan gevers
weg naar het oosten,raphaël algoet
weg vom fenster,michael fengler
weg vom fenster - leben nach dem burnout,sören senn
weg vom veto,steffen nowak
weg zum nachbarn,zbigniew rybczynski
weg zum nachbarn,lutz mommartz
wege - grenzen,stephan wagner
wege der entscheidung: part 1,carsten meyer-grohbrügge
wege der entscheidung: part 1,jürgen weber
wege der entscheidung: part 10,alexander wiedl
wege der entscheidung: part 2,jürgen weber
wege der entscheidung: part 2,carsten meyer-grohbrügge
wege der entscheidung: part 3,carsten meyer-grohbrügge
wege der entscheidung: part 3,jürgen weber
wege der entscheidung: part 4,carsten meyer-grohbrügge
wege der entscheidung: part 4,jürgen weber
wege der entscheidung: part 5,jürgen weber
wege der entscheidung: part 5,carsten meyer-grohbrügge
wege der entscheidung: part 6,alexander wiedl
wege der entscheidung: part 7,alexander wiedl
wege der entscheidung: part 8,alexander wiedl
wege der entscheidung: part 9,alexander wiedl
wege der leidenschaft,klaus wirbitzky
wege der liebe,michael steinke
wege des lasters,franz hofer
wege des zufalls,carl-heinz schroth
wege im zwielicht,gustav fröhlich
wege ins verderben,karl kases
wege nach amazonien,ernst-ludwig freisewinkel
wege nach rom,michael werlin
wege und umwege,jürgen klauß
wege zum erfolg,wolfgang f. henschel
wege zum nachbarn,jan lenica
wege zum wissen,marc adrian
wege zur guten ehe,adolf trotz
wegen der vielen morde - widerstand gegen das unrecht,irmgard von zur mühlen
wegen renovierung geschlossen,rudolf nussgruber
wegen todesfall geschlossen,gabriele denecke
weggehen um anzukommen,alexandra von grote
weggelopen,timon moll
weggeputzt,monika zinnenberg
weggeschaut,moritz heidelbach
weggesperrt,kerstin ahlrichs
weggesperrt,oren schmuckler
weggooien,ron cornet
weghet nazar,mohamed sobhi
wegierski lacznik,krzysztof jaroszynski
weglaufen geht nicht,markus welter
weglaufen gilt nicht,steffen nowak
wegrzy potrzebuja pomocy,roman zaluski
wegweiser,ulf janssen
wegweiser zum happy end,wolfgang münstermann
weh dem der erbt,max mack
weh dem der erbt,christa mühl
wehe dem der liebt,marijan david vajda
wehe wenn er losgelassen,martin fric
wehe wenn er losgelassen,karel lamac
wehe wenn schwarzenbeck kommt,may spils
wehe wenn sie losgelassen,ludwig czerny
wehe wenn sie losgelassen,gottfried herrmann
wehe wenn sie losgelassen,carl froelich
wehe wenn sie losgelassen...,géza von cziffra
wehikul czasu,jan bujnowski
wehmut,esther wenger
wehmut,steffen nowak
wehrkraftzersetzung - ende 1940,rainer wolffhardt
wehrlos,ulli baumann
wehrlos,christopher schier
wehrlos,hartwig van der neut
wehrlos,michael bentele
wehrlos,florian froschmayer
wehrlose opfer,richard eichberg
wehrmachtsfilm,edi wieser
weht die angst so weht der wind,manfred kaufmann
wei chao xiao feng,man-ching kwan
wei chu jia de ma ma,yi-min wen
wei chu jia de ma ma,shilin zhu
wei hai zi men zhu fu,dan zhao
wei hun fu qi,fong pau
wei hun nan nv,zero chou
wei ji si fu,chen lo
wei jun chou,dao yang
wei le liu shi yi ge jie ji xiong di,tian xie
wei ni feng kuang,dao yang
wei qing gao yang,stanley sui-fan fung
wei qing suo kun: shang,da ying
wei qing suo kun: xia,da ying
wei qing zhui zong,chun-liang chen
wei shui xin ku wei shui mang,feng yueh
wei xian de mi yue lu xing,saifu
wei xian ren wu,chiu-feng yuan
wei zheng zhan long,kuang-chi tu
weib gegen weib,lorenz bätz
weib gegen weib,arthur günsburg
weib gegen weib,henri étiévant
weib in flammen,max reichmann
weib und palette,johannes guter
weiber,franz xaver bogner
weiber,norbert schultze jr.
weiberfastnacht,ralph polinski
weiberflucht,peter hill
weibergeschichten,herbert ballmann
weiberhaushalt,karola hattop
weiberleut,michael braun
weiberpack,iain dilthey
weiberwirtschaft,peter kahane
weibis meisterwerk,thomas pauli
weibliche reize,emmo lempert
weibliche verwirrung,patrik fichte
weibsbilder,leon boden
weiche landung,werner masten
weichei,bernd lange
weicheier,nicolai rohde
weichenstellung,dagmar von chappuis
weichselkirschen und lorbeer,olrik breckoff
weichselkirschen und lorbeer,olrik breckoff
weigh in way out,mark tinker
weigh to go buddy,joel zwick
weighed but found wanting,lino brocka
weighed by one number,jillian o'neil
weighed in the balance,howell hansel
weighed in the balance,al christie
weighing in,edward bernds
weighing in time,ivor wood
weighing of evils,lorraine senna
weight,megan amram
weight,samuel m. dabbs
weight,frederick king keller
weight,john dahl
weight and see,paul schrier
weight for me,gene deitch
weight lifter,sidney salkow
weight loss,paul feig
weight of a wall,tim clague
weight of command,william j. hole jr.
weight of command,herschel daugherty
weight of evidence,gerry poulson
weight of evidence,jim goddard
weight of the world,oz scott
weight of the world,brent e. huffman
weight of the world,paul wendkos
weight on jamal,frank bonner
weight room macabre,mathew fisher
weightier matters,doug phillips
weighting,brie larson
weightless,maciej drygas
weightless,don mischer
weightless love,mike jittlov
weightlifter,dmytro sukholytkyy-sobchuk
weightloss,roman gabriel arriola
weights of sorrow,ninja miori
weightwatch,fernando eimbcke
weihachten 1983: feiern und helfen,otto anton eder
weihertal,walter weber
weihnacht,roland klick
weihnacht wie noch nie - 1935,edgar reitz
weihnachten,david schalko
weihnachten,harald sicheritz
weihnachten,janis rattenni
weihnachten,christa mühl
weihnachten,guido pieters
weihnachten,truck branss
weihnachten,marc-andreas bochert
weihnachten,franz josef gottlieb
weihnachten auf dem markt,wilm ten haaf
weihnachten auf dem marktplatz,heinz wilhelm schwarz
weihnachten auf gut aiderbichl,michael aufhauser
weihnachten bei buchholzens,hans-waldemar bublitz
weihnachten bei hoppenstedts,vicco von bülow
weihnachten im fahrstuhl,emmo lempert
weihnachten im polizeirevier,bernhard helfrich
weihnachten im polizeirevier,steffi kammermeier
weihnachten im september,hajo gies
weihnachten im sommer,jürgen weber
weihnachten in kaltenthal,ulrich könig
weihnachten mal ganz anders,michael werlin
weihnachten mit carolin reiber,thomas meissner
weihnachten mit charly,franz josef gottlieb
weihnachten mit schatten,andreas morell
weihnachten unter palmen,ulrich könig
weihnachtsabend - tradition vs. patchwork,andreas morell
weihnachtsbaum,lola randl
weihnachtschaos,dagmar von chappuis
weihnachtsdienst,marie kreutzer
weihnachtsevangelium,wolfgang pfaundler
weihnachtsfreud und -leid,rudolf del zopp
weihnachtsgaben,jürgen brauer
weihnachtsgans auguste,andreas morell
weihnachtsgeld,zoltan spirandelli
weihnachtsgeschichten,christa mühl
weihnachtsmann gesucht,uwe janson
weihnachtsmuffel,ulli baumann
weihnachtstraum,thomas jahn
weihnachtstrauma,andreas morell
weihnachtsvorfreuden,otto schenk
weihnachtswunder,mathias luther
weihnachtswunder,dagmar von chappuis
weihnachtswunderland,alex schmidt
weikersheim - eine kleine stadt wird gefilmt,rainer wolffhardt
weil der mensch ein mensch ist,frauke finsterwalder
weil der mensch ein mensch ist,frauke finsterwalder
weil der mensch ein mensch ist,stephan hilpert
weil du die sonne nicht sehen kannst,ennio cacciato
weil du es bist,hans werckmeister
weil du mich liebst,wilhelm gröhl
weil dummheit nicht lustig ist sondern traurig,peter gersina
weil heute dein geburtstag ist - 100 jahre erich,christoph grunert
weil ich dich liebe,hans kratzert
weil ich dich liebe,hanna henning
weil ich dich mag...,daniel walta
weil wir euch lieben,hans-christian schmid
weil wir uns lieben,laura thies
weilerbach,yann tonnar
weimar du wunderbare,egon günther
weimar liegt bei buchenwald,peter ulbrich
wein weib gesang,willi achsel
wein weib und gesang,oliver baier
weine nicht marcel,christopher schier
weine nicht mutter,iva raffay
weiner,elyse steinberg
weiner bros,preston hazard
weiner of our discontent,ron hughart
weiner of our discontent,tim parsons
weiner of our discontent,brent woods
weinkenner,zbynek brynych
weinprobe,adalbert plica
weinprobe,erich neureuther
weinviertel - weites land,robert neumüller
weird,guy stephens celin
weird al,jay chandrasekhar
weird al presents al-tv,'weird al' yankovic
weird al yankovic,jefferson dutton
weird and wonderful,péter vajda
weird anime products,matt raub
weird badge,casey alexander
weird brothers,erik canuel
weird but true news,benj thall
weird but wonderful and pick the real video,vin di bona
weird dance,jake kasdan
weird dreams: part 1,manny velazquez
weird edm party,matt raub
weird fancies,segundo de chomón
weird food gadgets,matt raub
weird genes,wayne blair
weird gross dudes,robert krauss
weird it up,alfonso ribeiro
weird janis and the white trash baby vessel,sara st. onge
weird knight,reginald hudlin
weird nightmare,ray davies
weird pilot,jake kasdan
weird political stories,josh feldman
weird respawn,sean becker
weird science,gail mancuso
weird science,paul fusco
weird science,dinah manoff
weird science,bruce mcdonald
weird science,david katzenberg
weird science,charles e. bastien
weird science,john hughes
weird sex,roy karch
weird superpower,thomas sanders
weird tales,sandro baldoni
weird things teenagers do,marcus butler
weird thoughts,don coutts
weird times,mehmet emrah erkani
weird web,péter vajda
weird wednesday,lawrence dobkin
weird wild and off the rails,brea tisdale brumels
weird woman,reginald le borg
weird workout videos,jon jafari
weird worlds,max clendaniel
weird... but warm,natasha lyonne
weird: the al yankovic story,eric appel
weirdest instruments ever,matt raub
weirdmageddon,sunil hall
weirdness: hair,william dufresne
weirdo,darrol blake
weirdo beach,daniel gray longino
weirdo gallagher vortex,kat coiro
weirdo lang syne,jen ponton
weirdos,roland andre miller
weirdos,bruce mcdonald
weirdsville,allan moyle
weisaaja,heikki kossi
weiser,wojciech marczewski
weissbeeren,selon fischer
weisse frau schwarzer mann,barbara lüthi
weisse geister,martin baer
weisse nacht,sabrina sarabi
weissenburgs tod,emmo lempert
weissenstein,david jarab
weissenstein,radim spacek
weisser marmor aus athen,michael braun
weissfilm,wilhelm hein
weissfilm,birgit hein
weisswale am st. lorenz strom,florian guthknecht
weit hinter dem horizont,stefanie sycholt
weit ist der weg,wolfgang schleif
weit weg von hier,kristina konrad
weit weg von hier,kristina konrad
weite strassen stille liebe,herrmann zschoche
weiter immer weiter,sebastian ko
weiter laufen,jan bolender
weiter unter beobachtung,steffen nowak
weiterbildung mord,florian schott
weitere aussichten,franz-xaver kroetz
weitere aussichten,michael füting
weitere aussichten heiter...,konrad petzold
weiterleben,michel bielawa
weitertanzen,friederike jehn
weitertanzen,udo witte
weites meer,emre koca
weitsicht,klaus georgi
wejscie smoka,filip zylber
wejscie w nurt,barbara sass
wekalat el-balah,houssam el-din mustafa
wekiva falls,thomas j. churchill
welcher see,franz xaver bogner
welcome,anees bazmee
welcome,nicholas larrabure
welcome,cynthia lea clark
welcome,fausto estrada guerrero
welcome,philippe lioret
welcome,kirsten dunst
welcome,balázs dudás
welcome,branko vukotic
welcome 2 ibiza,david winters
welcome 2 killa city,antwan smith
welcome aboard,jean becker
welcome aboard,richard michaels
welcome aboard,nathan blackwell
welcome aboard 1,mark corwin
welcome aboard 2,mark corwin
welcome aboard 3,mark corwin
welcome aboard 4,mark corwin
welcome aboard 5,mark corwin
welcome aboard from fort lauderdale 1,mark corwin
welcome aboard from fort lauderdale 2,mark corwin
welcome aboard from fort lauderdale 3,mark corwin
welcome aboard from fort lauderdale 4,mark corwin
welcome aboard from fort lauderdale 5,mark corwin
welcome all sexes: 30 jahre teddy awards,rosa von praunheim
welcome back,adam deyoe
welcome back,jon keeyes
welcome back,morio asaka
welcome back,caillou pettis
welcome back,takaaki ishiyama
welcome back,richard correll
welcome back,masayuki kojima
welcome back,michael palance
welcome back,kôichi mashimo
welcome back,mazin elsadig
welcome back,sandra goldbacher
welcome back,anees bazmee
welcome back (pilot),james komack
welcome back big time,scott fellows
welcome back blotter,rashida jones
welcome back carlo,tom pardoe
welcome back carter,sarah k. pillsbury
welcome back carter,steve boyum
welcome back carter,matthew diamond
welcome back carter,james purdum
welcome back duke,kenneth r. koch
welcome back edward,ricky davao
welcome back kevin,william d. russell
welcome back kids,jonathan healey
welcome back miss brown,james sheldon
welcome back mr. buzzcock,liz anderson
welcome back mr. mcdonald,kôki mitani
welcome back pinocchio,orlando corradi
welcome back robert,linda day
welcome back sergeant mckellar,frank arnold
welcome back to collinwood,dominic mendez
welcome back to the barrio,jaime mariscal
welcome back to the party,brandon rice
welcome back: friends,nobuyoshi habara
welcome baxter,john pasquin
welcome birds of passage,erkko kivikoski
welcome danger,clyde bruckman
welcome dr. janet alvarez gonzalez and her friends,janet alvarez gonzalez
welcome eaters,peter atencio
welcome enemy,leslie goodwins
welcome europa,bruno ulmer
welcome for the general,alan crosland jr.
welcome geneva,laurice guillen
welcome granger,wesley ruggles
welcome guest in a treasure chest,joseph barbera
welcome guest in a treasure chest,william hanna
welcome holy spirit,matteo garrone
welcome home,kate freund
welcome home,malcolm st. clair
welcome home,ralph senensky
welcome home,herbert hirschman
welcome home,susan belbin
welcome home,trond kvist
welcome home,paul michael glaser
welcome home,jean-xavier de lestrade
welcome home,george ratliff
welcome home,al christie
welcome home,geoffrey sax
welcome home,phill lewis
welcome home,franklin j. schaffner
welcome home,john kenney
welcome home,marco bottiglieri
welcome home,laurits munch-petersen
welcome home,andreas gruber
welcome home,leo cunningham
welcome home,ryan harr
welcome home,david trueba
welcome home,don richardson
welcome home,roy clements
welcome home,christopher barry
welcome home,gamaal 'taylor' storr
welcome home,yul brynner
welcome home,james tinling
welcome home,ciro cappellari
welcome home,mike holgate
welcome home,michael imison
welcome home,spike jonze
welcome home,amber dawn landrum
welcome home,hay plumb
welcome home,peter cregeen
welcome home,robert florey
welcome home,brenda daly
welcome home,jay sandrich
welcome home,angelina nikonova
welcome home,bobby roth
welcome home,lauren meyering
welcome home,tomohisa taguchi
welcome home,james cruze
welcome home a stranger,mark sandrich jr.
welcome home audition,tatsuya ishihara
welcome home baby-to-be-named-later,richard correll
welcome home bobby,herbert wise
welcome home brother charles,jamaa fanaka
welcome home champ,darryl sheen
welcome home dan,robert ellis miller
welcome home dear anna,marc daniels
welcome home dr. blair,jackie cooper
welcome home emma-rose,miriam heard
welcome home goodwins,peyton reed
welcome home hayabusa,katsuhide motoki
welcome home ii,mike holgate
welcome home jaime: part 1,alan crosland jr.
welcome home jaime: part 2,alan crosland jr.
welcome home jake,james widdoes
welcome home jellybean,robert mandel
welcome home jigger,geoffrey nethercott
welcome home johnny bristol,george mccowan
welcome home lassie,sunao katabuchi
welcome home lefty,richard goode
welcome home leila,anja dalhoff
welcome home party,michael berry
welcome home robbie,nathaniel beaver
welcome home roscoe jenkins,malcolm d. lee
welcome home roxy carmichael,jim abrahams
welcome home soldier boys,richard compton
welcome home stranger,william corrigan
welcome home surprise,jeffrey r. daniels
welcome home sweetie,peter ormrod
welcome home vince,barry shear
welcome home: part 1,jerry paris
welcome home: part 2,jerry paris
welcome ii the terrordome,ngozi onwurah
welcome in paradise,erwin keusch
welcome is fashion and ceremony,michael lange
welcome little kangaroo: eight years of bbc2,sheldon larry
welcome little stranger,connie rasinski
welcome m1ll10ns,milroy goes
welcome maria,juan lópez moctezuma
welcome mat,dan riley
welcome matt,g. scott labarge
welcome matt,pamela fryman
welcome matt,ted wass
welcome mischa mouse,martin taras
welcome mr washington,leslie s. hiscott
welcome mr. change,nino leitner
welcome my wife,leslie arliss
welcome neighbor,jack hively
welcome new girl to the electricity that will make you cum,bobbi starr
welcome news,sydney lotterby
welcome or no trespassing,elem klimov
welcome paisano,rafael villaseñor kuri
welcome party,ed helms
welcome party,andrew yang reece
welcome stafford,greg tiernan
welcome stranger,norman foster
welcome stranger,elliott nugent
welcome stranger,richard goode
welcome stranger,james young
welcome stranger,alvin ganzer
welcome stranger,jason turley
welcome the night,adrilenzo cassoma
welcome the stranger,ernest r. dickerson
welcome the stranger,justin kelly
welcome to 18,terry carr
welcome to acted online,dean armstrong
welcome to alancrest,james widdoes
welcome to alaska,rodney g. johnson
welcome to america,john sjogren
welcome to america,christopher guest
welcome to america,rish mustaine
welcome to america jade snow,bernard mceveety
welcome to america mr. brand,winrich kolbe
welcome to america: 50 states 50 days,rodney g. johnson
welcome to amity,arthur hiller
welcome to area fifty-something,eddie trigueros
welcome to arrow beach,laurence harvey
welcome to aurordeca,adrian picardi
welcome to bavaria,matthias kossmehl
welcome to bayview,gareth gwenlan
welcome to beacon,monty oum
welcome to big sur sir,william wiard
welcome to blood city,peter sasdy
welcome to bohemia,wally van
welcome to bondage: alana patch,e.z. ryder
welcome to bondage: alex jordan and justin case,e.z. ryder
welcome to bondage: ari,e.z. ryder
welcome to bondage: brittany,e.z. ryder
welcome to bondage: brooke,e.z. ryder
welcome to bondage: celeste,e.z. ryder
welcome to bondage: chelly,e.z. ryder
welcome to bondage: christie,e.z. ryder
welcome to bondage: crystal wilder,e.z. ryder
welcome to bondage: dominique,e.z. ryder
welcome to bondage: eva,e.z. ryder
welcome to bondage: francesca le,e.z. ryder
welcome to bondage: gabrill,e.z. ryder
welcome to bondage: jasper,e.z. ryder
welcome to bondage: lorrin mick,e.z. ryder
welcome to bondage: miyoshi,e.z. ryder
welcome to bondage: mona lisa,e.z. ryder
welcome to bondage: nikki,e.z. ryder
welcome to bondage: pantera,e.z. ryder
welcome to bondage: rebecca and julian,e.z. ryder
welcome to bondage: sahara,e.z. ryder
welcome to bondage: sami,e.z. ryder
welcome to bondage: sunset thomas,e.z. ryder
welcome to bondage: tara gold,e.z. ryder
welcome to bondage: tiffany taylor,e.z. ryder
welcome to brickleberry,carl faruolo
welcome to britain,ben lewin
welcome to brklyn,ian fischer
welcome to browntown,t.j. shanks
welcome to bucket,heather langenkamp
welcome to california,susan traylor
welcome to caligola,lovisa inserra
welcome to camp blood,manny velazquez
welcome to camp blood,dominic mendez
welcome to camp kikiwaka,bob koherr
welcome to canada,john n. smith
welcome to card capital,hatsuki tsuji
welcome to censornati,steven bognar
welcome to cherna,sam gorski
welcome to chloeville,chloe nicole
welcome to christmas,gary harvey
welcome to colditz,michael ferguson
welcome to collinwood,anthony russo
welcome to collinwood,joe russo
welcome to collinwood: uncensored,andy davoli
welcome to curiosity,ben pickering
welcome to dead house: part 1,william fruet
welcome to dead house: part 2,william fruet
welcome to dignity pastures,brian lonano
welcome to dodgertown,brett rapkin
welcome to dongmakgol,kwang-hyun park
welcome to dreadville iii: dark of night,jason patfield
welcome to dreadville iii: the lottery,jason patfield
welcome to dreadville iv: love death and blueberry pancakes,jose carlos gomez
welcome to dreadville v: souls of mischief,tony wash
welcome to dreadville v: souls of mischief,jason patfield
welcome to dreadville: addict,jason patfield
welcome to dreadville: distraught,jason patfield
welcome to duel academy,hatsuki tsuji
welcome to earth,rachel talalay
welcome to earth,alan j.w. bell
welcome to earth-2,millicent shelton
welcome to eden,michael mcgreevey
welcome to elderstorm,diego bonuccelli
welcome to elmore,ben bocquelet
welcome to eltingville,chuck sheetz
welcome to estonia,oliver frohnauer
welcome to europe,david borbas
welcome to fairview,johnathan paul
welcome to farewell-gutmann,xavi puebla
welcome to fat camp,mark chapman
welcome to fight night,phill lewis
welcome to film school,aaron milus
welcome to film school,joshua milus
welcome to freshport,dominic polcino
welcome to fukushima,alain de halleux
welcome to fun world,michael palance
welcome to galaxy high,sam nicholson
welcome to galaxy high,david hilberman
welcome to gatlin: the sights and sounds of children of the corn,michael felsher
welcome to genesis,robert day
welcome to germany,thomas brasch
welcome to germany,simon verhoeven
welcome to germany: the place for your ideas,alan rexroth
welcome to gildegaran,mitsuru hongô
welcome to gitmo,jack bender
welcome to glaringly,grant orchard
welcome to graveland,tammi sutton
welcome to gunnarsbyn,anette winblad
welcome to hadassah hospital,ramón gieling
welcome to hall,luke ostermiller
welcome to hanwell,mark fischbach
welcome to hard times,burt kennedy
welcome to havana,felipe lacerda
welcome to haven,adam kane
welcome to hebburn pet,christine gernon
welcome to hell,james cullen bressack
welcome to hell,mike j. mcallister
welcome to hell,chris alberghini
welcome to hell,michael dutfield
welcome to hell,manuel huerga
welcome to high school,angelo farina
welcome to high school,tatsuya ishihara
welcome to high school,naoko yamada
welcome to hollister,michael lembeck
welcome to hollyweird,brooke siffrinn
welcome to hollywood,tony markes
welcome to hollywood,adam rifkin
welcome to hollywood,dena darvish derakhshan
welcome to hong kong,antonio negret
welcome to horror,luke ostermiller
welcome to hotel mummy,junji nishimura
welcome to iceland,felix tissi
welcome to insanity,blaine santos
welcome to ireland,abner pastoll
welcome to italy (the huntress),emanuele cerman
welcome to japan,yoshihiro nishimura
welcome to jesus forever for you,mimo garcia
welcome to korea,gene reynolds
welcome to l.a.,alan rudolph
welcome to l.a.,joel zwick
welcome to l.a. part 2,john whitesell
welcome to la,andy dugan
welcome to lakeview terrace: behind the scenes,katy leigh
welcome to latnok,guy norman bee
welcome to lazytown,magnús scheving
welcome to leash,doug bass
welcome to liberty village,kevin hooks
welcome to life,alejandro marcos
welcome to life 1.0,alejandro marcos
welcome to life 2.0,alejandro marcos
welcome to life 3.0,alejandro marcos
welcome to life as a hot loser,erika jordan
welcome to littleburg,tim hill
welcome to logan 2,mark cendrowski
welcome to lomas taurinas,natalia beristain
welcome to love,mohamed salman
welcome to macintosh,josh rizzo
welcome to maken-ki,kôichi ôhata
welcome to malibu,gary shimokawa
welcome to man-bottomless,chris mccaleb
welcome to maplecroft,russell mulcahy
welcome to marwen,robert zemeckis
welcome to matheson,michael morris
welcome to mayfield,igor auzins
welcome to me,freddie wong
welcome to me,shira piven
welcome to memorial dr. bradford,bernard mceveety
welcome to mercy,michael kennedy
welcome to mi vida loca,álvaro curiel
welcome to monster school,john omohundro
welcome to monterey,william witney
welcome to muirfield,matt dearborn
welcome to musilasia,michael henry daniel
welcome to my bedroom,adam hall
welcome to my life,elizabeth ito
welcome to my nightmare,jerry paris
welcome to my nightmare,guillaume beylard
welcome to my nightmare,todd holland
welcome to my prison,monja art
welcome to nairobi,neil schell
welcome to nashville (the piedmont brothers band live in italy),graziano molteni
welcome to nerima u festival,katsuyuki motohiro
welcome to nerima u festival,tatsuo satô
welcome to new york,abel ferrara
welcome to new york,peter markle
welcome to new york,bettina perut
welcome to new york,william bickley
welcome to new york,nicholas stoller
welcome to new york,iván osnovikoff
welcome to newtown: part 1,roderick graham
welcome to newtown: part 2,roderick graham
welcome to normal,frank meli
welcome to north korea,peter tetteroo
welcome to nowhere,robin dunne
welcome to nyc,casey neistat
welcome to olesonville,maury dexter
welcome to open source university,wendell charles nesmith
welcome to our branch office,charles s. dubin
welcome to our city,john llewellyn moxey
welcome to our city,leopold wharton
welcome to our city,robin h. townley
welcome to oz,rick green
welcome to palm springs,azazel jacobs
welcome to paradise,dick moder
welcome to paradise,james goldstone
welcome to paradise,daniel haller
welcome to paradise,michael lucas
welcome to paradise,j. barry herron
welcome to paradise,bill norton
welcome to paradise,michael a. allowitz
welcome to paradise,andrew lawrence
welcome to paradise palms,georg fenady
welcome to parkdale,ian johnston
welcome to pastrana land,jeff tremaine
welcome to pca,savage steve holland
welcome to ramos robot repair,styro
welcome to reality,eric martinez
welcome to republic city,joaquim dos santos
welcome to rome,pino zac
welcome to safari west,fred heiman
welcome to sajjanpur,shyam benegal
welcome to santa rosa county,christian i. nyby ii
welcome to sarajevo,michael winterbottom
welcome to school,emilie de azevedo brown
welcome to serendipity,karen gloyd
welcome to serendipity,robert black
welcome to siegheilkirchen,marcus h. rosenmüller
welcome to skary,cory edwards
welcome to space,calvin wong
welcome to spain,carlos atanes
welcome to springwood,ken wiederhorn
welcome to st ignatius,michael palance
welcome to strathmuir,nick moran
welcome to sunhaven,wolfgang storch
welcome to sweetknuckle junction,mike mitchell
welcome to sweetwater,rod holcomb
welcome to swim club,cynthia j. popp
welcome to switzerland,léa fazer
welcome to tbilisi,rod hardy
welcome to tequila,rick bayless
welcome to thanksgiving,stan lathan
welcome to the alternate economy,noah hawley
welcome to the bully,mark cendrowski
welcome to the candy house,jan krüger
welcome to the cathouse,nicole lace
welcome to the circus,john fitzpatrick
welcome to the city,jonathan alwyn
welcome to the climb,mark cendrowski
welcome to the club,bruce bilson
welcome to the club,peter bonerz
welcome to the club,greg yaitanes
welcome to the club,andreas schimmelbusch
welcome to the club,walter shenson
welcome to the club,wes kenney
welcome to the club,david wickes
welcome to the dauntless motel,justin paul warren
welcome to the day 6 of the iraq war,selma vilhunen
welcome to the day 6 of the iraq war,reetta aalto
welcome to the dinner bash,diana c. zollicoffer
welcome to the dinner guest,stan lathan
welcome to the doghouse,jason reilly
welcome to the dollhouse,jeff mccracken
welcome to the dollhouse,jackson douglas
welcome to the dollhouse,ron lagomarsino
welcome to the dollhouse,todd solondz
welcome to the dome,jochen hick
welcome to the downtown eastside,matthew shewchuk
welcome to the dreamhouse,saul blinkoff
welcome to the family,madeline rocco
welcome to the family,devon lyon
welcome to the family,derrick goodwin
welcome to the family,ian gilmour
welcome to the family,robert m. leeds
welcome to the family,brock waidmann
welcome to the festival,tensai okamura
welcome to the festival,tadashi hiramatsu
welcome to the field museum,michael aranda
welcome to the future,jacque fresco
welcome to the gardens,barry shear
welcome to the guide,devon werkheiser
welcome to the happy days,gavin lin
welcome to the hellmouth,charles martin smith
welcome to the hood,paul robinson
welcome to the hotel calamari,amanda bearse
welcome to the house of fur pi,bobby hollander
welcome to the house of pain,david hayman
welcome to the housewarming,ken whittingham
welcome to the jungle,t.j. shanks
welcome to the jungle,james whitmore jr.
welcome to the jungle,tami farrell
welcome to the jungle,mitsuru hongô
welcome to the jungle,sean basinger
welcome to the jungle,alexander gorelick
welcome to the jungle,jonathan hensleigh
welcome to the jungle,louise zhang
welcome to the jungle,mark mylod
welcome to the jungle,allison liddi-brown
welcome to the jungle,rusty mills
welcome to the jungle,dalton harpe
welcome to the jungle,matthew mercer
welcome to the jungle,dj perry
welcome to the jungle gym,john pasquin
welcome to the jungler,kelli williams
welcome to the kingbase,david coupe
welcome to the kree empire,boyd kirkland
welcome to the machine,josé tomé
welcome to the madhouse,marc zammit
welcome to the mile high club: the real world denver reunion,dana klein
welcome to the moon,aske bang
welcome to the mud hut,sam wasserman
welcome to the neighborhood,tim cruz
welcome to the neighborhood,nathan blackwell
welcome to the neighborhood,gregory burke
welcome to the neighborhood,dian bachar
welcome to the new world,howard rubie
welcome to the new world,anni sultany
welcome to the new year,herbert klynn
welcome to the nhk,jacob hope chapman
welcome to the north,luca miniero
welcome to the occupation,john fawcett
welcome to the ogenki clinic: feel good all over again,mototsugu watanabe
welcome to the party,brandon rice
welcome to the planet earth,dusan vukotic
welcome to the punch,mathew buck
welcome to the punch,eran creevy
welcome to the real world,lalo garcía
welcome to the repipe,mark cendrowski
welcome to the rileys,jake scott
welcome to the rousseau,ken finkleman
welcome to the rubber room,trent harris
welcome to the salamander lounge,lec zorn
welcome to the secret base,kôichi sakamoto
welcome to the sewer,anand tucker
welcome to the shed,gregory poppen
welcome to the shed,neil mandt
welcome to the show,caillou pettis
welcome to the show,jan kounen
welcome to the south,luca miniero
welcome to the stolen sneakers,mark cendrowski
welcome to the studio at studio 54,jonathan healey
welcome to the tempest hotel,robin swicord
welcome to the terra dome,greg beeman
welcome to the tiger cage,sara st. onge
welcome to the tombs,ernest r. dickerson
welcome to the vp,tanner beard
welcome to the war,yves simoneau
welcome to the wedding,george sherman
welcome to the wilmer eye institute,rod lopez
welcome to the working week,andy cadiff
welcome to the world,anthony robert grasso
welcome to the world,marty pasetta
welcome to the world,j. pollitt
welcome to the world,j.w. cox
welcome to the world according to shaffer the epk,tamarat makonnen
welcome to the world baby kambal,jeffrey jeturian
welcome to the yard sale,betsy thomas
welcome to theater,eddie possehl
welcome to this house,barbara hammer
welcome to tijuana,dylan verrechia
welcome to tolono,mark roberts
welcome to upload,greg daniels
welcome to varsity,freddie wong
welcome to veraz,xavier castano
welcome to versailles,jalil lespert
welcome to vienna,nikolaus leytner
welcome to vintage america,nicolas wendl
welcome to wac,shin'ya kawatsura
welcome to warren,brent e. huffman
welcome to washington,norman tokar
welcome to watertown,john capo
welcome to werewolfland,jörg bauer
welcome to whispering pines,ian gilmour
welcome to winter,matthew shewchuk
welcome to woop woop,stephan elliott
welcome to world animal news,katie cleary
welcome to world war one,lancelot narayan
welcome to your new home,amanda tapping
welcome to your own private hell,lee lanier
welcome to z,izuru kumasaka
welcome to zahramay falls,matt engstrom
welcome to zahramay skies,david knott
welcome to zahramay skies,enrico santana
welcome to zancudo,dalton harpe
welcome tt,peter baldwin
welcome wagon,john t. kretchmer
welcome wagoner,don roos
welcome waylon jennings,bob sweeney
welcome week,yura sapi
welcoming race,osamu nabeshima
welcum aboard,andrew youngman
welcum aboard,frank major
welcum to casa butts,seymore butts
welcum to chloeville 2,patrick collins
welcum to my face,chi chi larue
welcume to assville,phashon
weld,neil young
weldadigheid en onbehagen (steenwijk-vollenhove),theo uittenbogaard
weldon,ron downing
welfare,frederick wiseman
welfare clinics,bill morton
welfare clinics,christopher hodson
welfare of the workers,pat jackson
welfare of the workers,humphrey jennings
welfare wednesday,matthew shewchuk
welikathara,d.b. nihalsinghe
welk,daniel vogelmann
welke rosen,walter schmidthässler
welker lorbeer,walter schmidthässler
welkom,doesjka van hoogdalem
welkom,dennis overeem
welkom in unca-land,frits butzelaar
welkom in wolfseinde,ger poppelaars
welkom in wolfseinde,roel reiné
welkom in wolfseinde,merlijn passier
welkom in wolfseinde,jop de vries
welkom stelletje kutfeuten,lourens blok
welkom thuis,hans hylkema
welkom thuis,frans bromet
welkom thuis,erik van 't wout
welkom thuis maar niet heus,nico knapper
well,adrian shergold
well,matija mates
well,randall einhorn
well-being with wood,marcus hägg
well-there was this girl you see...,jim goddard
well-thy water,gilbert m. 'broncho billy' anderson
well cooked hams,elliot silverstein
well done,thomas imbach
well done good and faithful servant,bill podmore
well done henry,wilfred noy
well done indeed bro,amir shervan
well fed and comfortable,lou howe
well goodnight,beulah zachary
well gotten gains,zane barber
well handled solutions,kôichi mashimo
well healed,marc daniels
well i guess that makes sense,thomas sanders
well i never,adrian mills
well i was gonna be productive,thomas sanders
well kept secrets athanassia,panos karkanevatos
well known secret,richard c. sarafian
well mannered,eddy martin
well maybe there are some small parts,tim russ
well nothing to fear but death itself,oz scott
well of anger,william a. seiter
well of doom,john brahm
well of hope,kirill khrestinin
well off,matt j. wilson
well oiled,dick lundy
well oiled,jean yarbrough
well out of order,peter smith
well played,jeremy kagan
well prepared,jonny kight
well received the death of an artist,jason king
well rounded strength,charlene prickett
well schooled in murder,robert young
well sooted,ertug tufekcioglu
well suitored,ted wass
well tempered corpses,benjamin filipovic
well thank you thursday,brian mills
well that answers that question,thomas sanders
well that changes my plans,thomas sanders
well that escalated quickly,thomas sanders
well there goes the neighborhood,don richardson
well this is awkward,alexander winn
well this took a dark turn,laura prepon
well water,sharisse zeroonian
well well well,mary mcmurray
well well well...,william g. stewart
well wishes,anderson boyd
well worn daffy,robert mckimson
well... this escalated quickly,joe sugg
welle 4711,georg zoch
wellen der leidenschaft,vladimir gajdarov
wellen und wogen,detlef rönfeldt
wellenritt,michael schwarz
welles angels,jean-jacques bernard
wellfleet oyster festival,sarah mcbride
wellington,jason sands
wellington,lauren selman
wellington,hugh david
wellington bomber,peter williams
wellington hotel,karl beattie
wellington new zealand,karin thayer
wellness,jake mahaffy
wellness,branko djuric
wellness,jennifer podemski
wellness,branko djuric
wellness,branko djuric
wellness bis zum ende,jörg schneider
wellness fair,alex reid
wellness program,ted eccles
wells fargo,frank lloyd
wells fargo calling marshal earp,roy rowland
wells fargo days,mack v. wright
wells fargo gunmaster,philip ford
wells fargo vs. doc holliday,frank mcdonald
wells lane,christopher mauldin
wells up in my heart,li-li liu
wellspring,dmitri frolov
welniany interes,krzysztof jaroszynski
welpenschutz,felix binder
welpenschutz,andreas drost
welsh rabbit,seymour kneitel
welsh rarebit,james marsters
welshed - a derby day incident,alf collins
welshgate,jason cox
welshy,doug walker
welt in bewegung,christian twente
welt ohne scham,manfred durniok
welt und arbeit,albrecht viktor blum
weltbrand,urban gad
welterusten,bram van erkel
welterusten jacobus,hans croiset
weltgenie,alberto signetto
welthafen,friedrich von maydell
welthauptstadt germania,artem demenok
weltkongress der obdachlosen,carola regnier
weltkongress der obdachlosen,vlado kristl
weltmeister,zoran solomun
weltmeister auf vier pfoten,heiko de groot
weltniveau,ralf gregan
weltraumschiff 1 startet...,anton kutter
weltreiche und revolutionen,gero von boehm
weltrekord im seitensprung,georg zoch
weltrekordler kurioser klassen,marcus conradt
weltschmerz,igor stevanovic
weltspiegel,lupu pick
weltstadt,christian klandt
weltstadt am wasser,walter kiaulehn
weltstadt mit scherz,thomas engel
weltstadtabenteuer,rainer erler
weltstars singen weihnachtslieder,helge max jahns
weltuntergang,karl leiter
weltuntergang,imo moszkowicz
weltuntergangspremiere,eric hordes
weltweit,susanne zanke
wem gott ein amt gibt,günther hassert
wem nie von liebe leid geschah,paul von woringen
wembley and the gorgs,jim henson
wembley and the great race,george bloomfield
wembley stadium,john p. hamilton
wembley stadium,mike slee
wen bai yun,chia-chang liu
wen die goetter lieben,george moorse
wen die liebe trifft...,dagmar damek
wen li chang cheng,kuang-chi tu
wen man einmal liebt,thomas durchschlag
wen shen de nu ren,lei pan
wen suchen,chun hsieh
wen suchen part four,shilin zhu
wen suchen part one,shilin zhu
wen suchen part three,shilin zhu
wen suchen part two,shilin zhu
wen ting yu huo hai jian chou,tian-lin wang
wen wu xiang qiu,sze-luk chow
wen xie yang,li-li liu
wen(n) die liebe trifft,walter bannert
wench,henri calef
wenches,paul norman
wencke,michael pfleghar
wencke - ein abend mit wencke myhre,michael pfleghar
wencke auf nord-wegen,michael pfleghar
wencke udo und der blaue diamant,michael pfleghar
wend kuuni,gaston kaboré
wenda,kazim öz
wenda,ali kemal çinar
wende snijders - de wereld beweegt,roel van dalen
wendehammer,markus imboden
wendel,christoph schaub
wendell and i spy,gerren keith
wendell and the three sure things,howard storm
wendell corey,bill hobin
wendell corey,max liebman
wendell willkie,alan landsburg
wendels heimkehr,adalbert plica
wendepunkt,claus peter witt
wendepunkte,wolfgang münstermann
wendepunkte,hans werner
wendepunkte,matthias tiefenbacher
wendepunkte,joachim kunert
wendepunkte,esther wenger
wendezeiten,franziska schlotterer
wendi mcclendon covey,wolf turner
wendi mclendon -covey,leif gantvoort
wendigo,gary harvey
wendigo,david nutter
wendigo,mark fischbach
wendigo,larry fessenden
wendung im mordfall gormann,erich neureuther
wendung zum ungewissen,wolfgang münstermann
wendy,benh zeitlin
wendy,dagmar seume
wendy and lucy,kelly reichardt
wendy barrie paulette goddard,greg garrison
wendy barrie paulette goddard,max liebman
wendy gives uncle the brush,gene reynolds
wendy has whoppers,lance heywood
wendy hooper u.s. army,jack shea
wendy is stranger than fiction,gene reynolds
wendy lends a helping voice,gene reynolds
wendy liebman: taller on tv,wendy liebman
wendy lill: playwright in parliament,meredith ralston
wendy placa 20957,mireia ros
wendy sails in the sunset,gene reynolds
wendy the waitress,gene reynolds
wendy the woman in the gray flannel suit,gene reynolds
wendy van dijk en marco borsato,rik felderhof
wendy williams uncensored 2,wendy williams
wendybird,ellen von unwerth
wenen: van mozart tot musical,loet steenbergen
wengi: anak mayit,nayato fio nuala
wenig gebraucht - fast neu,peter vogel
wenige schritte,hans rolf strobel
weniger ist mehr,jan ruzicka
weniger ist mehr,thomas stammberger
weniger ist mehr,sophie allet-coche
wenn alle anderen fehlen,fritz umgelter
wenn alle babys rufen,wolfgang glück
wenn alle da sind,michael krummenacher
wenn am sonntagabend die dorfmusik spielt,rudolf schündler
wenn am sonntagabend die dorfmusik spielt,charles klein
wenn annemarie ins wasser geht - die seltsamen erlebnisse erinnerungen und phantasien des herrn t.,gerhard schmidt
wenn beide schuldig werden,hermann leitner
wenn colombine winkt,eugen illés
wenn das blut gefriert,dieter kehler
wenn das christkind kommt...,andreas weiß
wenn das diplomatie ist,wolfgang luderer
wenn das herz bricht...,mark achterberg
wenn das herz der jugend spricht,fred sauer
wenn das herz zerbricht,stefan bartmann
wenn das leben ruft,robert leffler
wenn das schicksal vorbeikommt,ralph bridle
wenn das schule macht,ralf gregan
wenn das vergessen wichtiger wird als das behalten,enno reese
wenn dem esel zu wohl ist...,franz seitz
wenn der berg ruft,hubert canaval
wenn der fuchs kommt...,andreas drost
wenn der hund nimmer bellt,bernhard helfrich
wenn der tod beim postmann klingelt,tom zenker
wenn der tod zweimal klingelt,thomas nikel
wenn der vater mit dem sohne,heinrich bolten-baeckers
wenn der vater mit dem sohne,udo witte
wenn der vater mit dem sohne,hans quest
wenn der vater mit dem sohne,otto meyer
wenn der vater mit dem sohne,danny kaden
wenn der vater mit dem sohne ...,andreas morell
wenn der wasserhahn tropft,peter steiner
wenn der weihnachtsmann zweimal klingelt,richard huber
wenn der wolf kommt,hubert moest
wenn die bombe platzt,e.w. emo
wenn die bunten fahnen wehen,georg thieß
wenn die conny mit dem peter,fritz umgelter
wenn die elisabeth,günter stahnke
wenn die falle zuschnappt...,wolfgang münstermann
wenn die hochzeitsglocken klingen,werner masten
wenn die liebe auf den hund kommt,richard löwenbein
wenn die liebe verloren geht,tom toelle
wenn die masken fallen,wolfgang f. henschel
wenn die musik aus ist dann ist auch die liebe aus,volker maria arend
wenn die musik aus ist dann ist auch die liebe aus,reinhard donga
wenn die mutter und die tochter...,carl boese
wenn die nacht kein ende nimmt,wilhelm gröhl
wenn die rosen tanzen,peter hagen
wenn die soldaten...,jacob fleck
wenn die soldaten...,luise fleck
wenn die sonne wieder scheint,boleslaw barlog
wenn die stimme des blutes spricht,georg victor mendel
wenn die tauben steigen,martin eckermann
wenn die taxe springt,danny kaden
wenn die tollen tanten kommen,franz josef gottlieb
wenn die uhren stehenbleiben,klaus gendries
wenn die weihnachtskassen klingeln - bemerkungen im advent,dieter ertel
wenn die worte fehlen,jan ruzicka
wenn drei dasselbe tun...,walter schmidthässler
wenn du bei mir bist,franz josef gottlieb
wenn du denkst der mond geht unter,fred mahr
wenn du denkst du denkst,franziska meyer price
wenn du eine schwiegermutter hast,joe stöckel
wenn du eine tante hast,carl boese
wenn du erst mal tot bist,hans-jürgen tögel
wenn du frierst,claus peter witt
wenn du geld hast,hans timmermann
wenn du mich brauchst,bodo fürneisen
wenn du mich fragst papa,ilse biberti
wenn du mich liebst,christoph schnee
wenn du noch eine heimat hast,siegfried philippi
wenn du noch eine heimat hast,günther rittau
wenn du noch eine mutter hast,dezsõ kertész
wenn du sie liebst lass sie ziehen,wolfgang münstermann
wenn eine frau liebt,wolfgang liebeneiner
wenn eine mutter ihr leben verspielt,jorgo papavassiliou
wenn eine wienerin walzer tanzt,sándor szlatinay
wenn einer eine reise tut,peter wekwerth
wenn einer eine reise tut,erhard riedlsperger
wenn einer eine reise tut...,otto anton eder
wenn einer geht,stefan bühling
wenn einer was versprochen hat,gunter friedrich
wenn elsa tanzt,georg söring
wenn eros zweimal klingelt,brigitta dresewski
wenn es regnet,gudrun falke
wenn es regnet hagelt es,eberhard itzenplitz
wenn frauen austern essen,klaus emmerich
wenn frauen ausziehen,matthias tiefenbacher
wenn frauen lieben und hassen,jaap speyer
wenn frauen nicht wollen,peter wekwerth
wenn freunde zu rivalen werden,paul von woringen
wenn gott im urlaub ist,anne pütz
wenn gott will,ulrich könig
wenn gott will,rolf liccini
wenn hosen fallen,wolfgang münstermann
wenn ich in die schule komm,elmar maria lorey
wenn ich nicht mehr lebe,ate de jong
wenn ich nicht schreie ersticke ich,gabriele denecke
wenn in kanada die sonne aufgeht,klaus knoesel
wenn in kanada die sonne aufgeht,wolfgang münstermann
wenn junge herzen brechen,robert heymann
wenn kinder sterben wollen,andreas prochaska
wenn krampus kommt,joe manco
wenn kraniche fliegen,michael karen
wenn madonnen weinen,volker schmidt-sondermann
wenn majer eine wohnung sucht,wolfgang glück
wenn man baden geht auf teneriffa,helmuth m. backhaus
wenn man eine liebe hat,gitta nickel
wenn man einen elefanten verliert,franz marischka
wenn man sich traut,christoph waltz
wenn man vierzehn ist,winfried junge
wenn menschen irren. frauen auf irrwegen,otz tollen
wenn menschen reif zur liebe werden,fern andra
wenn menschen reif zur liebe werden,luise fleck
wenn menschen reif zur liebe werden,jacob fleck
wenn mutter nicht zuhause ist,gerhard dammann
wenn mutter wieder arbeitet,thomas draeger
wenn oma eine reise tut,hans heinrich
wenn onkel heinz kommt,gunter friedrich
wenn patrizia aufwacht ...,alexander wiedl
wenn schon - denn schon,wolfgang spier
wenn schon - denn schon,jürgen wölffer
wenn schweine sterben,florian schwarz
wenn sechse eine reise tun,michael pfleghar
wenn sich zwei monde kreuzen,bernhard stephan
wenn sie nicht gestorben sind,samy challah
wenn stefan 2x klingelt,dietmar klein
wenn steine sprechen,erich neureuther
wenn tiere betteln,harry piel
wenn tiere erwachen,harry piel
wenn todgeweihte auferstehen,volker schmidt-sondermann
wenn tote sprechen,robert reinert
wenn unten nicht macht was oben will,janna falkenstein
wenn verzweiflung dein ratgeber ist ...,wolfgang münstermann
wenn verzweiflung dein ratgeber ist ...,christian singh
wenn weihnachten wahr wird,sherry hormann
wenn welten aufeinander prallen,wolfgang münstermann
wenn welten aufeinander prallen,christian singh
wenn wir uns begegnen,sigi rothemund
wenn wir zusammen lebten...,antonio skármeta
wenn wunden heilen,hans oberländer
wenn zeugen versagen,wolfgang bellenbaum
wenn zu hause krieg ist,alexander j. seiler
wenn zwei das gleiche tun,wolfgang thal
wenn zwei oder drei in meinem namen versammelt sind...,thomas stammberger
wenn zwei sich streiten,leopold lindtberg
wenn zwei sich streiten,wolfgang groos
wenn zwei sich streiten ...,jörg schneider
wenn zwei sich trauen,erwin keusch
wenny has wings,shin togashi
wenona suffers,maitresse madeline
went dead,rob tinkler
went to a garden potty,james burrows
went to party got crabs,chris mckay
wentworth woodhouse - part 1,karl beattie
wentworth woodhouse - part 2,karl beattie
wentworth woodhouse stables,karl beattie
wenus z ille,janusz majewski
wenzela de ijsheks,tineke roeffen
wer a sagt...,hubert hoelzke
wer a sagt...,wilhelm engelhardt
wer angst hat verliert,dominik graf
wer aufgibt ist tot,stephan wagner
wer aussteigt hat verloren,matthias keilich
wer bremst hat verloren,raoul w. heimrich
wer das kleine nicht ehrt,karl ehmann
wer das scheiden hat erfunden,wolfgang neff
wer das schweigen bricht,edward berger
wer den schaden hat ...,jürgen brauer
wer die erde liebt,harry hornig
wer die erde liebt,jürgen böttcher
wer die erde liebt,uwe belz
wer die erde liebt,joachim hellwig
wer die treue bricht,peter adam
wer die wahl hat,franz-otto krüger
wer die wahl hat,markus imboden
wer die wahl hat,karin hercher
wer du wirklich bist,lars jessen
wer duscht in einem regenmantel,klaus grabowsky
wer ein paar holzschuhe abgelaufen hat,gabriele denecke
wer einmal in fahrt ist,christine schmidt-schaller
wer einmal zahlt zahlt immer,jan ruzicka
wer einsam ist der hat es gut weil keiner da der ihm was tut,hartmut griesmayr
wer findet der stirbt,sebastian vigg
wer gern tanzt dem ist leicht gegeigt,nobert beilharz
wer gibt der hat,wolfgang hoffmann-harnisch
wer hat da angst,katja georgi
wer hoch steigt...,harald sicheritz
wer ick bin,félix koch
wer im glashaus sitzt,karsten wichniarz
wer ist jan karp,eugen york
wer jetzt allein ist,theresa von eltz
wer klingelt schon zur fernsehzeit,georg tressler
wer knecht ist soll knecht bleiben,kurt wilhelm
wer kollegen hat braucht keine feinde,martin enlen
wer lacht der hilft,tommy chico
wer liebt hat recht,matti geschonneck
wer mit eifer sucht...,erich neureuther
wer mit wem,karin hercher
wer nichts glaubt glaubt eben nichts,anna dayton
wer niemals einen rausch gehabt,heinrich bolten-baeckers
wer nix wird wird...,wolfgang frank
wer reinkommt ist drin,helmut dietl
wer sagt mir wer ich bin...,edgar von heeringen
wer schenkt mir eine rose,jens geutebrück
wer seine frau lieb hat,kurt jung-alsen
wer sich ewig bindet,iain dilthey
wer sich in gefahr begibt,axel barth
wer sich verloren gibt hat schon verloren,enno reese
wer vom meer kommt will uns bestehlen,ralph giordano
wer wagt - gewinnt,walter janssen
wer wagt gewinnt,steffen mahnert
wer wagt verliert,patrick winczewski
wer war es,paul stockmeier
wer war es,paul löwinger
wer wenn nicht du,ulli baumann
wer will guten kuchen backen...,julius pinschewer
wer will mich,erhard riedlsperger
wer will noch mal...,hans scholz
wer wir sind,gero von boehm
wer wir sind,sebastian scherrer
wer wirft den ersten stein,arthur günsburg
wer zu lieben wagt,wolf gremm
wer zuerst kommt - parkt zuerst,georg tressler
wer zuerst lacht,daniel petersen
wer zuletzt lacht,fritz freisler
wer zuletzt lacht,karin hercher
wer zuletzt lacht,christa mühl
wer zuletzt lacht,ines anna krämer
wer zuletzt lacht lacht am besten,eberhard hauff
wer zuletzt lacht lacht am besten,harald reinl
wer zuletzt lacht lacht am ersten,klaus überall
wer zuletzt lacht...,wolfgang frank
wer zuletzt lacht...,günter stahnke
wer zuletzt lacht...,hans heinrich
wer zuletzt lacht...,dennis satin
wer zweimal lebt stirbt einmal mehr,sidney hayers
wer zweimal stirbt,ilse hofmann
wer zweimal stirbt ist wirklich tot,gunter krää
werben und sterben,manfred stelzer
werbung mit musik,wolfgang liebeneiner
werden sie deutscher,britt beyer
were-creature videos: volume 1,alexis ramirez
were-creature videos: volume 2,alexis ramirez
were-fixer,dave r. watkins
were ni: he is a madman,raymond h. prince
werebitch meets the sexy ass creature from the black lagoon,mike donis
weredad,thomas astruc
werefox of phoenix,jeffrey r. daniels
weregrrl,amy lynn best
wereld van stilstand,elbert van strien
wereldberoemd in 3 stappen,dennis bots
werelddeal,hanro smitsman
werelddierendag 1,dennis overeem
werelddierendag 2,dennis overeem
wereldkampioenschap barkrukzitten,guido henderickx
wereldkampioenschap freestyle roulette,martijn berndsen
werepig,yuri mamin
werewolf,justus addiss
werewolf,dave derewlany
werewolf,tony zarindast
werewolf,david skynner
werewolf,matija mates
werewolf,kevin murphy
werewolf,leida laius
werewolf,jon rekdal
werewolf,bryan spicer
werewolf,adrian panek
werewolf,noam pitlik
werewolf bitches from outer space,reverend jen miller
werewolf bitches from outer space,nick zedd
werewolf feud,jemaine clement
werewolf hairwolf,chuck sheetz
werewolf of london,stuart walker
werewolf of nashville,cameron mccasland
werewolf of the timberland,joseph barbera
werewolf of the timberland,william hanna
werewolf of wall street,uisdean murray
werewolf on pcp,james branscome
werewolf returns,arin hanson
werewolf tales,ron ford
werewolf vs. unicorn,chris mckay
werewolf wedding crashers,adam koralik
werewolf. part 1.,mikhail tumanishvili
werewolf. part 1.,aleksey rudakov
werewolf. part 2,mikhail tumanishvili
werewolf. part 2,aleksey rudakov
werewolf: the last warrior,jason pullara
werewolves in heat,lance polland
werewolves of london,russell mulcahy
werewolves of stayville,alexis ramirez
werewolves of the third reich,andrew jones
werewolves on the moon vs. vampires,lewis lovhaug
werewolves on wheels,michel levesque
werewolves v mummies,mike goodreau
werewolves within,josh ruben
wergili,ryszard ber
werka,pawel lozinski
werken aan 1e tunnel antwerpen,clemens de landtsheer
werking mom,mike frank polcino
werksspionage,andreas morell
werkstatt,imo moszkowicz
werkstatt der wetterkunde,gerhard grindel
werkster gezocht,johan gevers
werner,tom toelle
werner enke 2004,werner enke
werner francisco,paul abascal
werner herzog,jack bond
werner herzog eats his shoe,les blank
werner holgersen - eventyret i dansk politik,søren melson
werner krafft,carl froelich
werner schmidbauer trifft die huberbuam,werner schmidbauer
werner schmidbauer trifft georg ringsgwandl,werner schmidbauer
werner schmidbauer trifft helmut schleich,werner schmidbauer
werner schmidbauer trifft josef hader,werner schmidbauer
werner schmidbauer trifft monika gruber,werner schmidbauer
werner schmidbauer trifft sepp daxenberger,werner schmidbauer
werner schmidbauer trifft urban priol,werner schmidbauer
werner schmidbauer trifft wolfgang ambros,werner schmidbauer
werner schroeter,rosa von praunheim
werner stauffacher - die schlacht am morgarten,dominique othenin-girard
werners 75. geburtstag,steffen nowak
werners geheimnis,alexander wiedl
werners langeweile,gérard samaan
werners langeweile,marianne rosenbaum
werners verdacht,alexander wiedl
wernher von braun,alan landsburg
wernher von braun - der raketenmann,stefan brauburger
werq: the labor day song,jake wilson
wert des lebens,sabine bernardi
werte,wolfgang frank
werther,petr weigl
werther,milos hajský
werther,håkan alexandersson
werther,pierre cavassilas
werther,henri pouctal
werther,pilar miró
werther,germaine dulac
werther,dirk sanders
werther,benoît jacquot
werther,jean-pierre lajournade
werther,uwe janson
werthington chronicles,nigel w. tierney
wertloses alibi,michael mackenroth
wertsachen,harald schäfer
wertsachen,wolf schmidt
wertstoff,pauline roenneberg
wertvoller kuchen,carsten meyer-grohbrügge
wertvolles wasser,eugen york
werwolf iz wyshnegoska,vadim shmelyov
weryfikacja,miroslaw gronowski
wes,quincy lenear gossfield
wes,deondray gossfield
wes veldink,kurt e. soderling
wesayso knows best,bruce bilson
wesela nie bedzie,waldemar podgórski
wesele,maciej wojtyszko
wesele,maryna broniewska
wesele,jan swiderski
wesele,andrzej wajda
wesele,maciej dejczer
wesele,jan kidawa-blonski
wesele,jan rybkowski
wesele,stanislaw bareja
wesele kuby,krzysztof jaroszynski
wesele na kurpiach,jerzy gabryelski
weselna kinder - niespodzianka,maciej dejczer
weselna pamiatka,tomasz konecki
weselne gody,ewa bonacka
wesen nacht,darnell martin
wesley cash,will james moore
wesley clovis,tate donovan
wesley culp,scott riccio
wesola ii,witold lesiewicz
wesola noc smutnego biznesmena,andrzej kondratiuk
wesole miasteczko - prawie bajka,slawomir fabicki
wesolych swiat,jerzy sztwiertnia
wesolych swiat,gustaw holoubek
wespennest,thomas nennstiel
wespennest,martin kinkel
wessex man,francesca kirby-green
west,john frankau
west,douglas heyes
west,christian schwochow
west,paul olding
west,corso salani
west,daniel krige
west 11,michael winner
west 32nd,michael kang
west 47th street,bill lichtenstein
west africa,tuomas milonoff
west african giant black millipedes,silas howard
west african vodun,marian deaconu
west and soda,bruno bozzetto
west bank brooklyn,ghazi albuliwi
west bound 18 wheeler,randall rutledge
west bound limited,ford beebe
west coast adventures 1,dick carson
west coast adventures 2,dick carson
west coast adventures 3,dick carson
west coast adventures 4,dick carson
west coast adventures 5,dick carson
west coast christmas,nijole kuzmickas
west coast favourites,nijole kuzmickas
west coast girl,howard storm
west coast premiere of bastard son of a thousand fathers,dawna lee heising
west coast story,ian knox
west coast story,peter h. hunt
west coast turnaround,guy magar
west covina ca holiday hiring spree job fair at the mall,edmond choi
west dream,morteza jafari
west end,lester james peries
west end blues,joseph marzano
west end girls,paul tickell
west end jungle,arnold l. miller
west end pals,joe evans
west fucks east,jürgen brüning
west highland,john gray
west hollywood motel,matt riddlehoover
west hollywood stories volume one,alisa christensen
west hollywood stories volume two,alisa christensen
west hollywood story,tania trepanier
west in pieces,randy myers
west in pieces,robert alvarez
west indies,med hondo
west is best,phil rosen
west is east,alfred santell
west is east,bud fisher
west is san francisco: a symphony in kodachrome,jim granato
west is west,jess robbins
west is west,val paul
west is west,fred hibbard
west is west,george marshall
west is worst,bruce mitchell
west lakes: a place to live work and play,brian bergin
west malaysia,david pritchard
west meets east,albert s. rogell
west memphis child murders crime scene,dan bell
west midlands,david pritchard
west nile virus,melissa caudle
west oakland neighbors,alex ghassan
west of abilene,ralph ceder
west of alpha centauri,jefferson kibbee
west of arizona,tom gibson
west of bangalore,christopher sykes
west of boston,david butler
west of broadway,robert thornby
west of broadway,harry beaumont
west of brooklyn,danny cistone
west of carson city,ray taylor
west of cheyenne,harry s. webb
west of cheyenne,william berke
west of cheyenne,sam nelson
west of chicago,scott r. dunlap
west of chicago,c.r. wallace
west of cimarron,lester orlebeck
west of dodge city,ray nazarro
west of eden,peter moffatt
west of el dorado,ray taylor
west of hot dog,joe rock
west of hudson,davis harper
west of ireland,david pritchard
west of laramie,will cowan
west of mars,nathan juran
west of mojave,harry l. fraser
west of nevada,robert f. hill
west of nowhere,daniel j. ricottone
west of paradise,david cunliffe
west of pinto basin,s. roy luby
west of rome,charles barton
west of santa fe,j.p. mcgowan
west of shanghai,john farrow
west of singapore,albert ray
west of sonora,ray nazarro
west of sonora,lew landers
west of sunset,james ponsoldt
west of swansea,richard boden
west of texas,oliver drake
west of the alamo,oliver drake
west of the brazos,thomas carr
west of the divide,robert n. bradbury
west of the jordan river,amos gitai
west of the law,howard bretherton
west of the law,ben f. wilson
west of the law,leslie goodwins
west of the law,robert emmett tansey
west of the pecos,paul almond
west of the pecos,neal hart
west of the pecos,phil rosen
west of the pecos,edward killy
west of the pesos,robert mckimson
west of the rio grande,lambert hillyer
west of the rio grande,robin h. townley
west of the river,richard l. bare
west of the rockies,horace b. carpenter
west of the rockies,bobby connolly
west of the santa fe,sam nelson
west of the water bucket,erle c. kenton
west of the water tower,rollin s. sturgeon
west of tombstone,howard bretherton
west of wyoming,wallace fox
west of zanzibar,tod browning
west of zanzibar,harry watt
west point,allan dwan
west point,edward sedgwick
west point,laurence rebouillon
west point- annapolis debate,don hewitt
west point cadets,james h. white
west point of the air,richard rosson
west point of the south,richard rosson
west point on the hudson,james a. fitzpatrick
west point widow,robert siodmak
west riding,ken annakin
west side avenue,lav diaz
west side berlin,sabine winterfeldt
west side evan,matthew harrison
west side stories,lou howe
west side stories,carlos lacamara
west side story,raphael alvarez
west side story,jerome robbins
west side story,marvin silbersher
west side story,steven spielberg
west side story,james widdoes
west side story,robert wise
west side story,anthony barthélémy
west side story,gary fleder
west side story,tatiana issa
west side story and romeo and juliet,kyle kallgren
west skerra light,greg hemphill
west skerra light,greg hemphill
west stern,maria larrea
west to glory,ray taylor
west to mexico,brent woods
west to mexico,joseph daniello
west to mexico,ron hughart
west town girls,alice wang
west valley division,christian i. nyby ii
west virginia state penitentiary,karl beattie
west virginia: wild and wonderful,joseph rosendo
west vs. east,marcel perez
west we forget,sam nicholson
west wind,lionel belmore
westbank: 30th anniversary,charlie pennell
westbank: children of the community,charlie pennell
westbound,budd boetticher
westbound,erle c. kenton
westbound and ground,glenn gt taylor
westbound mail,folmar blangsted
westbound stage,sidney salkow
westbound stage,spencer gordon bennet
westbrick murders,shaun rana
westbrook,alex kaluzhsky
westchester square,dutch merrick
westcoast winter weather,peter rowe
westend,mari cantu
westerland,tim staffel
western,bénédicte delmas
western,maccio capatonda
western,gábor homolya
western,manuel poirier
western,turner ross
western,darko mitrevski
western,stéphane clavier
western,valeska grisebach
western,bill ross iv
western,douglas argent
western approaches,pat jackson
western arabs,omar shargawi
western australia: land of contrast and beauty,fred heiman
western bells: projection 1,sarah ellquist
western blood,lynn reynolds
western bossa nova,m.m. izidoro
western caravans,sam nelson
western chivalry,gilbert m. 'broncho billy' anderson
western chivalry,romaine fielding
western circus,morris
western coffee,ernesto aguilar
western courage,spencer gordon bennet
western courage,ben f. wilson
western courage,will cowan
western courtship: a love story of arizona,j. stuart blackton
western cyclone,sam newfield
western day,ted may
western days,sandy wilson
western daze,george pal
western deep,steve mcqueen
western di cose nostre,pino passalacqua
western edition,frank mcdonald
western exposure,gregory j. bonann
western fate,george holt
western feuds,francis ford
western firebrands,charles r. seeling
western frontier,albert herman
western fugitive,george archainbaud
western girls,gilbert m. 'broncho billy' anderson
western gold,howard bretherton
western hearts,clifford smith
western hearts,al christie
western hearts,gilbert m. 'broncho billy' anderson
western heritage,wallace grissell
western history,stan brakhage
western honor,j.p. mcgowan
western jamboree,ralph staub
western justice,gilbert m. 'broncho billy' anderson
western justice,robert n. bradbury
western justice,fred j. balshofer
western knights,stephen roberts
western legenden - made in hollywood,eckhart schmidt
western luck,george beranger
western lust,edward d. wood jr.
western mail,robert emmett tansey
western night,ed sobol
western nights,jim enright
western pacific,nicholas white
western pacific agent,sam newfield
western pluck,travers vale
western privateer,george archainbaud
western racketeers,robert j. horner
western reins,jamel lajuan
western renegades,wallace fox
western show,bob koherr
western skies,nat ross
western songs - made in germany,wolfgang schleif
western speed,c.r. wallace
western speed,scott r. dunlap
western stage coach hold up,edwin s. porter
western terror,richard c. kahn
western trails,horace b. carpenter
western trails,george waggner
western union,franklin adreon
western union,fritz lang
western vengeance,j.p. mcgowan
western wall flower,oded sharon
western ways,clyde e. elliott
western whoopee,harry bailey
western whoopee,thomas mead
western whoopee,john foster
western wonderland,andré de la varre
western world naive i,wies andersen
western x,nathan blackwell
western yesterdays,francis ford
westernhagen live,hannes rossacher
westernhagen live,rudi dolezal
westerns,ben mcshane
westerns,ian bolt
westernstory,vlastimil peska
westerplatte resists,stanislaw rózewicz
westerwald,bernd löhr
westfalenhalle in dortmund,alexander arnz
westfront 1918,georg wilhelm pabst
westie side story,brian sheesley
westie side story,wesley archer
westinghouse in alphabetical order,ray eames
westinghouse in alphabetical order,charles eames
westinghouse presents: come again to carthage,jack smight
westinghouse presents: the dispossessed,tom donovan
westinghouse presents: the sound of the sixties,william a. graham
westler,wieland speck
westleton,ron downing
westlife: where dreams come true,hamish hamilton
westlock,tyson hepburn
westminster,wally pfister
westminster,george albert smith
westminster abbey,jonathan stedall
westminster abbey,horace shepherd
westminster bridge,esme collings
westminster girls,paul wyett
westminster glee singers,widgey r. newman
westminster wife show,joey curtis
weston-super-mare and bath,jonathan stedall
westover hall,leia everett
westport book fair 2015,frankie frain
westport connecticut,roland gillett
westport cotillion,rebecca asher
westport fair 2016,frankie frain
westside,mcg
westside,scott baio
westside stories,james whitmore jr.
westward bo,j.a. howe
westward bound,harry s. webb
westward bound,robert emmett tansey
westward cottage,charlotte smith
westward destiny,kevin r. hershberger
westward ho,robert n. bradbury
westward ho,wallace a. carlson
westward ho-ho,jack kinney
westward ho-hum,clem beauchamp
westward ho ho ho,joseph barbera
westward ho ho ho,william hanna
westward ho hooks,charles nichols
westward ho the prairie chickens,denis devallance
westward ho to the ufo,rudy larriva
westward passage,robert milton
westward the shoemaker,joseph pevney
westward the women,william a. wellman
westward whoa,bud fisher
westward whoa,charles r. bowers
westward whoa,jack king
westwards to work,jean boué
westwind,robert thalheim
westworld,michael crichton
westworld destroyed,ted post
westworld in real life,matt raub
westworld season 1 quick review,vera wylde
westworld yelp reviews,gregory burke
westworld: travels in hyperreality,kyle kallgren
wet,naje lataillade
wet,andrew blake
wet,bob rafelson
wet,john stroud
wet,jonathan kaplan
wet all over,charles e. bastien
wet and dry,john mckay
wet and dry,louis myll
wet and warmer,henry lehrman
wet and weary,slim summerville
wet and wild sarsparilla slide,matt raub
wet asphalt,frank wisbar
wet behind the ears,sloan copeland
wet behind the rears,mike judge
wet behind the rears,yvette kaplan
wet blanket policy,dick lundy
wet brunettes,jewel de'nyle
wet brunettes 2,jewel de'nyle
wet brunettes 3,jewel de'nyle
wet cigarettes,jason michael brescia
wet cold american winter,zack finfrock
wet cotton panties 16,alex sanders
wet creamy bushes,falco zito
wet crotch clarification,gabriel olson
wet dice,kôji wakamatsu
wet dream,jake jaxson
wet dream,kim yun-tae
wet dream: a skateboard tale,federico vitetta
wet dreams,henri pachard
wet dreams,jim steel
wet dreams,jonathan morgan
wet dreams,lasse braun
wet dreams,barrett blade
wet dreams 2001,fred j. lincoln
wet dreams cum true,wendy knight
wet dreams cum true 2,wendy knight
wet dreams cum true 3,wendy knight
wet dreams cum true 4,wendy knight
wet dreams cum true 5,wendy knight
wet dreams may come,jefferson dutton
wet dreams reel fantasies,steve drake
wet dreams: part 1,kristen bjorn
wet dreams: part 2,kristen bjorn
wet earth and warm people,michael rubbo
wet event,lance heywood
wet event,murrill maglio
wet fantasies,jennifer james
wet feet,hy averback
wet feet,sander burger
wet fingers,john t. bone
wet gold,ralph ince
wet gold,dick lowry
wet hare,robert mckimson
wet head challenge,matt raub
wet heat,chris seaver
wet hot american bummer,david geddes
wet hot american summer,david wain
wet hot demonic summer,aaron augenblick
wet hot lesbian foot fetish,maitresse madeline
wet hot teen summer,sunny leone
wet job,shaun o'riordan
wet kink,charles webb
wet kink,duck dumont
wet kisses,ken gibb
wet lips,tatsumi kumashiro
wet memories,jaacov jaacovi
wet moments,john walton
wet nurse,david stanley
wet nurse,ellen gittelsohn
wet paint,jack king
wet paint,arthur rosson
wet paint,sophia turkiewicz
wet panty car wash,pat myne
wet panty spankers,henri pachard
wet pink,charles webb
wet pleasure,antonio adamo
wet rock,richard macleod
wet room,axel braun
wet sand in august,toshiya fujita
wet saturday,norman lloyd
wet saturday,alfred hitchcock
wet season,anthony chen
wet sex,paul vatelli
wet shorts,tom desimone
wet sorority snatch,stoney curtis
wet t-shirt contest,ken marino
wet vase,masaru konuma
wet virgin love,kaoru umezawa
wet weather,j.a. howe
wet weekend,kichitarô negishi
wet weekend,ron jeremy
wet weekend,mark carriere
wet wifebeaters,joanna angel
wet wild and willing,lance heywood
wet willies,lamont cain
wet wipes,kevin coulston
wet woman in the wind,akihiko shiota
wet wonderland,ron jeremy
wet workout,ron jeremy
wet za wet,wojciech adamczyk
wetback,lawrence doheny
wetbacks,hank mccune
wetenschappelijke aanpak,max douwes
wetherby,david hare
wetka,patrick lambertz
wetlands,david wnendt
wetness for the prosecution,chi chi larue
wetown,niki usbay mcdonald
wets vs drys,alan landsburg
wetscape,james digiorgio
wettbewerb,gunter krää
wettbewerb,erich neureuther
wettbewerb der dorftiere,klaus georgi
wette mit charlotte,paul harather
wette um einen kuss,jürgen von alten
wetter than ever,doug jeffries
wettergeschichten,kristof kannegiesser
wetterleuchten,rudolf walther-fein
wetterleuchten,wolfgang glück
wetterleuchten am dachstein,anton kutter
wetterleuchten um barbara,werner klingler
wetterleuchten um maria,luis trenker
wettershaga,carl-petter montell
wettersturz,celino bleiweiß
wettersturz,theo mezger
wettersturz am teufelshorn,gerhart lippert
wetterwechsel,george moorse
wetterwendisches,peter hill
wettfahrt mit dem tod,werner masten
wettfieber,sophie allet-coche
wettfieber,ilse hofmann
wetting down,michael lembeck
wettkampffieber,andreas drost
wettlauf gegen die zeit,steffen mahnert
wettlauf gegen die zeit,franco tozza
wettlauf gegen die zeit,marcus o. rosenmüller
wettlauf mit dem eis,gunther scholz
wettlauf mit dem tod,christoph eichhorn
wettlauf mit dem tod,rolf liccini
wettlauf mit dem tod,uwe frießner
wettlauf mit dem tod,wilhelm engelhardt
wettlauf mit dem tod,christine wiegand
wettlauf mit der revolution,dieter kronzucker
wettlauf mit der zeit,andi niessner
wettlauf mit der zeit,peter fratzscher
wettlauf mit der zeit,rudi kurz
wettlauf mit der zeit,eugen york
wettlauf mit der zeit,gunter friedrich
wettlauf um chicago,jürgen weber
wettlauf um piet,norbert skrovanek
wettstreit,christian singh
wetty hainthropp investigates,geoff posner
wetware,goran gajic
wetwired,rob bowman
wetwork,jason jensen
wetwork,bryn pryor
wetzlar ist nicht washington,charly weller
wetzmann bleibt,michaela zschiechow
wewe,rizal mantovani
wewnetrzne dziecko,maciej wojtyszko
wewnetrzny 55,slawomir fabicki
wexler v. goodman,michael morris
weyer hans hermann konsul,wolfgang f. henschel
weymouth,david yates
weyses forbandelse,fabian wullenweber
weyt a minit... kapeng mainit,ben feleo
wezwanie,wojciech solarz
wg-nachfolger,franziska meyer price
wg-power,seyhan derin
wg-probewohnen,patrik fichte
wg gesucht,andreas morell
wg zu dritt,patricia frey
wg zu dritt,ralph bridle
wga strike episode 1,shawn thomas
wga strike episode 2,shawn thomas
wga strike episode 3,shawn thomas
wga strike episode 4,shawn thomas
wga strike episode 5,shawn thomas
wga strike episode 6,shawn thomas
whack-a-mole,kevin hooks
whack-a-mole,eric appel
whack attack,tom byron
whack attack 10,tom byron
whack attack 11,tom byron
whack attack 12,tom byron
whack attack 13,tom byron
whack attack 14: for the love of ass,tom byron
whack attack 15,tom byron
whack attack 17,tom byron
whack attack 2,tom byron
whack attack 4,tom byron
whack attack 5,tom byron
whack attack 6,tom byron
whack attack 7,tom byron
whack attack 9: spearing the chocolate starfish,tom byron
whack job,stormy daniels
whack jobs,christina stoneberger
whack jobs 2,christina stoneberger
whack jobs 3,christina stoneberger
whack jobs 4,christina stoneberger
whack jobs 5,christina stoneberger
whack the cheater,mark fischbach
whack your boss,mark fischbach
whack your computer,mark fischbach
whacked,charlie spickler
whacked,jake west
whacked,rider mcdowell
whacked,jerry donahue
whacked to the future,john grusd
whackers,anthony spinelli
whacketts,victor lobl
whacky edition,damon o'steen
whadda you want from life,christopher monger
whale,isabella rossellini
whale,noburô ôfuji
whale 52 - suite for man boy and whale,bill plympton
whale 52 - suite for man boy and whale,daniel neiden
whale gold,leslie arliss
whale hunt,leonid varlamov
whale hunter,chris eyre
whale hunters,osamu dezaki
whale hunting,bae chang-ho
whale hunting 2,bae chang-ho
whale joins g-force,hisayuki toriumi
whale music,pedr james
whale of a good time,doug bresler
whale of a squid,martin kratt
whale of a tale,denis devallance
whale rider,niki caro
whale show,matt danner
whale song,bryan spicer
whale tail 5,kevin moore
whale whores,trey parker
whaleboat,judd tilyard
whaleboy,mike jackson
whalehead,rené bonnière
whales,mick cusimano
whales of iceland,brynja valdís gísladóttir
whales: an unforgettable journey,roger payne
whales: an unforgettable journey,al giddings
whaley house,karl beattie
wham and eggs,arthur davis
wham bam thank you mammy,matthew diamond
wham bam thank you man,david millbern
whama bamma gamma gun,william hanna
whama bamma gamma gun,joseph barbera
whampoa blues,blackie shou-liang ko
whamslam,péter wolf
whanau day,rajneel singh
whang long xue bei,tien-yung hsu
whap,jon turteltaub
whap - caught in a trap by a sap,william hanna
whap - caught in a trap by a sap,joseph barbera
wharf,mircea daneliuc
wharf angel,william cameron menzies
wharf angel,george somnes
wharf scene honolulu,james h. white
what,john jillard sr.
what-a-mess and cynthia the hedgehog,timothy forder
what-a-mess and little poppet,timothy forder
what-a-mess and the cat next door,timothy forder
what-a-mess at the seaside,timothy forder
what-a-mess goes camping,timothy forder
what-a-mess goes to school,timothy forder
what-a-mess goes to the vet,timothy forder
what-a-mess goes to town,timothy forder
what-a-mess keeps cool,timothy forder
what-a-mess the beautiful,timothy forder
what 80 million women want,will louis
what a baby did,al christie
what a beautiful day,thomas sanders
what a beautiful face what an ugly heart,ping li
what a beautiful surprise,alessandro genovesi
what a big mouth you have grammy,john ratzenberger
what a blonde,leslie goodwins
what a bounder,w.p. kellino
what a boy wants,sarah k. pillsbury
what a bride is thinking when she picks her bridesmaids,jay diaz
what a change of clothes did,maurice costello
what a cinch,will louis
what a clue will do,louis chaudet
what a crazy world,michael carreras
what a cuntry,britt morgan
what a cuntry,jace rocker
what a difference a cop makes,edward h. feldman
what a difference a date makes,lex passaris
what a difference a day made: doris day superstar,andré schäfer
what a difference a day makes,peter payer
what a difference a day makes,earl bellamy
what a difference a day makes,raechel zarzynski
what a difference a day makes,rob corn
what a drag,darcy conyers
what a dump,dave powers
what a find,cecil birch
what a gang,zeev havatzelet
what a girl wants,dennie gordon
what a great idea,rokk lattanzio
what a great year yassin,mahmoud zahran
what a gun,cassie dart
what a husband,donald taylor
what a kiss will do,arthur finn
what a knight,manny gould
what a life,ub iwerks
what a life,john g. adolfi
what a life,theodore reed
what a life,michael law
what a little beauty,colin nutley
what a little sneeze will do,eddie donnelly
what a load of rubbish,stan woodward
what a lovely day,paul bonner
what a lovely landing strip,james widdoes
what a lucky fuck,miles long
what a man,matthias schweighöfer
what a man can be,peter medak
what a man has to do to survive,giorgos papakostas
what a man wants,lee byeong-heon
what a move,bob claver
what a night,paul terry
what a night,frank moser
what a night,burt reynolds
what a night for a knight,william hanna
what a night for a knight,joseph barbera
what a pen knows,yasin ali türkeri
what a performance,shaun o'riordan
what a picnic,russell t. ervin
what a picnic,cecil birch
what a piece of work is man,peter weller
what a pig mess,fred osmond
what a pig mess,scott o'brien
what a pill,francis martin
what a pretty girl can do,percy stow
what a prick,collin mcshane
what a schmuck,paul c. babin
what a shining young man was our gallant lieutenant,james goldstone
what a steal,phill lewis
what a sun,jane kavcic
what a tangled web,stuart allen
what a tangled web we weave,bob claver
what a three-point turn-up for the book,brian cosgrove
what a trip,francis martin
what a twist,thomas sanders
what a vengeance upon england,lennie mayne
what a way to go,shaun o'riordan
what a way to go: an extravaganza in the making,jack haley jr.
what a way to run a revolution,bob spiers
what a weird place,thomas sanders
what a whopper,gilbert gunn
what a wife learned,john griffith wray
what a woman can do,gilbert m. 'broncho billy' anderson
what a woman says to her lover...,danny herb
what a woman will do,charles weston
what a wonderful day...,dinos mavroeidis
what a wonderful episode,linda day
what a wonderful family,yôji yamada
what a wonderful world,lucia aniello
what a wonderful world,april castaneda
what a wonderful world,michael ferguson
what a yawn did,segundo de chomón
what about calling all friends...,robert duncan mcneill
what about charlie,peter ellinas
what about denial...,perry lang
what about finding your place...,robert duncan mcneill
what about first steps...,allison anders
what about fred,eric appel
what about marjorie...,matt shakman
what about secret lovers...,bethany rooney
what about secrets...,dennie gordon
what about the exes...,david paymer
what about the fish,michael apted
what about the tangled web...,harry winer
what about the wedding,allison liddi-brown
what about what was supposed to be...,jerry london
what adam knows,todd broder
what adam knows,joe sullivan
what am i,alberto martinez
what american really thinks of the japanese,renee tajima-pena
what an absent-minded,marianna novogrudskaya
what an excuse,sam newfield
what an eye,edward ludwig
what an understudy does,andrew mitchell
what animals want,christian theede
what anne brought home,maury holland
what are actors sides and scripts,stella kittrell
what are you up to,maksim sveshnikov
what avails the crown,stanner e.v. taylor
what babies do,john francis daley
what babies do,jonathan goldstein
what beautiful eyes you have,brett register
what becomes of the broken-hearted,ron lagomarsino
what becomes of the broken hearted,lawrence gordon clark
what ben said,alex sebastian laibach
what big eyes,donald mcwhinnie
what birds are literally saying in the morning,thomas sanders
what birds eat,gregorio smith
what bobbi starr wants bobbi starr gets,maitresse madeline
what brings the future,junji nishimura
what brothers are for,aly muritiba
what brought the past,junji nishimura
what buddy sees in the dark,jamison m. locascio
what came after,tonya pinkins
what came to bar q,lloyd ingraham
what can be shown,nicholas hondrogen
what can go wrong,lamont johnson
what celebs and royals do in summer by prince mario-max schaumburg-lippe,prince mario-max schaumburg-lippe
what celebs and royals really eat - interactive media tv show and the big fat greek wedding hollywood movie,prince mario-max schaumburg-lippe
what children do,dean peterson
what coffee really tastes like,tyler cole
what color is the wind,allan grant
what colour is black,mantavya marwah
what comes after,greg nicotero
what comes after the blues,mark schwahn
what comes around,john nicolella
what comes around,jerry reed
what comes up must come down,richard lang
what could be sweeter,carter dehaven
what could have been,shea wageman
what could have been,eric laneuville
what could have been,bethany rooney
what could she do,john h. collins
what dad would want,james widdoes
what darwin missed,beverly griffith
what day is it,tree lowe
what death can join together,coky giedroyc
what demoralized the barber shop,william heise
what devil do,millicent shelton
what disney buying fox could actually mean for marvel x-men and more,vera wylde
what do casting directors look for in an actor - phaedra harris,stella kittrell
what do i care,monte brice
what do i mean,vernon lawrence
what do women want,guy shalem
what do you call a call girl mystery,charles s. dubin
what do you do,nick gomez
what do you know about greece,constantinos isaias
what do you think,todor chapkanov
what do you want in a show,eddie davis
what do you want to be: documentary,shan ali shamsi
what does it all mean,shane cole
what does the flag mean to me,joe difrancesco
what doris did,george foster platt
what dread hand,derek clark
what dreams may become,grant harvey
what dreams may come,terry hughes
what dreams may come,magnus martens
what dreams may come,james whitmore jr.
what dreams may come,vincent ward
what drink did,d.w. griffith
what drives indy 500 winner dario franchitti,r.j. williams
what else were you expecting,patrick scott
what even is this place,thomas sanders
what ever happened to baby peggy,michael mcdonald
what ever happened to baby sister,ellen gittelsohn
what ever mama wants,roger marks
what ever turns you on,james bryan
what every girl sees at a gyno appointment,vincent peone
what every girl should know,charles reisner
what every iceman knows,hal yates
what every iceman knows,leo mccarey
what every male actor fears,chris petrovski
what every secretary knows,oscar rudolph
what every woman knows,gregory la cava
what every woman knows,william c. de mille
what every woman knows,robert mulligan
what every woman learns,fred niblo
what every woman wants,jesse d. hampton
what every woman wants,maurice elvey
what every woman wants,ernest morris
what every young man should know,jerry davis
what everyone wants from the walking dead,megan willoughby
what family actually means,lana wachowski
what farm price support means to you,ernest reid
what farmer jones saw at the pictures,arthur melbourne cooper
what farocki taught,jill godmilow
what fate holds,filippos fylaktos
what father saw,wilfred lucas
what flies beneath,louie del carmen
what flowers daisies are,gene levitt
what follows,daniel strider
what fools men,george archainbaud
what fools men are,george terwilliger
what fools these mortals be,tommy lynch
what friends are for,roland dane
what friends are for,hettie macdonald
what fun we were having,adam wingard
what fur,george stevens
what future,harry kakatsakis
what gets you off... 2,pat myne
what gets you off... 4,pat myne
what ghosts,david rodriguez
what girls like,jessica drake
what girls like,fred j. lincoln
what girls want,paul jenkins
what gobbles beneath,adam davidson
what god hath joined together,rollin s. sturgeon
what god hath wrought,jules bricken
what god the creator means,peter getzels
what goes around,chris langman
what goes around,shawn montgomery
what goes around,neil schell
what goes around,anders matthesen
what goes around,jason sands
what goes around,graeme harper
what goes around,tim southam
what goes around comes around,chuck bowman
what goes around comes around,tyson jarvis
what goes around comes around,tyson hepburn
what goes around comes around,dennis donnelly
what goes around comes around,david e. talbert
what goes around comes around,anna akana
what goes around comes around,tim story
what goes around comes around,christopher behnisch
what goes around...,rod pitts
what goes around...,jason sands
what goes down must come up,christopher mcculloch
what goes on tour,keiron self
what goes up,matt gambell
what goes up,john howard davies
what goes up,charles nichols
what goes up,david elliott
what goes up,timothy bond
what goes up,jeff bleckner
what goes up,eddie green
what goes up,robert breer
what goes up must come down,joanna kerns
what goes up must come down,gary harvey
what goes up...,leslie h. martinson
what goes up...,sarah k. pillsbury
what great bear learned,william f. haddock
what guys are really thinking,ian hecox
what guys are really thinking,anthony padilla
what happened,phill lewis
what happened at 22,george irving
what happened at school,charles lamont
what happened at three oaks,lewis allen
what happened in new york,keita kôno
what happened in the tunnel,edwin s. porter
what happened in vegas,dave r. watkins
what happened last night,candice t. cain
what happened on a certain day in the castle town,tatsuya yoshihara
what happened on pam island,eliza kubarska
what happened on the barbuda,langdon west
what happened to april,edward m. abroms
what happened to brown,david aylott
what happened to courtney,jeffrey g. hunt
what happened to father,john g. adolfi
what happened to father,c.j. williams
what happened to freckles,edwin august
what happened to jones,fred mace
what happened to jones,james cruze
what happened to kali,blake ridder
what happened to lizzie,percy stow
what happened to mary,charles brabin
what happened to mary,a.e. coleby
what happened to monday,tommy wirkola
what happened to peggy,walter v. coyle
what happened to pete,steve buscemi
what happened to pimple the gentleman burglar,joe evans
what happened to pimple the gentleman burglar,fred evans
what happened to pimple: in the hands of the london crook,fred evans
what happened to pimple: in the hands of the london crook,joe evans
what happened to pimple: the suicide,joe evans
what happened to pimple: the suicide,fred evans
what happened to rosa,victor schertzinger
what happened to suzan,guri alfi
what happened to willie,louis m. glackens
what happened was...,tom noonan
what happens after vegas,bentley kyle evans
what happens at home,lilton stewart iii
what happens at home...,jan eliasberg
what happens at night,connie rasinski
what happens in albany stays in albany,mark cendrowski
what happens in burma,john t. kretchmer
what happens in jersey...: part 2,phill lewis
what happens in the cave,david wellington
what happens in vegas,michael lembeck
what happens in vegas,barrett long
what happens in vegas,tom vaughan
what happens in vegas,ziad touma
what happens in vegas dies in boston,jesús salvador treviño
what happens in vegas...,jason sands
what happens in vegas... ends up on instagram,lp
what happens in vegas... happens,allison liddi-brown
what happens to idiots,saul metzstein
what happens when a ghost eats a burrito,jason snellman
what happens with martin,wlodzimierz haupe
what has four wheels and flies,dennis lanning
what have you done,john wells
what he did,jonas poher rasmussen
what he did for love,chuck vinson
what he forgot,jerold t. hevener
what history,joanna kerns
what ho the cook,rowland v. lee
what hollywood taught us about sex,dan riley
what hugh knew,todd thompson
what i did for love,jesse williams
what i did for love,steven robman
what i did for love,donald reiker
what i did for love,will mackenzie
what i did for love,todd holland
what i did for lust,bethany rooney
what i did last summer,rondell sheridan
what i did on my summer vacation and other stories,michael lange
what i did..,curtiss cook
what i know,patty jenkins
what i learned from president obama,destin sandlin
what i like about you,andy cadiff
what i like in a woman,vanessa cloke
what i love about dying,silas howard
what i should have said,renna nightingale
what i wanna do when things get awkward,thomas sanders
what i want,lancelot oduwa imasuen
what i want,david milchard
what i want,damian kocur
what i want,wesley taylor
what i want next,dave o'brien
what i want to be,bruce gowers
what i wished for you,max kalinowicz
what if,saara cantell
what if,tom logan
what if,dania pasquini
what if,alejandro chomski
what if,rick jordan
what if,michael dowse
what if,kenneth johnson
what if,martin risberg
what if,max giwa
what if cannabis cured cancer,len richmond
what if he wins,jared robbins
what if interview with brett ratner alive inside a most wanted man,dustin jacobs
what if some demon were to say...,pawel kuczynski
what if somebody gets hurt,darrell roodt
what if usa was like brazil,thierre di castro garrito
what if you die because of me,jo soo-won
what if..,olga dinnikova
what if...,dallas jenkins
what if...,christopher papakaliatis
what if...,oz scott
what if... people interviewed for jobs like actors - auditions,patrick cavanaugh
what if... people interviewed for jobs like actors - casting director workshops,patrick cavanaugh
what if... people interviewed for jobs like actors - pilots,patrick cavanaugh
what ignites me extinguishes me,françois miron
what in the name of god,tom clegg
what in the sam hill,willy adkins
what inspires women,rosann ferrier
what is a good teacher,francis ng
what is and what never should be,jimmy lifton
what is and what should never be,perry lang
what is and what should never be,rod hardy
what is and what should never be,eric kripke
what is dead may never die,alik sakharov
what is done,giancarlo volpe
what is good and what is bad,efim gamburg
what is love,ruth mader
what is more valuable than life,kang dae-jin
what is past is prologue,p. david ebersole
what is past is prologue,bryan goeres
what is past is prologue,dennis dimster
what is sauce for the goose,gaston méliès
what is seen through a keyhole,ferdinand zecca
what is that,run wrake
what is the bible,phil vischer
what is this....,dean cameron
what is to be will be,alice guy
what is your problem,ahmed chaer
what it feels like waiting for something to load,thomas sanders
what it is,kaija helweg
what it means to you,jerry london
what it seems,jakob schmidt
what it seems,robert lieberman
what it takes,akkim lee
what it takes,ville gideon sörman
what it takes to run a team,tom mariano
what it takes: film en douze tableaux,gorman bechard
what it takes: part 1,peter smith
what it takes: part 2,peter smith
what it was was love,dwight hemion
what jamal saw,alexander freeman
what jesus said,ed bianchi
what josiah saw,vincent grashaw
what just happened,barry levinson
what katie did,charles m. seay
what keeps us apart,sarah nouri
what keith said,dan gregory
what kids want to know about sex and growing up,ozzie alfonso
what kind of day has it been,bradley whitford
what kind of day has it been,thomas schlamme
what kind of fool do you think i am,jennifer love hewitt
what leonard cohen did for me,martina hall
what lies ahead,ernest r. dickerson
what lies below,roger pyke
what lies beneath,piers haggard
what lies beneath,larry joe campbell
what lies beneath,beth mccarthy-miller
what lies beneath,robert zemeckis
what lies beneath,pino amenta
what lies beneath,david paymer
what lies beneath,matt earl beesley
what lies beneath,steven wesley miller
what lies beneath,dwight h. little
what lies beneath,rené bonnière
what lies beneath,amanda row
what lies beneath the surface,matthew mercer
what lies beneath: part 1,hatsuki tsuji
what lies beneath: part 2,hatsuki tsuji
what lies beneath: part 3,hatsuki tsuji
what lies between us,sxv'leithan essex
what lies beyond,yutaka izubuchi
what lies beyond... the beginning,jarrod knowles
what lies tangled: part 1,david drury
what lies tangled: part 2,david drury
what links two people,jun'ichi satô
what loneliness,lawrence trilling
what love can do,jay hunt
what love can do,gerald blake
what love feels like,robyn l charles
what love forgives,perry n. vekroff
what love is,khyan mansley
what love is,mars callahan
what love is: the duke pathfinders 50,ted bogosian
what love taught me,damian harris
what love will do,william k. howard
what love will do,robert n. bradbury
what makes a champion,jack eaton
what makes a champion,geoffrey collings
what makes a city different,virke lehtinen
what makes a city different,aito mäkinen
what makes a family,maggie greenwald
what makes a masterpiece,habib azar
what makes atticus run,tony dow
what makes auntie freeze,sidney miller
what makes daffy duck,arthur davis
what makes dick run,dick martin
what makes doogie run,dennis dugan
what makes felix run,jerry paris
what makes rabbit run,wendy acey
what makes sammy run,jamie babbit
what makes the wheels go round,geoffrey nethercott
what makes us tick,carl urbano
what martha said,susan skoog
what mary jo wanted,bernard wilets
what matters most,chris fisher
what matters most,jane cusumano
what max said,emilio martínez lázaro
what means something,ben rivers
what men are really saying when catcalling women,keith habersberger
what men do,chi chi larue
what men live by,vernon sewell
what men want,adam shankman
what men want,ernst laemmle
what men will do,charles weston
what metal girls are into,laurel vail
what might have been,john english
what might have been,joseph stacey
what might have been,sidney m. goldin
what might have been,john b. o'brien
what miro saw,pat murphy
what money can buy,edwin greenwood
what monkey calls the dog-woman,jun fukuda
what mozart saw on mulberry street,joseph cornell
what mozart saw on mulberry street,rudy burckhardt
what must be done,kôtarô tamura
what must be done,jon amiel
what my alarm clock sounds like when...,thomas sanders
what my eyes are going to see,thodoros maragos
what my eyes have seen,laurent de bartillat
what nana said,grinnell morris
what needs to be done now: eve of the counterattack part 3,tetsurô araki
what netflix is trying to tell you,thomas sanders
what next,louis m. glackens
what no man knows,harry garson
what no one knows,søren kragh-jacobsen
what no one noticed,yasuhiro takemoto
what nobody knew,steven wesley miller
what not to do on february 14th...,jeanne joe perrone
what not to do on february 14th...,ludovic coutaud
what not to do on february 14th...,pierre taisne
what not to do with your moustache,johnny wickham
what not to say to someone with a chronic illness...,timothy wilde
what not to wear,art spigel
what now,phillip noyce
what now lowbrow,charles nichols
what now...,reagan gomez-preston
what other people say,matthew raponi
what other people think,monty miranda
what our fathers did: a nazi legacy,david evans
what papa got,phillips smalley
what parents do,graeme harper
what passes for love in east pittsburgh,bruce bilson
what people actually think about on a first date,daniel lee
what people do,tyler james jacobs
what people do for money,will vaughan
what pleases the prince...,alan gibson
what price a life,john sichel
what price burlesque,murray roth
what price crime,albert herman
what price decency,arthur gregor
what price dough,gilbert pratt
what price fleadom,tex avery
what price freedom,paul f. heard
what price gloria,richard irving
what price glory,john ford
what price glory,raoul walsh
what price jazz,sam baerwitz
what price love,yang'an yuan
what price orphans,mark goldaine
what price pants,casey robinson
what price porky,robert clampett
what price taxi,del lord
what price vengeance,del lord
what price victory,john t. coyle
what price victory,kevin connor
what real friends do,noah humphrey
what really frightens you,richard w. haines
what really happened,jack smight
what really matters,colton tran
what remains,liv apollonia scharbatke
what remains,eric gerber
what remains,anahita ghazvinizadeh
what remains,kelvin shum
what remains,çigdem vitrinel
what remains is bestial,millicent shelton
what richard did,lenny abrahamson
what scottie heard,cecil birch
what senka said,radomir vasilevsky
what she did for love,allan king
what she left,arianna basco
what she really wants,charles papert
what she said,andrew joseph perez
what she wants,anjali kara
what she wants,christopher timothy
what she wants for christmas,jason hewitt
what she wants from a genius is x,yoshiaki iwasaki
what she wrote,tim southam
what ships are for,vic mignogna
what should be had,yasuhiro takemoto
what should we do next,shane cole
what should your child be reading,iram qureshi
what sorrows may come,brice anthony heller
what spring does with the cherry trees,andré schneider
what storm is this that blows so,norman buckley
what streams may come,jared huckaby
what stretching actually does to your body,dianna cowern
what that smell,swinton o. scott iii
what that smell,anne luiting
what the angler caught,david aylott
what the astronauts drink,mark marek
what the astronauts drink,mark osborne
what the butler saw,ed bye
what the butler saw,john stroud
what the butler saw,godfrey grayson
what the butler saw,bill bain
what the butler saw,barry davis
what the butler saw,george dewhurst
what the cabbie saw,judy pioli
what the cliffs last saw,florian baxmeyer
what the curate really did,lewin fitzhamon
what the day brings,paul feig
what the doctor ordered,pat hartigan
what the doctor ordered,mack sennett
what the doctor ordered,jack williams
what the early bird gets,jim drake
what the false heart knows,gary harvey
what the fire throws,mike cahill
what the firelight showed,frank wilson
what the flux,jenn barlow
what the footman saw,cyril coke
what the funny,lynn shelton
what the future holds,lewis benjamin peck
what the gods decree,victorin-hippolyte jasset
what the health,ashley pishock
what the hell,brianne berkson
what the ice age left,robert c. bruce
what the if,frasco mortiz
what the inspector saw,robert becker
what the lady wants,oliver driver
what the little bird told him,eagle egilsson
what the media is not telling you about the cosby accusers,alexander baron
what the moon saw,pino amenta
what the night brings,kenneth appleton
what the parrot saw,widgey r. newman
what the parrot saw,percy stow
what the party has joined let no road separate,alejandro iglesias mendizabal
what the puppy said,widgey r. newman
what the rats knew,george mccowan
what the river foretold,joseph franz
what the river foretold,billy franey
what the snow brings,kichitarô negishi
what the sparrow said,tim guinee
what the sun has seen,michal rosa
what the tide brings,sam barrett
what the tree remembers the axe forgets,ira chute
what the truck,marshall jay kaplan
what the truck,michael kennedy
what the whiskey drummer heard,andrew v. mclaglen
what the wild waves did,al christie
what the wind took away,helin celik
what the world makes,ira genet
what the world needs now,david scott
what the zoning inspector saw,sam simon
what they eat,émile cohl
what they saw in southie high,ed bianchi
what they see,jennifer dimarco
what things may come,sequoia houston
what things may cum,david thompson
what this world is coming to,kevin martin
what three men wanted,paul burns
what tiggers do best,john lounsbery
what tiggers do best,wolfgang reitherman
what to do when you forget an assignment,thomas sanders
what to do when you land,adam arkin
what to do when your net is empty: part 1,don white
what to do when your net is empty: part 2,don white
what to do with a burglar,clive doig
what to do with a physics degree,dianna cowern
what to get your man,paul geffre
what to know before you go,brea tisdale brumels
what to wear when yachting,harold snoad
what tomorrow brings,seth chitwood
what took so long,paul mcguigan
what up fam,deborah kaplan
what valentina saw,jennifer dimarco
what waits below,don sharp
what waits for them in darkness,stephen dunn
what was lost,don swanson
what was lost: part 1 - sacrifice,rowan woods
what was lost: part 2 - resurrection,rowan woods
what was missing,larry leichliter
what was sundered and undone,louis leterrier
what we are,michael burhan
what we are fighting for,erle c. kenton
what we did before we drank cocoa together,aramisova
what we did on our holiday,andy hamilton
what we did on our holiday,guy jenkin
what we did that night,paul shapiro
what we do in the shadows,elisa hansen
what we do in the shadows,taika waititi
what we do in the shadows,jemaine clement
what we do in the shadows: interviews with some vampires,taika waititi
what we do in the shadows: interviews with some vampires,jemaine clement
what we have,paul gutrecht
what we have,jeremy hyler
what we have is worth the pain,howard deutch
what we hope for,kunihiko ikuhara
what we leave behind,antonio negret
what we leave behind,piotr szkopiak
what we take from each other,scott z. burns
what we talk about when we talk about fish,egil pedersen
what we talk about when we talk about love,séamus mcguigan
what we talk about when we talk about zombies,stephen elliott
what we want what we believe: the black panther party library,roz payne
what we were,melanie waelde
what wearing earphones means,thomas sanders
what went on inside,jav rivera
what went wrong,jonathan morgan
what went wrong,james whitmore jr.
what where,damien o'donnell
what who how,stan vanderbeek
what will come part 1: co-op city,jordi colomer
what will come part 2: levittown,jordi colomer
what will come part 3: the hamptons,jordi colomer
what will happen now,atif yilmaz
what will i have left,charles michael davis
what will people say,iram haq
what will survive of us,domhnall gleeson
what will survive: part 1,david richards
what will survive: part 2,david richards
what william did,joe rosenthal
what willie did,frank s. mottershaw
what wives want,jack conway
what women did for me,james parrott
what women love,nate watt
what women suffer,alfred rolfe
what women want,nancy meyers
what women want,andy cadiff
what women want,george archainbaud
what women want,oz scott
what women want,luke ford
what women want,hans de korte
what women want,bethany rooney
what women want,lindsay ellis
what women want,mark tinker
what women will do,gerald blake
what women will do,edward josé
what would you do for...,pennant roberts
what you are,jeff doiron
what you are in the dark,jim enright
what you can,aleksi vellis
what you can do with money,boris sagal
what you care is what you do,brian mills
what you have left,agnieszka holland
what you know,jeffrey forsyth
what you know about me,chip fields
what you like is in the limo,michael blieden
what you need,alvin ganzer
what you need,charles s. dubin
what you never have you never miss,alan tarrant
what you never knew about batman,doug walker
what you never knew about christmas vacation,doug walker
what you never knew about gremlins,doug walker
what you never knew about hot fuzz,doug walker
what you never knew about roger rabbit,doug walker
what you never knew about teenage mutant ninja turtles,doug walker
what you really need to know about... strokes,graeme garden
what you really need to know about... ulcers: gastric and duodenal peptic ulcers,graeme garden
what you see,félix enríquez alcalá
what you see here stays here,von ryan
what you see is not everything,shin won-ho
what you see is what you see,duane clark
what you seed is what you get,kunihiko yuyama
what you sow (kakvoto poseesh),eldora traykova
what you want,butch hartman
what you want,jim duffy
what you wanted,gabriel barreto
what you will,yô yoshinari
what you wish for,carmela hayslett
what you wish for,shawn levy
what your made to do in life,renna nightingale
what zootopia got wrong,charles e. bastien
whatabooty,mr. pete
whatabooty 2,mr. pete
whatabooty 3,mr. pete
whatabooty 4,mr. pete
whatabooty 5,john strong
whatabooty 6,claudio bergamin
whatabooty 7,claudio bergamin
whatabooty 8,michael stefano
whatcha say,todd nathanson
whatcha want,rob hann
whatcha want,kevin paget
whatever,ian emes
whatever,susan skoog
whatever,philippe harel
whatever can go wrong,sophia turkiewicz
whatever can go wrong will go wrong,noriyuki abe
whatever comes,jagoda madej
whatever comes next,hildegard elisabeth keller
whatever gets you through the night: glitter rock,tony palmer
whatever goes up,harry gerstad
whatever happened happened,bobby roth
whatever happened to george robins: part one,bob hird
whatever happened to george robins: part three,bob hird
whatever happened to george robins: part two,bob hird
whatever happened to maggie rennie,michael nankin
whatever happened to mason reese,brett ratner
whatever happened to peggy,herbert l. strock
whatever happened to yesterday,leslie h. martinson
whatever happens,niels laupert
whatever happens next,julian pörksen
whatever it takes,stormy daniels
whatever it takes,david stanley
whatever it takes,david raynr
whatever it takes,hettie macdonald
whatever it takes,juan josé campanella
whatever it takes,joanna quinn
whatever it takes,sean gleeson
whatever it takes,andrew kadikian
whatever it takes,sandra seeling lipski
whatever lola wants,nigel finch
whatever lola wants,michael lembeck
whatever lola wants,richard kinon
whatever lola wants....,john peyser
whatever mama wants,don richardson
whatever may come,christian vogel
whatever possessed you,miguel sandoval
whatever she wants,c.r. wallace
whatever she wants,je'caryous johnson
whatever sunlight remains,shane andries
whatever the case may be,jack bender
whatever the cost,robert ensminger
whatever usa,paul soter
whatever we do,kevin connolly
whatever will be,esther prade
whatever will be will be,chi leung 'jacob' cheung
whatever will be will be...,danny walin
whatever will be... que sera,dewayne bontrager
whatever works,john nicolella
whatever works,woody allen
whatever you can spare,bogdan zizic
whatever you say,guillaume canet
whatever you want,jing wong
whatever you want,stan lathan
whatever you wish,andrew mccullough
whatever you wish,cem baseskioglu
whateverest,kristoffer borgli
whats underneath matters,james lee
whats your poison,aaron jackson
whatsapp guys,kkunal shinde
whatsapp massage,bhuvan bam
whatsapp message from beyond,mirijam verena jeremic
whatsoever house i enter,karl genus
whatsoever things i hear,william a. graham
whattley by the bay,john pasquin
whazzat the clown,terry kyne
wheat,ping he
wheat country,roger blais
wheat soup,brian stockton
wheatlands plantation,nick groff
wheeels 1,stan vanderbeek
wheeels 2,stan vanderbeek
wheeels 3,stan vanderbeek
wheeels 4,stan vanderbeek
wheel-dealer,norman gollin
wheel across america 1,mark corwin
wheel across america 1,dick carson
wheel across america 1,mark corwin
wheel across america 1,mark corwin
wheel across america 1,mark corwin
wheel across america 1,mark corwin
wheel across america 1,mark corwin
wheel across america 2,mark corwin
wheel across america 2,dick carson
wheel across america 2,mark corwin
wheel across america 2,mark corwin
wheel across america 2,mark corwin
wheel across america 2,mark corwin
wheel across america 2,mark corwin
wheel across america 3,mark corwin
wheel across america 3,mark corwin
wheel across america 3,mark corwin
wheel across america 3,mark corwin
wheel across america 3,mark corwin
wheel across america 3,mark corwin
wheel across america 3,dick carson
wheel across america 4,dick carson
wheel across america 4,mark corwin
wheel across america 4,mark corwin
wheel across america 4,mark corwin
wheel across america 4,mark corwin
wheel across america 4,mark corwin
wheel across america 4,mark corwin
wheel across america 5,mark corwin
wheel across america 5,mark corwin
wheel across america 5,mark corwin
wheel across america 5,mark corwin
wheel across america 5,dick carson
wheel across america 5,mark corwin
wheel across america 5,mark corwin
wheel around the world 1,mark corwin
wheel around the world 1,mark corwin
wheel around the world 1,mark corwin
wheel around the world 1,mark corwin
wheel around the world 1,mark corwin
wheel around the world 1,mark corwin
wheel around the world 1,mark corwin
wheel around the world 1,mark corwin
wheel around the world 1,mark corwin
wheel around the world 2,mark corwin
wheel around the world 2,mark corwin
wheel around the world 2,mark corwin
wheel around the world 2,mark corwin
wheel around the world 2,mark corwin
wheel around the world 2,mark corwin
wheel around the world 2,mark corwin
wheel around the world 2,mark corwin
wheel around the world 2,mark corwin
wheel around the world 3,mark corwin
wheel around the world 3,mark corwin
wheel around the world 3,mark corwin
wheel around the world 3,mark corwin
wheel around the world 3,mark corwin
wheel around the world 3,mark corwin
wheel around the world 3,mark corwin
wheel around the world 3,mark corwin
wheel around the world 3,mark corwin
wheel around the world 4,mark corwin
wheel around the world 4,mark corwin
wheel around the world 4,mark corwin
wheel around the world 4,mark corwin
wheel around the world 4,mark corwin
wheel around the world 4,mark corwin
wheel around the world 4,mark corwin
wheel around the world 4,mark corwin
wheel around the world 4,mark corwin
wheel around the world 5,mark corwin
wheel around the world 5,mark corwin
wheel around the world 5,mark corwin
wheel around the world 5,mark corwin
wheel around the world 5,mark corwin
wheel around the world 5,mark corwin
wheel around the world 5,mark corwin
wheel around the world 5,mark corwin
wheel around the world 5,mark corwin
wheel chair,tapan sinha
wheel goes to the movies 1,mark corwin
wheel goes to the movies 1,dick carson
wheel goes to the movies 1,mark corwin
wheel goes to the movies 1,mark corwin
wheel goes to the movies 1,mark corwin
wheel goes to the movies 1,mark corwin
wheel goes to the movies 2,mark corwin
wheel goes to the movies 2,mark corwin
wheel goes to the movies 2,mark corwin
wheel goes to the movies 2,mark corwin
wheel goes to the movies 2,mark corwin
wheel goes to the movies 2,dick carson
wheel goes to the movies 3,dick carson
wheel goes to the movies 3,mark corwin
wheel goes to the movies 3,mark corwin
wheel goes to the movies 3,mark corwin
wheel goes to the movies 3,mark corwin
wheel goes to the movies 3,mark corwin
wheel goes to the movies 4,mark corwin
wheel goes to the movies 4,dick carson
wheel goes to the movies 4,mark corwin
wheel goes to the movies 4,mark corwin
wheel goes to the movies 4,mark corwin
wheel goes to the movies 4,mark corwin
wheel goes to the movies 5,mark corwin
wheel goes to the movies 5,dick carson
wheel goes to the movies 5,mark corwin
wheel goes to the movies 5,mark corwin
wheel goes to the movies 5,mark corwin
wheel goes to the movies 5,mark corwin
wheel goes waikoloa 1,mark corwin
wheel goes waikoloa 2,mark corwin
wheel goes waikoloa 3,mark corwin
wheel goes waikoloa 4,mark corwin
wheel goes waikoloa 5,mark corwin
wheel into 1997 1,dick carson
wheel into 1997 2,dick carson
wheel into 1997 3,dick carson
wheel into 1997 4,dick carson
wheel into 1997 5,dick carson
wheel into 1998 1,dick carson
wheel into 1998 2,dick carson
wheel into 1998 3,dick carson
wheel into 1998 4,dick carson
wheel into 1998 5,dick carson
wheel into 1999 1,dick carson
wheel into 1999 2,dick carson
wheel into 1999 3,dick carson
wheel into 1999 4,dick carson
wheel into 1999 5,dick carson
wheel into the new year: game 1,dick carson
wheel into the new year: game 2,dick carson
wheel into the new year: game 3,dick carson
wheel into the new year: game 4,dick carson
wheel into the new year: game 5,dick carson
wheel loves l.a. 1,mark corwin
wheel loves l.a. 2,mark corwin
wheel loves l.a. 3,mark corwin
wheel loves l.a. 4,mark corwin
wheel loves l.a. 5,mark corwin
wheel loves la 1,mark corwin
wheel loves la 2,mark corwin
wheel loves la 3,mark corwin
wheel loves la 4,mark corwin
wheel loves la 5,mark corwin
wheel loves new york 1,mark corwin
wheel loves new york 2,mark corwin
wheel loves new york 3,mark corwin
wheel nuts,chris waitt
wheel of ashes,peter emmanuel goldman
wheel of chance,alfred santell
wheel of death,walter grauman
wheel of destruction,hisayuki toriumi
wheel of dharma,r.w. goodwin
wheel of fate,francis searle
wheel of fortune,marc miller
wheel of fortune,stuart e. mcgowan
wheel of fortune,david hemmings
wheel of fortune,eddie davis
wheel of fortune,kay wright
wheel of fortune,jack herzberg
wheel of fortune,stephen gyllenhaal
wheel of fortune,hartmut jahn
wheel of fortune,ed friedman
wheel of fortune,terry kinney
wheel of fortune,leslie goodwins
wheel of fortune,robert lieberman
wheel of fortune 25 1,mark corwin
wheel of fortune 25 10,mark corwin
wheel of fortune 25 11,mark corwin
wheel of fortune 25 12,mark corwin
wheel of fortune 25 13,mark corwin
wheel of fortune 25 14,mark corwin
wheel of fortune 25 15,mark corwin
wheel of fortune 25 16,mark corwin
wheel of fortune 25 17,mark corwin
wheel of fortune 25 18,mark corwin
wheel of fortune 25 19,mark corwin
wheel of fortune 25 2,mark corwin
wheel of fortune 25 20,mark corwin
wheel of fortune 25 3,mark corwin
wheel of fortune 25 4,mark corwin
wheel of fortune 25 5,mark corwin
wheel of fortune 25 6,mark corwin
wheel of fortune 25 7,mark corwin
wheel of fortune 25 8,mark corwin
wheel of fortune 25 9,mark corwin
wheel of fortune from portland 1,mark corwin
wheel of fortune from portland 2,mark corwin
wheel of fortune from portland 3,mark corwin
wheel of fortune from portland 4,mark corwin
wheel of fortune from portland 5,mark corwin
wheel of frontier,kunihiko yuyama
wheel of game bang,matt raub
wheel of justice,mel damski
wheel of life,viktoria rampal dzurenko
wheel of misfortune,quinn saunders
wheel of obsession,ernest greene
wheel of time,werner herzog
wheel salutes our military 1,mark corwin
wheel salutes our military 2,mark corwin
wheel salutes our military 3,mark corwin
wheel salutes our military 4,mark corwin
wheel salutes our military 5,mark corwin
wheel salutes the armed forces 1,mark corwin
wheel salutes the armed forces 2,mark corwin
wheel salutes the armed forces 3,mark corwin
wheel salutes the armed forces 4,mark corwin
wheel salutes the armed forces 5,mark corwin
wheel takes manhattan 1,mark corwin
wheel takes manhattan 2,mark corwin
wheel takes manhattan 3,mark corwin
wheel takes manhattan 4,mark corwin
wheel takes manhattan 5,mark corwin
wheel to the stars,robert dornhelm
wheel was here 1,mark corwin
wheel was here 2,mark corwin
wheel was here 3,mark corwin
wheel was here 4,mark corwin
wheel was here 5,mark corwin
wheel watchers club 1,mark corwin
wheel watchers club 1,mark corwin
wheel watchers club 1,mark corwin
wheel watchers club 10,mark corwin
wheel watchers club 11,mark corwin
wheel watchers club 12,mark corwin
wheel watchers club 13,mark corwin
wheel watchers club 14,mark corwin
wheel watchers club 15,mark corwin
wheel watchers club 2,mark corwin
wheel watchers club 2,mark corwin
wheel watchers club 2,mark corwin
wheel watchers club 3,mark corwin
wheel watchers club 3,mark corwin
wheel watchers club 3,mark corwin
wheel watchers club 4,mark corwin
wheel watchers club 4,mark corwin
wheel watchers club 4,mark corwin
wheel watchers club 5,mark corwin
wheel watchers club 5,mark corwin
wheel watchers club 5,mark corwin
wheel watchers club 6,mark corwin
wheel watchers club 7,mark corwin
wheel watchers club 8,mark corwin
wheel watchers club 9,mark corwin
wheelapalooza week 1,mark corwin
wheelapalooza week 2,mark corwin
wheelapalooza week 3,mark corwin
wheelapalooza week 4,mark corwin
wheelapalooza week 5,mark corwin
wheelbarrow johnny,george archainbaud
wheelbarrow race,ginger gibbons
wheelbarrows,gilchrist calder
wheelchair,jeffrey jeturian
wheelchair pilot,ayumu watanabe
wheelchair tango,jon truei
wheelchair werewolf,joe avella
wheeldini,charles e. bastien
wheeler-dealer,alan tarrant
wheeler and murdoch,joseph sargent
wheeler at the cabin,james v. kern
wheeler war,michael lembeck
wheelers and dealers,charles s. dubin
wheelie ben,ed bye
wheelies,john stockton
wheelies,alan j.w. bell
wheeling,barry crane
wheeling and stealing,paul fennell
wheeling and stealing,abe levitow
wheeling dealing,james mellor
wheeling wizards,harry foster
wheelman,tony wharmby
wheelman,danny bilson
wheelman,jeremy rush
wheels,elizabeth ito
wheels,michael o'herlihy
wheels,stuart allen
wheels,thomas griffith
wheels,gerren keith
wheels,djordje milosavljevic
wheels,john mckay
wheels,hana kukal
wheels,andrew gurland
wheels,jeff mccracken
wheels,cathal black
wheels,penny marshall
wheels,richard bramall
wheels,david tomblin
wheels,tom gries
wheels,shawn levy
wheels,christine gernon
wheels 1,mark corwin
wheels 2,mark corwin
wheels 3,mark corwin
wheels 4,mark corwin
wheels 5,mark corwin
wheels across a wilderness,mal leyland
wheels across a wilderness,mike leyland
wheels and deals,prudence fitzgerald
wheels and deals: part 2,jefferson kibbee
wheels and woe,john francis dillon
wheels between wheels,david green
wheels down,tyson hepburn
wheels down,tamra davis
wheels for warriors,michael feifer
wheels go round,dewayne bontrager
wheels of death,sutton roley
wheels of death,rob kennedy
wheels of destiny,alan james
wheels of fate,challis sanderson
wheels of fire,bruce bilson
wheels of fire,fred calvert
wheels of fire,cirio h. santiago
wheels of fortune,jerry zaks
wheels of fortune,bruce bilson
wheels of freedom,aleksi puranen
wheels of fury,ronald marriott
wheels of fury,paul dinello
wheels of justice,william wiard
wheels of justice,gordon hessler
wheels of justice,jeff bleckner
wheels of justice: part 1,alan bergmann
wheels of justice: part 2,alan bergmann
wheels of misfortune: part 1,declan o'dwyer
wheels of misfortune: part 2,declan o'dwyer
wheels of terror,christopher cain
wheels of the pioneers,victor adamson
wheels of tragedy,richard wayman
wheels on (exploding) fire,nash bozard
wheels on meals,sammo kam-bo hung
wheels on parade,don towsley
wheels on parade,rudy larriva
wheels on parade,lou zukor
wheels that go,jim henson
wheels up,andrew fleming
wheels up,glenn kershaw
wheels up,david wain
wheels up: lady antebellum,joshua harris
wheels within wheels,murdock macquarrie
wheels within wheels,george kaczender
wheely bins,gareth gwenlan
wheely the muse,caldwell tanner
whelan,mark adderley
when,joel marsh
when,deanna crisbacher
when a body meets a body,sidney salkow
when a body meets a body,chuck liotta
when a bowling pin talks listen,jerry paris
when a camera fails,herbert l. strock
when a child is born,paul harrison
when a child is born: part 1,james keach
when a child is born: part 2,james keach
when a dog loves,j.p. mcgowan
when a dog trusts you and rests on your lap,thomas sanders
when a feller needs a friend,harry a. pollard
when a fellow needs a friend,hy averback
when a flame stands still,michael mike canon
when a girl loves,victor halperin
when a girl loves,lois weber
when a girl loves,travers vale
when a girl loves,phillips smalley
when a girl marries: part 1,denny lawrence
when a girl marries: part 2,denny lawrence
when a kid goes bad,michael mcdonald
when a king is a pawn,lesley selander
when a knight lost his day,bob godfrey
when a lovely woman,robert g. walker
when a man (or a freight train) loves his cookie,albert calleros
when a man (or a freight train) loves his cookie,phil allora
when a man (or a freight train) loves his cookie,anthony lioi
when a man comes home,thomas vinterberg
when a man falls,ryan eslinger
when a man loves,chester bennett
when a man loves,alan crosland
when a man loves,d.w. griffith
when a man loves a woman,nino bizzarri
when a man loves a woman,luis mandoki
when a man loves a woman,pino amenta
when a man loves a woman (ouderkerk aan de amstel),stephan brenninkmeijer
when a man loves two women,asaad kelada
when a man marries,al christie
when a man rides alone,henry king
when a man rides alone,j.p. mcgowan
when a man sees red,frank lloyd
when a man sees red,alan james
when a mandragora loves a woman,joe dante
when a martian makes his violin cry,john erman
when a selfie meets another selfie,thomas sanders
when a stan loves a woman,ron hughart
when a stan loves a woman,rodney clouden
when a stan loves a woman,anthony lioi
when a star falls,david nett
when a stranger calls,simon west
when a stranger calls,fred walton
when a stranger calls,lec zorn
when a stranger calls back,fred walton
when a tree falls,mohammadreza shams
when a tree falls,steven levitan
when a tree falls,asier altuna
when a wolf falls in love with a sheep,chi-jan hou
when a woman ascends the stairs,mikio naruse
when a woman breaks her jewelry box,kim soo-yong
when a woman guides,anthony o'sullivan
when a woman is in agony,kan mukai
when a woman loves,ahmad galal
when a woman loves,giulio antamoro
when a woman loves a man,jamall rashaud mcmillan
when a woman sins,j. gordon edwards
when a woman strikes,roy clements
when a woman waits,henry otto
when a. lansing loves a woman,peter bonerz
when actors go bad,michael egan
when actors go very very bad,michael egan
when adam delved and eve span,paul annett
when aids was funny,scott calonico
when ailin kissed lars,benjamin ree
when al met dawn,frank bonner
when ali met booey,val tasso
when aliens attack,rich moore
when aliens attack,gregg vanzo
when aliens attack,brian sheesley
when aliens camp,terry hughes
when aliens collide,tad stones
when aliens collide,alan zaslove
when all else fails,david ellison
when all the bets were off,frank arnold
when all the leaves are gone,alanis obomsawin
when all the people play,evelyn cherry
when ambrose dared walrus,walter wright
when america was rocked,bruce sinofsky
when america was young,herb moore
when america was young,jay hunt
when america was young,mike milo
when angels fall,roman polanski
when apps cut your jams,thomas sanders
when april goes by,jung jin-woo
when arabs danced,jawad rhalib
when ashish chanchlani met akshay kumar,ashish chanchlani
when asia speaks,gordon weisenborn
when aunt matilda fell,al christie
when autumn leaves,zoe clarke-williams
when bad conversations happen to good people,harry harris
when bad warlocks turn good,kevin inch
when bearcat went dry,oliver l. sellers
when beauty butts in,roy clements
when beckham met owen,adam wong
when being asked about height,thomas sanders
when ben bolted,robin williamson
when bess got in wrong,al christie
when bff switches schools,renna nightingale
when bff wins,renna nightingale
when big dan rides,joseph j. barry
when big families collide,sean overbeeke
when big fish die,peter maxwell
when billie beat bobby,jane anderson
when billy proposed,al christie
when billy struck the stage,bert angeles
when black birds fly,jimmy screamerclauz
when bobby broke his arm,charles m. seay
when bobby forgot,laurence trimble
when bonita rode,lewis d. collins
when both contend,simon bennett
when boy meets girl,don weis
when boys are forbidden to smoke,frank s. mottershaw
when bradys attack,virgil l. fabian
when bradys attack,richard correll
when bradys attack,ken whittingham
when brendan met trudy,kieron j. walsh
when broadway was a trail,o.a.c. lund
when brummies met sindhis,azfar rizvi
when bubba rules,don lusk
when bubba rules,ray patterson
when bubba rules,paul sommer
when bugles blow,john english
when business gets personal,dave miller
when california was wild,william robert daly
when california was won,george melford
when california was young,rollin s. sturgeon
when calls galactus,richard trueblood
when cameron passed by,lawrence b. mcgill
when carnival comes,carlos diegues
when cedar knoll freezes over,matthew o'callaghan
when champions meet,ernest morris
when chaos comes calling,rob laduca
when charles met sally,bruce bilson
when chemistry counted,tom ricketts
when chickens bark,michelle malley campos
when children leave home,juan bustillo oro
when children rule the world: spirit young performers company,sophie boyce
when christ was alive,greg robbins
when christmas trees light up,mstislav pashchenko
when clubs were clubs,david aylott
when clubs were trumps,horace davey
when co-workers attack,james widdoes
when co-workers have sexual tension,gregory burke
when cock is not enough,greg lansky
when cock is not enough,mike adriano
when collier came,howard rubie
when comedy was king,robert youngson
when comedy went to school,mevlut akkaya
when commercials are louder than the movies,thomas sanders
when conscience calls,george terwilliger
when cotton comes marching home,klay hall
when credit is due,paul guilfoyle
when cripples meet,alf collins
when cupid caught a thief,al christie
when cupid crossed the bay,al christie
when cupid is a prying journalist,john carney
when cupid slipped,victoria forde
when cupid won,al christie
when custard got too near the bone,bob godfrey
when custard stole the show,bob godfrey
when custard was sorry,bob godfrey
when daddy comes home,percy stow
when daddy comes marching home,jack shea
when damon fell for pythias,william beaudine
when danger calls,charles hutchison
when danger follows you home,david e. peckinpah
when danger smiles,william duncan
when darkness falls,timothy van patten
when darkness falls,steve miner
when darryl bumped sally,steve zuckerman
when dawn came,colin campbell
when day breaks,goran paskaljevic
when day is done,reginald collin
when death calls,jim haggerty
when death comes to visit,brock waidmann
when death rode the engine,webster cullison
when demons die,daniel rübesam
when devil visits,vishvendra rai
when dinosaurs ruled the earth,val guest
when disasters strike,stacy peralta
when doctors disagree,victor schertzinger
when dooley passed away,arthur hotaling
when doves cry,craig hall
when doves cry,steve conrad
when doves cry: part 1,bruce mcdonald
when doves cry: part 2,bruce mcdonald
when dr. quackell did hide,charlie joy
when dream worlds collide,dennis osborne
when dreams come true,lucius henderson
when dreams come true,mack sennett
when dreams come true,govind saraiya
when dreams come true,jeremy summers
when dreams come true,duke worne
when dreams come true,john llewellyn moxey
when dues come down,robert douglas
when dumbells ring,slim summerville
when dumbleigh saw the joke,sidney drew
when durians bloom,sze-luk chow
when duty calls,cameron welsh
when duty calls,phillips smalley
when duty calls,bradford may
when eagles strike,cirio h. santiago
when earbuds start doing the thing...,thomas sanders
when east comes west,b. reeves eason
when east meets west,wilfred noy
when east meets west,vin moore
when east meets west,carl gregory
when east met west in boston,walter edwin
when eddie took a bath,al christie
when eddie went to the front,al christie
when edith played judge and jury,hobart bosworth
when eight bells toll,etienne périer
when elephants dance the grass gets beaten,jan van den berg
when elle freezes over,michael lembeck
when empty hearts are filled,archer macmackin
when eve fell,james h. clemens
when every day was the fourth of july,dan curtis
when every moment counts,tom jennings
when evil reigns,david v.g. davies
when evil reigns,alix jackson
when evils are most free,emiliano ruschel
when extremes meet,alf collins
when extremes meet,joaquim dos santos
when faeries get mad,erik canuel
when faith moves mountains,francis alÿs
when fallen angels fly,kambiz shabankare
when false tongues speak,carl harbaugh
when fashion was fatal,hisayuki toriumi
when fate decides,harry f. millarde
when fate decrees,edmund lawrence
when fate disposes,robert z. leonard
when fate hands you lemons,dennis dimster
when fate hands you lemons,p. david ebersole
when fate leads trump,harry handworth
when fate rebelled,jack harvey
when fates collide,john fawcett
when father buys the beer,percy stow
when father eloped with cook,lewin fitzhamon
when father fetched the doctor,david aylott
when father got a holiday,percy stow
when father had the gout,horace davey
when father interfered,lawrence mccloskey
when father laid the carpet on the stairs,frank s. mottershaw
when father laid the carpet on the stairs,percy stow
when father put up the bedstead,frank wilson
when father was away on business,emir kusturica
when father was kidnapped,al christie
when father was the goat,horace davey
when father wears stays,percy stow
when felipe handsome meets juana goes mad,mechthild barth
when first unto this country,jim brown
when fish fly,vilka tzouras
when flex got breanna,ellen gittelsohn
when folk tales come true,laurie lynd
when fortune smiles,anthony chan
when four do the same,ernst lubitsch
when francis calls,orlando corradi
when friends discuss answers...,thomas sanders
when friends have to get clever,thomas sanders
when friends make you exercise,thomas sanders
when friends show you their favourite shows,thomas sanders
when friendship ceases,robert thornby
when fruit ruled the earth,ken mitchroney
when g-men step in,charles c. coleman
when g.i. johnny comes home,seymour kneitel
when gale and hurricane meet,malcolm st. clair
when games collide,nicholas kendall
when gangland strikes,r.g. springsteen
when geek meets serial killer,remus kam
when generations gap,leon benson
when george hops,sam newfield
when ghost meets ghost,robert thornby
when giants collide,christina fulton
when giants fought,harry b. parkinson
when girls collide,dennis dugan
when givers prove unkind,gerald mayer
when glasses are not glasses,van dyke brooke
when god wills,o.a.c. lund
when gods get angry,erik canuel
when goes around...,jorge montesi
when gold comes from the rose...,taissia shanti
when gold is dross,bert haldane
when gold turns black,stuart gillard
when good credit goes bad,ellen gittelsohn
when good fellows get together,sidney miller
when good friends get together,lee h. katzin
when good ideas go bad,christopher monger
when good plants go bad,julian kemp
when good stockbrokers go bad,michael vejar
when grandpa was a boy,jack scholl
when gratitude is love,charles m. seay
when gravity fails,scott derrickson
when greek meets greek,alan cooke
when greek meets greek,sidney drew
when greek meets greek,walter edwin
when greek meets greek,eric till
when greek meets greek,walter west
when greek meets greek,francis corby
when greeks arrived in darwin,hektor sakaloglou
when gunny talks,michael lembeck
when guys wear shorts,zack evans
when hairy met hermy,greg antonacci
when hairy met schnauzer,tyler spiers
when hairy met silly,john grusd
when hal met casey...,rudy jahchan
when halloween was forever,richard raynis
when hamlet went to mizoram,pankaj butalia
when hardwick towers shall bow their heads,rodney bennett
when harry kept dolores,andy cadiff
when harry met janice,tom clegg
when harry met margaret,jim drake
when harry met sally 2 with billy crystal and helen mirren,lindsay crystal
when harry met sally...,rob reiner
when harry met sammy,lee bernhardi
when harvey met bob,nicholas renton
when hayden met christine,alan rafkin
when he came back,john mcdermott
when he jumped at conclusions,al christie
when he left,david moragas
when he lost to win,al christie
when he proposed,horace davey
when he sees,bertram bracken
when he wants a dog he wants a dog,émile cohl
when hearts are trumps,al christie
when hearts collide,robert p. kerr
when hearts meet,erich engels
when heaven cries,ruth rachel anderson-avraham
when heaven falls,manyar i. parwani
when heaven judges,laurice guillen
when heavens fall,brian michael finn
when helen was elected,lem b. parker
when hell broke loose,kenneth g. crane
when hell freezes over,charles r. bowers
when hell freezes over,bud fisher
when hell freezes over,alfonso díaz
when hell freezes over,david bartlett
when hell froze,william hale
when hell was in session,paul krasny
when her idol fell,al christie
when hermy met maureen mccormick,greg antonacci
when heroes die,josé luis merino
when heroes fall,michael ray rhodes
when herzog rescued phoenix,sascha ciezata
when hiram went to the city,allen curtis
when his courage failed,al christie
when his lordship proposed,al christie
when his ship came in,tom santschi
when hitchcock met eirmanns else in auerstedt,birgit lehmann
when hitler reigned,buddy bregman
when hitler stole pink rabbit,caroline link
when holly broke kevin,andy cadiff
when honor dies,lee h. katzin
when honor wakes,barry o'neil
when hooligan and dooligan ran for mayor,wally van
when hope is lost,dennis dimster
when hope is lost,p. david ebersole
when hubby forgot,william beaudine
when hubby grew jealous,horace davey
when humans chicken out,marcus mero
when hunger strikes,thomas sanders
when hunger strikes...,thomas sanders
when husbands cheat,richard a. colla
when husbands deceive,wallace worsley
when husbands flirt,william a. wellman
when i am dead and gone,zivojin pavlovic
when i am dead my darling...,boris sagal
when i became a man i put away childish things,earl bellamy
when i came across the feathers,dan iliuta
when i deceive you...,victoria hochberg
when i fall in love,joey gosiengfiao
when i fall in love,tom tremayne
when i fall in love,duke goldstone
when i get home my wife always pretends to be dead.,toshio lee
when i get out,stefan schwartz
when i get that pony rode,cindy meehl
when i get there,steven scaffidi
when i grow up,zack hosseini
when i grow up,mj lallo
when i grow up,masaharu okuwaki
when i grow up,danny herb
when i grow up,judson o. jackson ii
when i grow up,ray adelaja
when i grow up,hal sutherland
when i grow up,dustin ellis
when i grow up,jennifer dimarco
when i grow up,michael kanin
when i grow up i want to be a dinosaur,josh hauca
when i have fears,stefano arduino
when i leave this world behind,dave fleischer
when i look upon the stars,dante lam
when i lost you,dave fleischer
when i move you move,james widdoes
when i need you most,yumi yoshiyuki
when i paint my masterpiece,michael vejar
when i saw you,annemarie jacir
when i saw you,jane hancock
when i say jump,brian hargrove
when i think about you i shred myself,stefan schwartz
when i turned nine,in-ho yun
when i was 12,dominic savage
when i was a boy,matthew modine
when i was a girl,david yates
when i was a lad,stan woodward
when i was a partisan,vytautas v. landsbergis
when i was a young man,bruce bilson
when i was alive,marco dutra
when i was eight years old,jin yang
when i was four,hugo ljungbäck
when i was fourteen: a survivor remembers,marlene booth
when i was fourteen: a survivor remembers,jameson c. goldner
when i was king,simeon rice
when i was small,algirdas araminas
when i was young,peter whitehead
when i was younger,chadwick harman
when i was your age,andrew mccullough
when i was your age,gene reynolds
when i yoo hoo,friz freleng
when in-laws collide,t.j. shanks
when in assisi,giacomo gabrielli
when in doubt,laurie lynd
when in doubt... choose hot,dan riley
when in doubt... make out,dan riley
when in elkford,charles e. bastien
when in malaga,robert d. cardona
when in rome,richard kinon
when in rome,chi chi larue
when in rome,mathew buck
when in rome,seymour robbie
when in rome,clarence brown
when in rome,christopher barnard
when in rome,calum macleod
when in rome,simon wincer
when in rome,john howard davies
when in rome,leon thau
when in rome,peter atencio
when in rome,hal cooper
when in rome,e.m. newman
when in rome,sheldon leonard
when in rome,lorraine senna
when in rome,mike jeavons
when in rome,charles e. bastien
when in rome...,james taylor
when in rome...,michael beckham
when in rome...,richard correll
when in the course of,stan vanderbeek
when in venice,juan zapata
when incubus attacks,kenny morrison
when ingmar met axel,peter settman
when innocence is lost,bethany rooney
when irish eyes are killing,winrich kolbe
when irish eyes are smiling,sam weisman
when irish eyes are smiling,peter frazer-jones
when is the dream come true,joseph kuo
when is tomorrow,kevin ford
when it comes off,david aylott
when it comes to you,stormy daniels
when it falls in love,márcio monteiro
when it feels like australians are taking your part,chris petrovski
when it finishes the night,julián soler
when it hit,christopher costa
when it hurts so bad,eric laneuville
when it is not your time,alexandre ottoveggio
when it melts,veerle baetens
when it rains,migdia skarsgård chinea
when it rains,charles burnett
when it rains,mark k. buddington
when it rains,steven robman
when it rains,russell p. marleau
when it rains it pours,noboru nakamura
when it rains it pours,don scardino
when it rains it pours,bruce seth green
when it rains it pours,charles e. bastien
when it rains...,michael dorn
when it rains... (2021),migdia skarsgård chinea
when it rains... it snows,winston richard
when it starts right it ends right...,dave miller
when it strikes home,perry n. vekroff
when it thunders,manuel mozos
when it was blue,jennifer todd reeves
when it was christmas,bob godfrey
when it was night,bob godfrey
when it went wrong,gene streeper
when jack comes home,percy stow
when jack comes home,a.e. coleby
when jack gets his pay,a.e. coleby
when janet met jonny,gareth carrivick
when jealousy tumbled,burton l. king
when jerry goes to town,milton j. fahrney
when jerry met shelly,rob bowman
when jim returned,wallace reid
when jimmy met greggy,mark cendrowski
when joey was on time,charles m. seay
when john brought home his wife,arthur v. johnson
when john comes marching home,russ petranto
when johnny comes marching home,john jacobs
when johnny comes marching home,charles lamont
when johnny cums marching home,paul barresi
when jones lost his latchkey,frank wilson
when juda fell,jelani jeffries
when justice fails,allan a. goldstein
when justice fails,michael vejar
when justice sleeps,harry harvey
when justice won,e.h. calvert
when justin met dede,jason dottley
when kane met abel,harry a. pollard
when kevin met salli,stan lathan
when kids beat you in sport,michael philippou
when kids beat you in sport,danny philippou
when kids get life,ofra bikel
when kids grow up,shahaub roudbari
when kids see ghosts,laurie lynd
when kings go forth to battle,george miller
when kings reigned,ian ballinger
when kings were the law,d.w. griffith
when kiran met karen,manan katohora
when kit harrington met brad pitt in the bathroom...,r.j. williams
when knighthood was in flour,grover jones
when knighthood was in flower,robert g. vignola
when knighthood was in flower,wallace mccutcheon
when knighthood was in flower: part 1,ken annakin
when knighthood was in flower: part 2,ken annakin
when knighthood was in tower,malcolm st. clair
when knights were bold,louis m. glackens
when knights were bold,tim whelan
when knights were bold,volney white
when knights were bold,wallace mccutcheon
when knights were bold,jack raymond
when knights were bold,maurice elvey
when knights were cold,frank fouce
when knowledge conquered fear,bill pope
when knowledge conquered fear,brannon braga
when knowledge conquered fear,ann druyan
when kumi met julie,julie simone
when l.o.s.e.r.s. attack,ken bruce
when ladies meet,robert z. leonard
when ladies meet,harry beaumont
when larry meets mary,zhang wen
when last seen,eric fawcett
when lee surrenders,thomas h. ince
when life fades,francis ford
when life gives you lemon bars,john badham
when life gives you lemons,alex exline
when life gives you lemons,michael brian montgomery
when life gives you lemons,lee chambers
when life gives you lemons,tami farrell
when life gives you lemons...,dante russo
when light came back,o.a.c. lund
when lightning strikes,harry revier
when lightning strikes,burton l. king
when lillian was little red riding hood,colin campbell
when lilly laney moved in,john dilworth
when lin came home,william wolbert
when lincoln paid,francis ford
when lions escape,joseph levering
when little lindy sang,lule warrenton
when liz lets loose,ruth ann baldwin
when lizzie disappeared,al christie
when lizzie got her polish,al christie
when lizzie went to sea,al christie
when lola shines golden,rintarô
when london sleeps,leslie s. hiscott
when london sleeps,ernest g. batley
when london sleeps,adrian brunel
when love and honor called,gilbert m. 'broncho billy' anderson
when love begins,codie elaine oliver
when love calls,camillo mastrocinque
when love came to gavin burke,fred o'donovan
when love came to town,christopher king
when love came to town,william margold
when love comes,william a. seiter
when love comes,tso-chi chang
when love comes along,garth maxwell
when love conquers all: the wil dasovich and alodia gosiengfiao story,marvin agustin
when love dies,horace ové
when love dies,charles novia
when love echoes,kang dae-jin
when love encounters,wai-hang lau
when love forgives,anthony o'sullivan
when love goes wrong,john mackenzie
when love grows cold,harry o. hoyt
when love grows up,david miles
when love hymn,chaerul umam
when love hymn 2,chaerul umam
when love is blind,edward f. cline
when love is king,ben turbett
when love is love,joseph de grasse
when love is mocked,george nichols
when love is young,hal mohr
when love is young,phillips smalley
when love is young,william watson
when love kills: the falicia blakely story,tasha smith
when love kills: the seduction of john hearn,larry elikann
when love kittens attack,dan riley
when love leads,howard hickman
when love leads,lloyd b. carleton
when love leaves a papercut,oliver pearce
when love loses out,joseph w. smiley
when love rules,stanner e.v. taylor
when love sets the fashion,franz wenzler
when love took wings,roscoe 'fatty' arbuckle
when love walks in,bill podmore
when love was blind,lucius henderson
when love was blind,frederick sullivan
when love waves,michael mike canon
when lovers leap,joe napolitano
when lovers unite,baburao painter
when luck changes,wallace reid
when luck ran out,georg fenady
when lupin steps into action,pascal morelli
when lynch met lucas,sascha ciezata
when macbeth came to snakeville,roy clements
when magic goes horribly wrong,simon withington
when magoo flew,pete burness
when mama says jump,jack gage
when mandy came to town,lucius henderson
when margaux meets margaux,sophie fillières
when martin gets here,mark goldaine
when mary grew up,james young
when matti hunttala bought finland,markku onttonen
when may weds december,francis j. grandon
when maya met andy,tony kluck
when memory calls,frank beal
when men are tempted,william wolbert
when men betray,oscar micheaux
when men betray,ivan abramson
when men carried clubs and women played ding-dong,bruno corbucci
when men desire,j. gordon edwards
when men forget,colin campbell
when men hate,sidney olcott
when men love,will s. davis
when men sing,heino pars
when men wear skirts,marshall neilan
when men would kill,sidney olcott
when mentioned,chris k. daniels
when meryl met anna,vincent peone
when mice were men,john kimball
when mice were men,bob zamboni
when michael calls,philip leacock
when might is right,henry king
when milfs attack,francesca lé
when mitchell met dad,eyal gordin
when mom and dad break up,ron kantor
when mom asks for help,thomas sanders
when mom is away,alessandro genovesi
when mom visits,choon hooi ker
when moms attack,mark rosman
when money comes,leo mccarey
when morning comes,ivan nagy
when morning comes,charles officer
when mother fell ill at christmas,percy stow
when mother gets married,ralph senensky
when mother is ill,percy stow
when mother visited nellie,arthur hotaling
when mother went on strike,eberhard schröder
when mountain and valley meet,romaine fielding
when mousehood was in flower,connie rasinski
when my baby smiles at me,walter lang
when my friends speak bad about themselves,thomas sanders
when my knife strikes you,krsto papic
when my mom died i wanted to eat her ashes,tatsushi ômori
when my sheep comes in,david cobham
when my ship comes home,ken hannam
when my ship comes in,robert thornby
when my ship comes in,dave fleischer
when my work is over: the life and stories of louise anderson,tom davenport
when naples sings,roberto roberti
when new cars hit old cars,mark mcqueen
when night comes to kandahar,kevin hewitt
when night falls,alex galvin
when night is falling,patricia rozema
when nina met elliott,pamela fryman
when nina met her parents,pamela fryman
when no one would listen,armand mastroianni
when nobody helps you with the group project,thomas sanders
when nothing else matters,ashley way
when nut-hood was in flower,bill hobin
when nuvolari runs: the flying mantuan,tonino zangardi
when odds are even,james flood
when office nerds unite to give their bitch bossy what she deserves,princess donna
when one door closes,robert peters
when one door closes,grant harvey
when one door closes,ryan chase lee
when one door closes...,joe regalbuto
when one door closes...: part 2,debbie allen
when one finds another,thomas sanders
when one goes down we all go down,geovanni gopradi
when one takes back what was lost within the wall part 1,tensai okamura
when one takes back what was lost within the wall part 2,tensai okamura
when opinions are agendas - toxic fandom (part 2),vera wylde
when opportunity knocked,harry f. millarde
when opportunity knocks,rusty nelson
when opportunity knocks,laurence moody
when oscar went wild,vin moore
when other friendships have been forgot,rod amateau
when others make fun of your fashion sense,thomas sanders
when outlaws meet,helmer walton bergman
when pals fall out,leon de la mothe
when pants attack,keith alcorn
when papa died,john francis dillon
when paper does the thing,thomas sanders
when parents mispronounce names,thomas sanders
when paris green saw red,george marshall
when paris sleeps,a.v. bramble
when passions rise,wilfred noy
when paths diverge,bert haldane
when people critizice your relationship,thomas sanders
when people love you,graeme blundell
when people talk over each other,kevin leigh
when pierrot met pierrette,o.a.c. lund
when pigasso met mootise,clay westervelt
when pigs fly,boyd kirkland
when pigs fly,robert s. fiveson
when pigs fly,sara driver
when pigs fly,shin'ichi watanabe
when pigs fly,spike phoenix
when pigs fly,allison liddi-brown
when pigs fly,colin g. cooper
when pimple was young,fred evans
when pimple was young,joe evans
when pimple was young: his first sweetheart,joe evans
when pimple was young: his first sweetheart,fred evans
when pirates pirate pirates,peter werner
when pokemon trainers avoid family,thomas sanders
when pop culture saved america: a 9-11 story,david p. levin
when porn stars play... sluts in the sun,steve hooper
when porn stars play... sluts in the sun,tony de sergio
when pride takes precedence,john barningham
when push comes to shove,nicholas sgarro
when pushers come to shove,timothy a. bennett
when pussy comes to shove,julian higgins
when quality meets,gilbert p. hamilton
when queenie came back,harry a. pollard
when queens ride by,richard donner
when racial stereotypes got over,brian zane
when rafi met randy,jeff schaffer
when relatives visit...,thomas sanders
when reuben fooled the bandits,george nichols
when rocco meats kelly,rocco siffredi
when rogues fall out,j.p. mcgowan
when romance meets destiny,kim hyun-seok
when romance rides,eliot howe
when romance rides,charles o. rush
when romance rides,jean hersholt
when rome ruled,george fitzmaurice
when roobarb found sauce,bob godfrey
when roobarb got a long break,bob godfrey
when roobarb made a spike,bob godfrey
when roobarb mixed the paint,bob godfrey
when roobarb turned over a new leaf,bob godfrey
when roobarb was at the end of his tether (and so was custard),bob godfrey
when roobarb was being bored then not being bored,bob godfrey
when roobarb was cheating,bob godfrey
when roses cry,rustam vekilov
when roses wither,james young
when ruben comes to town,edwin s. porter
when ruoma was seventeen,jiarui zhang
when s.a.v.a.g.e. stole santa,john kimball
when s.a.v.a.g.e. stole santa,charles nichols
when sacha met chrissie,paul harrison
when sam came to dinner,tyler james jacobs
when samuel skidded,edmond f. stratton
when santa fell to earth,oliver dieckmann
when santas collide,john kimball
when saturday comes,john evans
when schultz led the orchestra,allen curtis
when scouting won,j.h. martin cross
when searching for a college roommate,chris vielbaum
when seconds count,oscar apfel
when seconds count,tom jennings
when seconds count,j. gunnis davis
when shadows die,tom proctor
when shadows fall,hal clements
when shadows fall,willis robards
when she came back,ed bye
when she says no,paul aaron
when she was bad,joss whedon
when she was bad,kemal horulu
when she was bad,john paragon
when she was bad...,peter h. hunt
when sherman marched through kansas,frank mcdonald
when sherman marched to the sea,jack conway
when silence becomes a problem,martin demmer
when silence is love,gaetan reine
when silence speaks,ray austin
when silver drinks,gordon flemyng
when simon sleeps,omar naim
when sir chief utters the sweetest words,jeffrey jeturian
when slim picked a peach,roy clements
when slim was home cured,roy clements
when slimes evolve,seán mcloughlin
when slippery slim bought the cheese,roy clements
when slippery slim met the champion,roy clements
when slippery slim went for the eggs,roy clements
when smitty comes marching home,george mccowan
when snakeville struck oil,roy clements
when snow flies,john foster
when society calls,wilfrid north
when someone always butts into a conversation,thomas sanders
when someone calls you during your jam,thomas sanders
when something bad happens in a book,thomas sanders
when something goes wrong,martin smith
when sorrow weeps,lawrence c. windom
when soukhina disappeared,françoise ellong
when souls are tried,romaine fielding
when sparks fly,lou angeli
when sparks fly,paul barresi
when sparrows munch,elisa klement
when spirits move,charley chase
when sports were king,robert youngson
when spring is sprung,jim o'connolly
when stage magic hits the street,chris merrill
when stanley finds livingstone (november 10 1871),bernard girard
when stars collide,derek price
when strangers appear,scott reynolds
when strangers ask for a photo,tj antonelle
when strangers marry,william castle
when strangers marry,clarence g. badger
when strangers meet,paul thomas
when strangers meet,christy cabanne
when strangers meet,boris sagal
when stressed,renna nightingale
when stubs leaves the bowery,bert angeles
when summer comes,roy del ruth
when sun meets moon,wai-hang lau
when svante disappeared,henning carlsen
when telemarketers strike,kevin leigh
when television goes horribly wrong,grant philpott
when that shark bites,colin teague
when the actors come,don taylor
when the alarm goes off on a holiday,thomas sanders
when the amazons folded,gabe rodriguez
when the angel woos the clay,brian harley
when the applause died,nick bougas
when the babysitter disobeys,maitresse madeline
when the balls drop pt. 1,josh fritts
when the balls drop pt. 2,josh fritts
when the band begins to play,howard rubie
when the battle is over,silas howard
when the bell tolls,luigi batzella
when the bells sound clearly,eduard von borsody
when the blind see,paul powell
when the blood burns,michael bennett
when the blood calls,frank montgomery
when the blue bird sings,victor lobl
when the boat comes in,brian henry martin
when the boat comes in,mark woollard
when the boat stops coming,ira chute
when the body falls,nader galal
when the body speaks,a.j. gordon
when the bough breaks,lawrence huntington
when the bough breaks,sidney salkow
when the bough breaks,russ petranto
when the bough breaks,richard compton
when the bough breaks,ralph senensky
when the bough breaks,christopher hodson
when the bough breaks,john terlesky
when the bough breaks,james ferman
when the bough breaks,jon cassar
when the bough breaks,james taylor
when the bough breaks,max varnel
when the bough breaks,gwen arner
when the bough breaks,kim manners
when the bough breaks,chris lovett
when the bough breaks,michael a. hoey
when the bough breaks,waris hussein
when the bough breaks: a documentary about postpartum depression,jamielyn lippman
when the boys come out to play,timothy combe
when the boys meet the girls,alvin ganzer
when the boyz are away the girlz will play,skye blue
when the boyz are away the girlz will play 10,skye blue
when the boyz are away the girlz will play 11,skye blue
when the boyz are away the girlz will play 12,skye blue
when the boyz are away the girlz will play 13,skye blue
when the boyz are away the girlz will play 2,skye blue
when the boyz are away the girlz will play 3,skye blue
when the boyz are away the girlz will play 4,skye blue
when the boyz are away the girlz will play 5,skye blue
when the boyz are away the girlz will play 6,jill kelly
when the boyz are away the girlz will play 7,skye blue
when the boyz are away the girlz will play 8,skye blue
when the boyz are away the girlz will play 9,skye blue
when the bubble bursts,neil schell
when the bullet hits the bone,damian lee
when the call came,sidney m. goldin
when the camellias bloom and die,jung jin-woo
when the cartridges failed,ben f. wilson
when the cat came back,carl gregory
when the cat comes,vojtech jasný
when the cherry blossoms bloom,shigeyasu yamauchi
when the chickens come home,tyler perry
when the chickens come home to roost: part 1,salim akil
when the chickens come home to roost: part 2,salim akil
when the children are asleep,richard boden
when the chip hits the fan,anthony parker
when the chips are down,quentin lawrence
when the circus came to town,sidney smith
when the circus came to town,boris sagal
when the circus came to town,nakshatra bagwe
when the circus came to town,colin campbell
when the city dies,giannis dalianidis
when the clock stopped,bertram bracken
when the clock strikes,edward l. cahn
when the clock went wrong,harry jackson
when the clouds roll by,victor fleming
when the cook fell ill,colin campbell
when the cougar called,arthur j. flaven
when the curtain falls,alireza khatami
when the daltons rode,george marshall
when the day breaks,wendy tilby
when the day comes my teachers will be like...,thomas sanders
when the day had no name,teona strugar mitevska
when the deacon swore,al christie
when the dead laugh,mark l. maness
when the dead return,sidney olcott
when the desert calls,ray c. smallwood
when the desert smiles,neal hart
when the desert was home,corey deshon
when the desert was kind,rollin s. sturgeon
when the devil comes,ken kushner
when the devil drives,jim o'hanlon
when the devil drives,walter r. booth
when the devil drives,paul scardon
when the devil is sick,richard irving
when the devil is sick,richard irving
when the devil laughed,jacques jaccard
when the devil rides out,richard driscoll
when the devil was well,maclean rogers
when the dog bites,penny woolcock
when the door opened,reginald barker
when the door opens,philip casson
when the doorman is your main man,john carney
when the drum is beating,whitney dow
when the drum is beating,whitney dow
when the dust settles,david bradbury
when the earth trembled,barry o'neil
when the end comes calling,paul budd
when the fat lady sings,mike barker
when the fat lady sings,walter grauman
when the ferris wheel stops,song liu
when the fiddler came to big horn,bertram bracken
when the fire-bells rang,mack sennett
when the fire bell rang,frank cooley
when the fleet sailed,frederick sullivan
when the fog lifts,federico weingartshofer
when the full moon rises,mamat khalid
when the funk bites the dust,stan lathan
when the funk hits the big 4-0,stan lathan
when the funk hits the rib tips,stan lathan
when the game stands tall,thomas carter
when the garden was eden,michael rapaport
when the garden was eden,michael rapaport
when the germans came,joe evans
when the germans entered loos,ernest g. batley
when the girls joined the force,al christie
when the girls take over,russell hayden
when the girls were shanghaied,al christie
when the gloves come off,declan o'dwyer
when the gods cry,rodrigo kirchner
when the gods fall asleep,josé mojica marins
when the gods forgive,ulysses davis
when the gods laugh,robert gist
when the gods played a badger game,joseph de grasse
when the going gets tough,sarah hellings
when the going gets tough the tough get going,tui asau
when the going gets tough the tough go shopping,richard boden
when the greeks,lakis papastathis
when the green woods laugh: part 1,robert tronson
when the green woods laugh: part 2,robert tronson
when the group is feeling cute,thomas sanders
when the ham turned,frank griffin
when the hammer falls,oscar l. costo
when the heart calls,richard garrick
when the heart calls,herbert brenon
when the heart calls,al christie
when the heart cries,guri alfi
when the heart is young,david aylott
when the heart rules,frank beal
when the heat cools off,ray austin
when the heavens fell,risto jarva
when the horror awakens,sergey a.
when the horsemen come looking,sturla gunnarsson
when the hot ice melts,mitsuru hongô
when the hurricanes bought the lino,lewin fitzhamon
when the hurricanes took up farming,lewin fitzhamon
when the hurricanes visited the doughnuts,lewin fitzhamon
when the hurricanes visited the sawmills,lewin fitzhamon
when the husband travels,togo mizrahi
when the ice man comes,jacob floyd
when the ink ran out,edwin j. collins
when the kellys rode,harry southwell
when the kellys were out,harry southwell
when the kid was a kid,anahita ghazvinizadeh
when the kids are away,jon m. chu
when the kissing had to stop act 1: the hammer,bill hitchcock
when the kissing had to stop: act 2: the sickle,bill hitchcock
when the last final of the semester is done,thomas sanders
when the last sword is drawn,yôjirô takita
when the law rides,robert de lacey
when the leaves fall,louis feuillade
when the leaves fall,emile chautard
when the leaves were new,kunihiko ikuhara
when the leaving examination is truancy,jaromír hník
when the leaving examination is truancy,jaromír borek
when the leaving examination is truancy,jaromír dvorácek
when the legends die,stuart millar
when the lemons turned yellow,mohammadreza vatandoust
when the levee breaks,bethany rooney
when the lies run out: the ian spiro story,paul greengrass
when the light came,tom chatterton
when the light came in,joseph kaufman
when the light comes,stijn coninx
when the light fades,wallace reid
when the light just turns green,thomas sanders
when the light of dawn arises,mateusz glowacki
when the light shines brightly in the lighthouse,david aylott
when the light shines brightly in the lighthouse,e.f. symmons
when the light waned,laurence trimble
when the lights go down,brian friedman
when the lights go on again,william k. howard
when the lights go out,igor cobileanski
when the lights go out,april washko
when the lights went out,pat holden
when the line goes through,clyde ware
when the little bear wakes up,olga rozovskaya
when the lord attacks,aaron yonda
when the losers won,al christie
when the man comes around,stefan gural
when the man comes around,kelly weaver
when the man comes around,michael rendell
when the man in the moon seeks a wife,percy stow
when the man speaks,e.h. calvert
when the men left town,c.j. williams
when the messiah comes,tim burstall
when the mind sleeps,kenean buel
when the mistress took her holiday,arthur melbourne cooper
when the moon comes over the werewolf,rudy zamora
when the moon comes over the werewolf,george gordon
when the moon comes over the werewolf,carl urbano
when the moon hits your eye,aaron waltke
when the moon is full,hatsuki tsuji
when the mountains tremble,newton thomas sigel
when the mummy cried for help,al christie
when the mummy cried for help,horace davey
when the music stopped,russ mayberry
when the music stops,henry thompson
when the music stops,john glenister
when the night,cristina comencini
when the night call came,edward lesaint
when the night comes,paul chart
when the night falls,ed bergtold
when the night is young,ryan khanna
when the nines roll over,david benioff
when the nines were sixes,josh evans
when the nobbling had to stop,ian davidson
when the orange tree flowers,alberto de zavalía
when the pheasants pass,édouard molinaro
when the pie was opened,len lye
when the pipes call the tune,bob godfrey
when the planets make a line,noriaki yuasa
when the police arrive,axel gruenberg
when the poppies bloom again,max morgan witts
when the poppies bloom again,david macdonald
when the press speaks,george d. baker
when the prince arrived,robert z. leonard
when the queen came to town,maurice murphy
when the quiff was king,ashley sidaway
when the rabbit stops dancing,jesse barrett-mills
when the rain is over,tanja schwerdorf
when the rain of grief comes,noboru ishiguro
when the range called,leon de la mothe
when the redskins rode,lew landers
when the rhythm of life misses a beat,yasin ali türkeri
when the right man comes along,walter edwin
when the right one comes along,oliver paulus
when the right one comes along,stefan hillebrand
when the rivers rise,paul catalanotto
when the road parts,william desmond taylor
when the rooster dies,steve zuckerman
when the rose petal falls the magic quietly vanishes,katsuhito akiyama
when the saints go,tristram shapeero
when the sand sprouts,galina barinova
when the screaming stops,amando de ossorio
when the sea rises,yolande moreau
when the sea rises,gilles porte
when the seventh bridge falls,isao takahata
when the seventh bridge falls,hayao miyazaki
when the shadow falls,juan cruz pochat
when the shadows lay darkest,james rolfe
when the shoes on the other foot,melvin jackson jr.
when the shouting dies,robert totten
when the sky falls,john l'ecuyer
when the sky falls,john mackenzie
when the smoke clears,eric laneuville
when the smoke clears,steven wesley miller
when the snake bites the sun,michael edols
when the snow melted,anatoliy solin
when the snow stopped,nobutaka nishizawa
when the song dies,jamie chambers
when the spider tore loose,frank lloyd
when the spirit moves you,ray austin
when the spirits fell,louis chaudet
when the spirits moved,al christie
when the squid return,don meier
when the strings of the heart sound,boris sushkevich
when the studio burned,lawrence marston
when the sun goes down,tino schwanemann
when the sun goes down,natálie císarovská
when the sun goes down,donald shebib
when the sun was just right,bob godfrey
when the sun went down,dorothea brooking
when the sun went out,george melford
when the tables turned,william f. haddock
when the talkies were young,robert youngson
when the talking had to stop,robert young
when the teacher acts fake in front of the principal,thomas sanders
when the temperature decreases...,björn soldan
when the temperature decreases...,heikki aho
when the tide came in,tom chatterton
when the tide turned,hal clements
when the tide turns,ryan canney
when the tide turns,campbell maynes
when the time comes,john erman
when the tree fell to pieces,bob godfrey
when the trees fall,marysia nikitiuk
when the trees were tall,lev kulidzhanov
when the vow breaks: part 1,robby benson
when the vow breaks: part 2,robby benson
when the vows break,eric till
when the walls come crumbling down,sean michael beyer
when the war is over,francois verster
when the war was won,eve harding
when the waves were big and noisy,amanda mealing
when the waves were big and noisy,dan richardson
when the west was fun: a western reunion,walter c. miller
when the west was wild,milton j. fahrney
when the west was young,william j. bauman
when the west was young,colin campbell
when the whales came,clive rees
when the wheel turns,james ormerod
when the wheels of justice clogged,james durkin
when the whistle blows,trevor mack
when the wind blows,patrick duffy
when the wind blows,ralph senensky
when the wind blows,ronald marriott
when the wind blows,james w. horne
when the wind blows,nick peterson
when the wind blows,charley chase
when the wind blows,jimmy t. murakami
when the wise men appeared,christian nyby
when the wolf howls,cleo madison
when the wolves were running,renny rye
when the woman butts in,zdenek podskalský
when the world smiles,mohamed abdel gawad
when the world was silent,herbert brenon
when the worm turned,lawrence marston
when the wrong words come out,jen tullock
when the yogurt took over,víctor maldonado
when their brides got mixed,al christie
when their dads fell out,horace davey
when their wives joined the regiment,allen curtis
when there was a big mix-up,bob godfrey
when there was a dance at foxes dale,bob godfrey
when there was someone else,bob godfrey
when they come around,kelly weaver
when they could fly,piotr kajstura
when they met,andy cadiff
when they say it they mean it,thomas sanders
when they see us coming,lin oeding
when they sleep,joseph marzano
when they want you to talk to relatives,thomas sanders
when they were co-eds,al christie
when thief meets thief,raoul walsh
when thieves fall in,don weis
when thieves fall out,theo frenkel
when thieves fall out,fred huntley
when thieves fall out,jack harvey
when thieves fall out,seymour robbie
when thieves fall out,james w. horne
when thieves fall out,gilbert gunn
when thieves fall out,douglas moodie
when things get confused,klaus frevert
when things get too real,zack evans
when things go wrong,robert ellis
when this is over,m.j. bassett
when this you see remember me,glenn jordan
when three is a crowd,horace davey
when timawa meets delgado,ray gibraltar
when time collides,mike milo
when time ran out...,james goldstone
when time stands still,jonathan wilhelmsson
when time stood still,brian johnson
when time unfolds,darren j. perry
when tits met balls,adam koralik
when tits met crotch,adam koralik
when to come out,vera wylde
when tomorrow comes,john m. stahl
when tomorrow dies,larry kent
when tony pawned louisa,barry o'neil
when trash picking becomes a lifestyle...,cassidy davis
when trojan horses collide,brett register
when troubles come,lennie mayne
when trumpets fade,john irvin
when twilight dims the sky above,allan arkush
when two becomes three,ross k. foad
when two hearts are won,george melford
when two play a game,sidney drew
when uncle sam was young,frank montgomery
when uncle took clarence for a walk,frank wilson
when unexpected things happen to george,sam simon
when urine love,michael davies jr.
when ursus threw the bull,al christie
when vice shuddered,arthur ellery
when villains meet,george nichols
when violet gets blue,burt brinckerhoff
when voices rise...,errol williams
when wanting works,shirley barrett
when war means peace,charles avery
when war threatened,c.j. williams
when war threatened,paul powell
when we are all sleep,bahram beyzaie
when we are married,philip dorté
when we are married,vivian a. daniels
when we are married,norman felton
when we are married,barry davis
when we are married,david giles
when we are married,lance comfort
when we called the plumber in,percy stow
when we dance together...,adrianos georgantas
when we dead awaken,michael elliott
when we feast at the midnight hour,andrew morgan
when we get to heaven,oliver bernsen
when we grow up,anatoly tyutyunnik
when we kill the creators,cynthia mort
when we lived in miami,amy seimetz
when we meet again,william sehested høeg
when we ran london,andrew morahan
when we shake hands,todor stoyanov
when we talk about kgb,virginija vareikyte
when we were,chandler macocha
when we were 21,henry king
when we were bengs,alaric
when we were boys,sarah goodman
when we were brothers - the peter norman story,matt norman
when we were in our teens,frank powell
when we were kings,leon gast
when we were nice,danny leiner
when we were twenty-one,edwin s. porter
when we were twenty-one,hugh ford
when we were wolves,peter markle
when we were young,daryl duke
when we were young,piotr szkopiak
when we were young,ran yan
when we were young,kathy trinh
when we were young,marshall farnum
when weapons talk,borislav sajtinac
when wedding bells thaw,larry leichliter
when wellie met jenny,jen ponton
when wifey holds the purse strings,mack sennett
when wifie sleeps,arthur hotaling
when will i be loved,james toback
when will i love,andreina p. aristeiguieta
when willie comes marching home,john ford
when willie went wild,roy clements
when wilt thou blow: part 3,sidney j. furie
when winnie the pooh was very very young,jim janicek
when winter comes,paul terry
when winter went,reginald h. morris
when wise ducks meet,benjamin stoloff
when wishes come true,valentina brumberg
when wishes come true,zinaida brumberg
when wives collide,bob koherr
when woman hates,albert ward
when woman ruled the world,arthur melbourne cooper
when women are police,pat hartigan
when women collide,sara mornell
when women had tails,pasquale festa campanile
when women join the force,h.o. martinek
when women keep silent,fritz kirchhoff
when women kill,lee grant
when women lost their tails,pasquale festa campanile
when women love,panagiotis konstadinou
when women rule,lewin fitzhamon
when women rule,joe evans
when worlds colitis,reginald hudlin
when worlds collide,jeremy schott
when worlds collide,bill hughes
when worlds collide,asaad kelada
when worlds collide,stephen sommers
when worlds collide,rudolph maté
when worlds collide: part 1,ciro nieli
when worlds collide: part 2,ciro nieli
when wrong is right,kevin caulfield
when yadon becomes yadoran,masamitsu hidaka
when yami met sally,martin billany
when yesterday comes,hsiu-chiung chiang
when yesterday comes,wi ding ho
when you and i were young,walter stull
when you and i were young,bobby burns
when you and i were young,alice guy
when you are here,doug rollins
when you are near,norman foster
when you ask a stupid question,zack evans
when you awake,jay rosenblatt
when you become obsessed,thomas sanders
when you call someone fat,luke marley
when you come home,john baxter
when you dish upon a star,pete michels
when you drink wine once,zack evans
when you eat meat and when you eat pie,matija munjiza petrovic
when you finally wanna be social,thomas sanders
when you find me,bryce dallas howard
when you fish upon a star,john kimball
when you fish upon a star,alan zaslove
when you fish upon a star,bob zamboni
when you get back to mars are you going to get it,jean yarbrough
when you get old,zoran dragelj
when you get to learn family secrets,thomas sanders
when you give of yourself,lynne stopkewich
when you got to go you got to go,bryan spicer
when you grind upon a star,rodrigo amador
when you grow up,nicklas nørgaard
when you grow up,matt daniels
when you have to vent,thomas sanders
when you hear the beep,bob claver
when you hear the beep drop dead,jeannot szwarc
when you hear the bells,antun vrdoljak
when you know the pit...,freddie wong
when you laugh too hard for your crush,thomas sanders
when you least expect it,jason sands
when you least expect it,jacques holender
when you least expect it,alan rafkin
when you least expect it 2,pino amenta
when you least expect it...,thomas sanders
when you love gay guys too much,ryan fisher
when you need a hidden room you can never find one,jerry paris
when you no longer love me,igor legarreta
when you one day give your heart away,johannes guter
when you owe you pay,paul t.t. easter
when you pull the trigger,tim hunter
when you read this letter,jean-pierre melville
when you realize,monty miranda
when you reject a kung fu girl on tinder,andy trieu
when you remember me,harry winer
when you say your fine.,eric martinez
when you see an evil man,sydney pollack
when you see arcturus,marc daniels
when you see get out without bae,jelani jeffries
when you serenade a disney lover,thomas sanders
when you shake hands with a greek,peter collinson
when you smile it screams mischief and trouble,tosca musk
when you take a good bite yorkshire tastes terrible,alan j.w. bell
when you talk about love say my name,demetris dennis taylor
when you turn the question on them,thomas sanders
when you use uber once,zack evans
when you were here,cara clements
when you were not with me,bugao cheng
when you wish to be a star: part 1,mark cendrowski
when you wish to be a star: part 2,mark cendrowski
when you wish upon a car,rod amateau
when you wish upon a fish,edward bernds
when you wish upon a fish,edwin rehberg
when you wish upon a fish,david detiege
when you wish upon a flower,kôichi mashimo
when you wish upon a hogg,michael caffey
when you wish upon a scar,mark tinker
when you wish upon a star,kôji kawano
when you wish upon a weinstein,dan povenmire
when you wish you were the star,roger christiansen
when you witch upon a star,don lusk
when you witch upon a star,arthur davis
when you witch upon a star,oscar dufau
when your at a hotel by yourself,renna nightingale
when your crush shows interest,thomas sanders
when your dreams comes true... (hot dp),taissia shanti
when your flesh screams,guillermo martínez
when your friend hates everything,chris petrovski
when your friend is moving,thomas sanders
when your friends make friends with mean girls,renna nightingale
when your head is finally in the right place,thomas sanders
when your lover leaves,jeff bleckner
when your notifications are booming,thomas sanders
when youth is ambitious,joseph kaufman
when youth meets youth,george melford
when youth meets youth,carmine gallone
when yuba plays the rumba on the tuba,dave fleischer
when zodiacs attack,ross k. foad
when zoe met johnny,craig zisk
whenever i feel afraid,steve zuckerman
whenever i flirt,thomas sanders
where a good man goes,johnnie to
where adam stood,brian gibson
where am i,mark fischbach
where and why,jonathan kaplan
where angel goes,ellen gittelsohn
where angels fear to tread,giles walker
where angels fear to tread,naomi capon
where angels fear to tread,glen byam shaw
where angels fear to tread,charles sturridge
where angels fear tread,jennifer dimarco
where are my socks and other mysteries of love,bill bixby
where are the lucky stars,gerald mayer
where are the papers,gregory la cava
where are they now,jason croot
where are they now,robert tronson
where are they now: tom hanks,jefferson dutton
where are you,jeff panzarella
where art thou enemy of mine,ceirra burton
where beauty lies,robert florey
where bluebirds fly,michael schultz
where bonds are loosed,david g. fischer
where brains are needed,murdock macquarrie
where breezes blow,edward dillon
where broadland meets the sea,harold baim
where broadway meets the mountains,allan dwan
where cactus grows,jack eaton
where cashews come from,destin sandlin
where charity begins,phillips smalley
where chimneys are seen,heinosuke gosho
where confucius meets the new wave,kim eveleth
where cowboy is king,lewis h. moomaw
where credit is due,burnie burns
where danger lives,john farrow
where dead men lie,david baker
where dead men lie,george mihalka
where dead men lie,keith gow
where destiny guides,wallace reid
where did all the tolerable people go,julie andem
where did our love go,warren sonbert
where did you sleep last night,e.l. katz
where do ants go,nisvet hrustic
where do fire fighters sleep,dean bushala
where do i begin,david keating
where do lilacs come from,matthew thorne
where do pickles come from,cosmo segurson
where do we go from here,zachary bennett
where do we go from here,julian a. williams
where dragons dare,sam j. levine
where eagles dare,brian g. hutton
where eagles fly,joshua r. acosta
where east is east,tod browning
where east meets vest,aubrey scotto
where echoes end,james darren
where eskimos live,tomasz wiszniewski
where everyone knows my name,sheldon epps
where evil dwells,david wojnarowicz
where evil lies,kevin alber
where four elevens meet,justin molotnikov
where glory waits,allen holubar
where god left his shoes,salvatore stabile
where golden bars are cast,harry h. buckwalter
where hands touch,amma asante
where happiness dwells,burton l. king
where happiness lies,kôtarô tamura
where have all the children gone,michael landon
where have all the children gone,ivan dixon
where have all the flowers gone,xiaosong gao
where have all the people gone,john llewellyn moxey
where have they gone all the little children,philip dudley
where have you been billy boy,barry crane
where hazel met the villain,roscoe 'fatty' arbuckle
where he got lost,jared pelletier
where heaven and hell collide,greg robbins
where heroes have flown,michael b. chait
where hope resides,adrián gonzález camargo
where horses die,steven rumbelow
where horses go to die,antony hickling
where hunger is from,jim henson
where i am is here,margaret tait
where i am king,carlos siguion-reyna
where i begin,thomas l. phillips
where i go,kavich neang
where i live,ted kotcheff
where i live,peter duguid
where i really come from,william ruzicka
where i want to be,eric laneuville
where i work,tyler rubenfeld
where ignorance is bliss,roy mccray
where ignorant armies clash,byron paul
where in justice lies,claude whatham
where in justice lies,mike newell
where in the world is carmen sandiego,jonathan g. meath
where in the world is carmen vega,guy ferland
where in this world,markus wambsganss
where is a dinosaurs,tadao nagahama
where is anne frank,ari folman
where is daddy,david deri
where is helen,ricky davao
where is home,essy niknejad
where is music,serj gabyan
where is my father. 1962,zbigniew chmielewski
where is my wandering wife,william watson
where is she now,k. louise middleton
where is she now,alexis rosinsky
where is the property,darrell roodt
where is the ring,lakshya raj anand
where is who i was and am,matthias bundschuh
where is your ring,bobby peoples
where it all began,david gill
where it all began,kevin brownlow
where it all started,lakshya raj anand
where it began,noriyuki abe
where it floods,joel benjamin
where jesus walked,scott whitaker
where jesus walked,rolf forsberg
where joey lives,nick elliot
where justice is found,katsuyuki motohiro
where kings dine royally,prince mario-max schaumburg-lippe
where kisses come high,arnold fanck
where le fuq is little bear,blaise godbe lipman
where lights are low,colin campbell
where love begins,codie elaine oliver
where love falls,hiroyoshi mitsunobu
where love has gone,joey gosiengfiao
where love has gone,edward dmytryk
where love is there god is also,oscar eagle
where love leads,frank griffin
where love lives,vladimir shevelkov
where madness reigns,brinke stevens
where men are men,alfred j. goulding
where men are men,lee sholem
where men are men,william duncan
where mountains float,bjarne henning-jensen
where mrs. whalley lives,graham parker
where muscles were born,arthur allan seidelman
where my caravan has rested,peter frazer-jones
where my caravan has rested,peter frazer-jones
where my dreidel at,andrew mccarthy
where my focus tends to be,thomas sanders
where mystery begins,leslie h. martinson
where na u little nanays,ricky davao
where no duckman has gone before,steve loter
where no fan has gone before,rich moore
where no fan has gone before,patty shinagawa
where no man has gone before,james goldstone
where no one has gone before,rob bowman
where no white man has gone before,rick green
where north holds sway,bennett cohen
where oh where has my little bike gone,bruce gowers
where oh where has our blueberry gone,bob hathcock
where or when: part 1,bernard l. kowalski
where or when: part 2,bernard l. kowalski
where our caravan is resting,peter frazer-jones
where our strength lies,adolf winkelmann
where paradise is home,m. night shyamalan
where park runs into vreeland,lamont johnson
where paths diverge,carl gregory
where paths meet,j. farrell macdonald
where pigeons go to die,michael landon
where pride and train tracks lead,shingo natsume
where rolls the oregon,william l. finley
where romance rides,ward hayes
where rovers dare,herb moore
where should i put the vase,yannis paraskevopoulos
where silence falls,norm sanders
where silence has lease,winrich kolbe
where sinners meet,j. walter ruben
where sleeping dogs lie,charles finch
where somebody waits for me,joseph dougherty
where spirit lives,manfred guthe
where spirits speak,emre sahin
where spring comes late,yôji yamada
where strides the behemoth,clyde geronimi
where strides the behemoth,sid marcus
where the action is,james sheldon
where the action is,don leaver
where the apples fell,félix enríquez alcalá
where the auction is,scott baio
where the bad girls go,chris bernard
where the bartender knows your name,tony oliver
where the bird flies,shingo natsume
where the boys are,michael ray rhodes
where the boys are,hy averback
where the boys are,bertrand bonello
where the boys are,henry levin
where the boys are,dick martin
where the boys are,sheldon larry
where the boys are,george a. sunga
where the breakers roar,d.w. griffith
where the buffalo roam,art linson
where the buffalo roam,albert herman
where the buggalo roam,patty shinagawa
where the buggalo roam,rich moore
where the bullets fly,sergio grieco
where the bullets fly,john gilling
where the buoys are,wolf koenig
where the buoys are,bill mason
where the cards fall,matthew mercer
where the carpet ends,moira armstrong
where the chocolate mountains,pat o'neill
where the clouds come from,robert c. bruce
where the collapse started,sanford bookstaver
where the day takes you,marc rocco
where the dead go to die,jimmy screamerclauz
where the difference begins,don taylor
where the donuts are good not great,linda day
where the dreams come from,ray patterson
where the dreams come from,don lusk
where the edelweiss are,lydia zimmermann
where the elephant sits,mark lowenthal
where the fireflies die,jonathan hal reynolds
where the forest ends,joseph de grasse
where the girls are,tricia cooke
where the girls are,ron satlof
where the girls are,mark carriere
where the girls are,bob jarvis
where the girls are,david winters
where the girls play,bionca
where the girls sweat,bruce seven
where the girls sweat 8,patrick collins
where the guys are,jerry paris
where the hawk is wheeling,john farrow
where the heart is,matt williams
where the heart is,chris chapman
where the heart is,frank arnold
where the heart is,pedr james
where the heart is,rohan sabharwal
where the heart is,joanna johnson
where the heart is,george bloomfield
where the heart is,john boorman
where the heart is: part 1,chuck bowman
where the heart is: part 2,chuck bowman
where the heather blooms,al christie
where the hookers grow,jefferson kibbee
where the jungle ends,raymond menmuir
where the ladies go,theodore j. flicker
where the lark sings,hans wolff
where the legend lives,yukihiko tsutsumi
where the lilies bloom,william a. graham
where the little folk go,luc bihan
where the money is,roger moore
where the money is,marek kanievska
where the money is,terry johnson
where the mountains meet,arthur mackley
where the night begins,maurizio zaccaro
where the north begins,howard bretherton
where the north begins,chester m. franklin
where the offence is let the great axe fall,simon bennett
where the padma flows,ritwik ghatak
where the party at,gerren keith
where the party at,vanessa baden
where the pavement ends,rex ingram
where the pest begins,harry edwards
where the power is,stan mcclintock
where the rainbow ends,horace lisle lucoque
where the red fern grows,lyman dayton
where the red fern grows,norman tokar
where the red fern grows: part two,jim mccullough jr.
where the red wind blows,jeremy gilley
where the river flows,justin molotnikov
where the river goes,matthew mercer
where the river runs black,christopher cain
where the road divided,edgar jones
where the road forks,tom ricketts
where the road goes,michael schultz
where the road runs out,rudolf buitendach
where the rocks meet the shrubs,eric soth
where the rubber meets the road,john lee hancock
where the screen tree grows,c.l. chester
where the sidewalk ends,jeremy podeswa
where the sidewalk ends,otto preminger
where the sidewalks end,nicholas gyeney
where the sky is born,freddy gaitan
where the sky meets the earth,boris airapetyan
where the socks go,wes fisher
where the soul goes,kazuhiro furuhashi
where the soul goes,tensai okamura
where the soul goes,masahiro andô
where the spies are,val guest
where the spirit lives,bruce pittman
where the stones are,gene nelson
where the streets do have names,chris o'dowd
where the streets have no name,kerim troeller
where the streets have no name,lazarus x
where the sun beats,joaquim pinto
where the sun sets,gustavo fontán
where the sun sets,milton j. fahrney
where the sun sets red,otis thayer
where the trail divides,james neill
where the trail led,rupert julian
where the truth lies,atom egoyan
where the truth lies,john fawcett
where the truth lies,rickey colbert
where the truth lies,eugene corr
where the truth lies,t.l. westgate
where the universe sings,peter raymont
where the vile things are,norman buckley
where the water goes,martyn friend
where the weird things are not,ferran brooks
where the west begins,henry king
where the west begins,j.p. mcgowan
where the west begins,robert j. horner
where the whales have ceased to sing,anders lennberg
where the white lillies grow,roger jenkins
where the wild chads are,raymie muzquiz
where the wild rice grows,william davidson
where the wild roses grow,romana carén
where the wild things are,rob corn
where the wild things are,colin teague
where the wild things are,gene deitch
where the wild things are,spike jonze
where the wild things are,doug walker
where the wild things are,christopher swann
where the wild things are,lance bangs
where the wild things go,paul thompson
where the wild things were,terrence o'hara
where the wind blows,philip yung
where the wind blows,emyr humphreys
where the wind settles,toon wang
where the wind went,noriyuki abe
where the winds blow,laurence trimble
where the woodbine twineth,alf kjellin
where the woods end,felix ahrens
where the worst begins,john mcdermott
where the writer begins,darwin reina
where the yellow lemon blooms,zdravko sotra
where there is darkness,cimela kidonakis
where there is ruin there is hope for a treasure,baz luhrmann
where there was no echo,robert douglas
where they belong,kim fields
where they go rubbering,c.l. chester
where thunder sleeps,simon wincer
where time began,juan piquer simón
where time stands still,octavio maya
where to invade next,michael moore
where trails begin,noel m. smith
where trails divide,robert n. bradbury
where trails end,robert emmett tansey
where trolls come from,mat brunet
where trolls come from,anna akana
where truth lies,jace alexander
where water flows,drew snyder
where we are,ilker çatak
where we are,cory maclean
where we are,josh minnie
where we are now,lucie rachel
where we ended,wes evans
where we go from here,anthony meindl
where we lie,matt earl beesley
where we stand,don hewitt
where we stand: 1959,av westin
where we started,christopher j. hansen
where we went,ethan daniel corbett
where winter is king,andré de la varre
where words fail,hugo fregonese
where you go people die,milan todorovic
where you loved me,roy kellino
where you were when,natalie bible'
whereabouts,peter ellis
whereabouts,quan zhou
whereabouts,ron satlof
whereabouts of his left arm: the struggle for trost part 5,tetsurô araki
whereabouts of the pendant,anthony tortorici
whereabouts unknown,fielder cook
wherefore art thou mike baxter,john pasquin
wherein it is shewn how oliver twist came to be born in such sad circumstances,renny rye
wherein oliver is educated by his friend fagin and delivered over to mr. william sikes,renny rye
whereout,srdjan spasojevic
wheres my money,tekin girgin
wheres the ice,tekin girgin
wheresoever i enter...,don medford
wherever i go,bob koherr
wherever i go by mark knopfler,matthias lebeer
wherever she goes,michael gordon
wherever you are,carlos siguion-reyna
wherever you are is my home,amanda tapping
wherever you are...,krzysztof zanussi
wherever you go,christian moldes
whether or not you believe,barbara meter
whey down,arthur slone
whey down,arthur slone
which doctor,wayne crawford
which dr.,peter graves
which is which witch,joseph barbera
which is which witch,william hanna
which is witch,friz freleng
which is witch,gene deitch
which is witch,gerald potterton
which of the two,percy stow
which side of the fence,stuart e. mcgowan
which tank fills first,dianna cowern
which title means more,vince russo
which way the wind blows,laslo benedek
which way to oz,james d.r. hickox
which way to the ocean,todd hansen
which way today,rangel vulchanov
which way up,michael proudfoot
which witch is the witch,george gordon
which witch is the witch,john kimball
which witch is the witch,rudy larriva
which witch is the witch,bob hathcock
whichever way the ball bounces,rajko grlic
whiffle while you work,tad stones
whiffle while you work,alan zaslove
whiffles and the magic wand,georges monca
whiffles cubic artist,georges monca
whiffles decides to be boss,georges monca
whiffles has a toothache,georges monca
whiffles has the gout,georges monca
whiffles wins out,georges monca
whiffs,ted post
whiffwang,julian kemp
while all germans sleep,frank beyer
while america sleeps,fred zinnemann
while at war,alejandro amenábar
while auntie bounced,frank griffin
while baby slept,lloyd lonergan
while beauty sleeps,roger tucker
while darwin sleeps...,paul bush
while expecting cassius,j. xavier velasco
while father telephoned,pat hartigan
while gotham city burns,larry peerce
while grown men sleep,brett register
while i kiss the sky,fito pardo
while i live,john harlow
while i run this race,edmond levy
while in mexico,noley thornton
while jerome burned,william witney
while john bolt slept,charles brabin
while justice waits,bernard j. durning
while london sleeps,howard bretherton
while london sleeps,walter morosco
while my guitar (thief) gently weeps,nash bozard
while my pretty one sleeps,jorge montesi
while nero fiddled,harry watt
while new york sleeps,charles brabin
while new york sleeps,h. bruce humberstone
while new york snores,ward hayes
while parents sleep,guy verney
while parents sleep,adrian brunel
while paris sleeps,maurice tourneur
while paris sleeps,allan dwan
while satan sleeps,joseph henabery
while she powdered her nose,laurence trimble
while she was out,jorge montesi
while shepherds watched,lewin fitzhamon
while someone else is eating or opening a window,rob cohen
while supplies last,giles walker
while supplies last,matthew schutt
while the auto waits,joseph byron totten
while the band plays,oz yilmaz
while the best friend is away,thomas sanders
while the billy boils,beaumont smith
while the children sleep,brian kniffel
while the circus passes,lawrence huntington
while the city sleeps,lars-eric kjellgren
while the city sleeps,fritz lang
while the city sleeps,jack conway
while the city snoozes,alan zaslove
while the clocks are ticking,gennadiy vasilev
while the cook slept,a.e. coleby
while the count goes bathing,dell henderson
while the devil laughs,george w. hill
while the fire burns,dean gonzales
while the household sleeps,j.h. martin
while the music lasts,anthony fabian
while the patient slept,ray enright
while the pot boils,robert c. bruce
while the song remains the same,p.j. pesce
while the sun shines,anthony asquith
while the thomasons slept,harry thomason
while the thomasons slept in the lincoln bedroom,harry thomason
while the tide was rising,ben f. wilson
while the tide was rising,andrew mccullough
while the women are sleeping,wayne wang
while they were flying to the moon,borisa simovic
while thousands cheer,leo c. popkin
while trying to win the west he lost the east,bill hobin
while waiting,kelvin sng
while waiting for eternity,kerem duymus
while we live,mehdi avaz
while we live,dani kouyaté
while we were,robert roa
while we were waiting,shawn patrick greene
while we work,maynard c. virgil i
while wedding bells ring out,stanner e.v. taylor
while wifey is away,fred huntley
while you are here,stefan westerwelle
while you sleep,eva tang
while you wait,louis myll
while you were loving,shin won-ho
while you were sleeping,bryan spicer
while you were sleeping,jon turteltaub
while you were sleeping,charles e. bastien
while you were sleeping,maggie carey
while you were sleeping,pino amenta
while you were snoring,ron lea
while you were wasted,paul senza
whiling,evan jonigkeit
whilom,harold bridgeforth
whim of iron,fielder cook
whimsical illusions,georges méliès
whimsical people,segundo de chomón
whimsicalities by hy mayer,henry 'hy' mayer
whina,james napier robertson
whindersson nunes,zaga martelletto
whine club,kelsey grammer
whiners and diners,glenn gt taylor
whip appeal,dan riley
whip it,drew barrymore
whip it good,dan riley
whip it good,jim astrausky
whip it whip it good,salim akil
whip it: deleted scene,steve agee
whip my hair,todd nathanson
whip tricks,george harrison marks
whip van winkle,hal seeger
whiphand,marc lawrence
whiplash,lewis seiler
whiplash,ray dragon
whiplash,shan-hsi ting
whiplash,damien chazelle
whiplash,rick edelstein
whiplash,damien chazelle
whiplash,camille balsamo
whiplash,steven soderbergh
whiplash,mike judge
whiplash,jake strider hughes
whiplash,thomas carr
whiplash,vere lorrimer
whiplash,yvette kaplan
whiplash whiplash,elliott lewis
whiplash zk,zalman king
whiplashed,tim baylar
whippany nj,richard speight jr.
whippany nj - still whipping,richard speight jr.
whippany with timothy omundson,henry darrow mccomas
whipped,linda lee
whipped,michael mcquarn
whipped and gaped: a medical fetish fantasy,maitresse madeline
whipped ass girl of the month april 2012: the dark side of taylor vixen,maitresse madeline
whipped ass girl of the month may 2012: raylene and the devil,bobbi starr
whipped ass halloween feature presentation: le dragon rouge part 2,maitresse madeline
whipped ass live in august,maitresse madeline
whipped ass live in december,maitresse madeline
whipped ass live in june,maitresse madeline
whipped cream,rocco siffredi
whipped cream and chocolat chips,laurent marmol
whipped unto the third generation,james widdoes
whipper snapper snipper,paul fennell
whipper snapper snipper,larry harmon
whippet racing,ward wing
whipping boy,nicholas laughland
whipping boy,lance comfort
whipping boy,di drew
whipping boy,william ball
whipping hosts,jozef k. richards
whipping post,john whitesell
whips and women,andy warhol
whipsaw,richard l. bare
whipsaw,sam wood
whipsawed,harry a. pollard
whirl of youth,richard eichberg
whirled history,tad stones
whirled history,alan zaslove
whirligig,ian gilmour
whirling dervish,andrew grieve
whirlpool,roy william neill
whirlpool,edmond t. gréville
whirlpool,lewis allen
whirlpool,otto preminger
whirlpool,mick garris
whirlpool,josé ramón larraz
whirlpool of women,kô nakahira
whirlpool rapids from bottom of canadian shore,james h. white
whirls and girls,mack sennett
whirlwind,yoshiaki iwasaki
whirlwind,noboru nakamura
whirlwind,katsuhito akiyama
whirlwind,john english
whirlwind,joshua herron
whirlwind,michael carson
whirlwind 2,ernie gehr
whirlwind courtship,stuart e. mcgowan
whirlwind gun spinning,william k.l. dickson
whirlwind horseman,robert f. hill
whirlwind of paris,henri diamant-berger
whirlwind of whiskers,alfred santell
whirlwind raiders,vernon keays
whirlwind raiders,irving j. moore
whirlwind: bombing germany - september 1939-april 1944,ted childs
whirlwinds,alain gomis
whirly girly,joanna kerns
whiskering chorus,ralph ceder
whiskers,scott darling
whiskers and tails,arthur lubin
whiskey and hairspray,malcolm freberg
whiskey and sofa,günter gräwert
whiskey and the hover board,casey neistat
whiskey business,robert iscove
whiskey business,matthew nastuk
whiskey cookers: the amazing story of the bootleggers of templeton iowa,dan manatt
whiskey delta,joey angerone
whiskey drinks every man should master,johnny wickham
whiskey echo,harry hook
whiskey for robinson,jean-luc servino
whiskey icarus: music video,ben davis
whiskey mountain,william grefé
whiskey neat,pam arciero
whiskey school,peter masterson
whiskey slide,shawn flanagan
whiskey sour,sara mornell
whiskey sour,joey parr
whiskey tango foxtrot,tony wharmby
whiskey tango foxtrot,ben mcshane
whiskey tango foxtrot,mark tinker
whiskey tango foxtrot and 10 cloverfield lane,brian ashton bell
whiskey tears,frank door
whiskey versus bullets,george albert smith
whiskey with vodka,andreas dresen
whisky,juan pablo rebella
whisky,pablo stoll
whisky a mezzogiorno,oscar de fina
whisky am vormittag,michael braun
whisky and vodka,fernando palacios
whisky auf haiti,jürgen goslar
whisky romeo zulu,enrique piñeyro
whisky sippen dee-lights,sean gill
whisky tango foxtrot,shane felux
whisky und wodka,eugen york
whisper,adam chinoy
whisper,david abramov
whisper,tim buttner
whisper,joe zappa
whisper,marc erlbaum
whisper,david ondricek
whisper,jeannot szwarc
whisper country,michael landon
whisper if i forget,çagan irmak
whisper ii - the lore of agartha,jessie kerry
whisper in my ear,travis fine
whisper into my good ear,glenn jordan
whisper into my good ear,jos van gorp
whisper kill,christian i. nyby ii
whisper of evil,robert l. collins
whisper of fear,mark tonderai
whisper of love,amir shervan
whisper of the dead forest,sergey a.
whisper of the heart,doug walker
whisper of the heart,jacob hope chapman
whisper of the heart,yoshifumi kondô
whisper of the unicorn,nobuyoshi habara
whisper out loud,rennie cowan
whisper quiet edition,mark fischbach
whisper who dares: part 1,charlie nairn
whisper who dares: part 2,charlie nairn
whisper who dares: part 3,charlie nairn
whisper with the wind,shahram alidi
whispered secrets,mark romanek
whispering canyon,tom forman
whispering city,fyodor otsep
whispering corridors,ki-hyeong park
whispering death,larry teng
whispering devils,harry garson
whispering devils,john m. voshell
whispering embers,ali nassar
whispering enemies,lewis d. collins
whispering footsteps,howard bretherton
whispering gables,edwin greenwood
whispering ghosts,alfred l. werker
whispering in the dark,kunihiko ikuhara
whispering legend,ezra mir
whispering of dead,sergey a.
whispering pages,aleksandr sokurov
whispering palms,charlie joy
whispering sage,scott r. dunlap
whispering sands,nan triveni achnas
whispering sands,nacer khemir
whispering shadows,emile chautard
whispering smith,j.p. mcgowan
whispering smith,leslie fenton
whispering smith,george melford
whispering smith rides,ray taylor
whispering smith speaks,david howard
whispering smith vs. scotland yard,francis searle
whispering tongues,george pearson
whispering whiskers,del lord
whispering whoopee,james w. horne
whispering winds,james flood
whispering wires,albert ray
whispering women,james keane
whispers,basil wrangell
whispers,henri safran
whispers,leonard lewis
whispers,ken grieve
whispers,matthew mercer
whispers,marshall herskovitz
whispers,jim enright
whispers,tammi sutton
whispers,maroun bagdadi
whispers,william p.s. earle
whispers,douglas jackson
whispers,ferran brooks
whispers,rui pedro sousa
whispers,george ratliff
whispers,cole sanchez
whispers and moans,herman yau
whispers behind the wall,grzegorz muskala
whispers estates,nick groff
whispers from a shallow grave,ted newsom
whispers in the dark,dave fleischer
whispers in the dark,colin gregg
whispers in the dark,christopher crowe
whispers in the mike,colin eggleston
whispers in the wings,seymour robbie
whispers of fear,harry bromley davenport
whispers of the dead,craig denault
whispers of the prairie,deanna morse
whispers of war,matthew mercer
whispers of war,jennifer dimarco
whistle,duncan jones
whistle,prashanth raj
whistle and come home,terence williams
whistle bait,peter tewksbury
whistle blower,soon-rye yim
whistle blowing,hy averback
whistle by flo rida,todd nathanson
whistle daughter whistle,gordon duff
whistle down the wind,bryan forbes
whistle in the distance,todd thompson
whistle my lad,chris robb
whistle past the graveyard,peter werner
whistle past the graveyard,mathias herndl
whistle stop,martin rackin
whistle stop,gerard bryant
whistle stop,léonide moguy
whistle stop,randy roberts
whistle stopper,william hanna
whistle stopper,joseph barbera
whistle while you housework,matt j. wilson
whistle while you work,matthew diamond
whistle while you work,don roos
whistle while your wife works,pete michels
whistle while your wife works,greg colton
whistle wyler works,david anspaugh
whistleblower,paul lieberstein
whistleblower,michael pattinson
whistleblower,niall maccormick
whistleblower,adolfo alix jr.
whistleblowers,eric laneuville
whistleblowing,dominic brigstocke
whistler,pasha eshghi
whistler,mike johansen
whistler,mike johansen
whistler: five portraits,roger englander
whistles and sneezes,david mitton
whistles and windows,larry semon
whistling bullets,john english
whistling calculus for tax purposes,marcus mortimer
whistling hills,derwin abrahams
whistling in brooklyn,s. sylvan simon
whistling in dixie,s. sylvan simon
whistling in the dark,s. sylvan simon
whistling in the dark,david scott
whistling in the dark,elliott nugent
whistling in the dark (i),alan bromly
whistling in the dark (ii),james bould
whistling jim,wilbur mcgaugh
whistling lions,gilbert pratt
whistling wally,gerald blake
whistling william,frank wilson
whit monday,sergey selyanov
whitchurch down (duration),malcolm le grice
white,william douglas mcmaster
white,remy schepers
white,alex ferrari
white,montserrat lombard
white,sean harris
white,sam alex kay
white,arsen a. ostojic
white,naje lataillade
white,paul j. porter
white-collar crime,steven j. warner
white-hot nurses 1,hervé bodilis
white-hot nurses 2,hervé bodilis
white-hot nurses 3,hervé bodilis
white-hot nurses 4,hervé bodilis
white-hot nurses 5,hervé bodilis
white-hot nurses 6,hervé bodilis
white-hot nurses 7,hervé bodilis
white-hot terror: inside maniac,marcus hearn
white-line warriors,bob bralver
white-out,emilio ferrari
white-wash,hugo del granado
white ad execs make commercials for black people,sasheer zamata
white and black,aleksandr razumnyj
white and unmarried,tom forman
white and yellow,edward a. kull
white ant,hsien-jer chu
white ants,rob carlton
white apache,claudio fragasso
white apache,bruno mattei
white as milk red as blood,giacomo campiotti
white as snow,kyle corwith
white as snow,anne fontaine
white as snow,christophe blanc
white as snow,émile cohl
white as snow,robert lynn
white as snow,selim gunes
white badge,jeong ji-yeong
white balance,dorit hakim
white banners,edmund goulding
white belly,jordi lara
white bim black ear,stanislav rostotskiy
white bird,winrich kolbe
white bird in a blizzard,gregg araki
white bits,alexander jovy
white blackmail,robert lynn
white blood,barbara sarasola-day
white blossom,christine kelley
white blossoms,pascal payant
white boat,ratana pestonji
white bondage,nick grinde
white bone demon,corey allen
white booty,bonnie rotten
white booty worship 1,l.t.
white booty worship 2,l.t.
white box,ed bye
white box,marie kreutzer
white boy,shawn rech
white boy privilege,dewayne bontrager
white buffalo,mike norris
white bunbusters,gregory dark
white buttons,florian anders
white calligraphy,takahiko iimura
white cannibal queen,francesco prosperi
white cannibal queen,jesús franco
white car in a snowstorm,susanna white
white cargo,j.b. williams
white cargo,richard thorpe
white cargo,ray selfe
white carnation,robert altman
white castle blues,kôichi mashimo
white chamber,paul raschid
white chicks,keenen ivory wayans
white chocolate,frederic eger
white chocolate,bill amerson
white chocolate,richard chamberlin
white chocolate,skeeter kerkove
white christmas,michael goldermann
white christmas,michael curtiz
white christmas,kôichi mashimo
white christmas,pete michels
white christmas,jeff kanew
white christmas,jerry paris
white christmas,gail mancuso
white christmas,debbie allen
white christmas,harun farocki
white christmas: a holiday estory,sylvia brindis
white city,stephen gaghan
white city,richard lowenstein
white city,dani gal
white city windy city,richard martini
white cloud blue mountain,keith behrman
white clouds,rollan sergienko
white coal,georg tiller
white coats,dave thomas
white coats and white lies,salim akil
white cock cravers,tom byron
white collar bandit,william corrigan
white collar blue,ken cameron
white collar blues,luciano salce
white collar hooligan 3,paul tanter
white collarless,tim heidecker
white collarless,eric wareheim
white comanche,josé briz méndez
white corridors,pat jackson
white corridors,ted post
white crack bastard,james cullen bressack
white creek,john w. yost
white curtain,marcin gizycki
white day,akitarô daichi
white death,criss angel
white death,peter maxwell
white deer plain,quan'an wang
white devil eggs with langston kerman,matthew c. mills
white devilfish,noboru nakamura
white dicks black chicks,david luger
white dicks black chicks 2,david luger
white dog,ku hye-sun
white dog,samuel fuller
white dog with white heart,baek-yeob seong
white dreams,sergei israelyan
white dress,andrey selivanov
white dust,jeff keen
white dwarf,peter markle
white dwarf,ryan fox
white eagle,w.s. van dyke
white eagle,robert g. walker
white eagle,james w. horne
white eagle,fred jackman
white eagle,lambert hillyer
white elephant,paul terry
white elephant,fletcher markle
white elephant,paul karpenko
white elephant,pablo trapero
white elephant,antonio lexerot
white elephant,matthias günter
white elephant,jerry shields
white elephant,werner grusch
white elephant gift exchange,sean szeles
white elephant gift exchange,john davis infantino
white elephant sale,william d. russell
white elephants,chris clough
white elephants,dominic allen
white epilepsy,philippe grandrieux
white face,brian mcdonald
white fang,lucio fulci
white fang,michael sporn
white fang,david butler
white fang,laurence trimble
white fang,randal kleiser
white fang (good times),phelan porteous
white fang and the gold diggers,alfonso brescia
white fang: at the edge of the world,patrick alessandrin
white fangs,heinosuke gosho
white fawn,gilbert p. hamilton
white feast,vladimir naumov
white feather,rené bonnière
white feather,robert d. webb
white female cat: ecstasy at high noon,kôyû ohara
white fire,john gilling
white fire,zebedy colt
white fire,jean-marie pallardy
white flag,charles jarrott
white flannels,lloyd bacon
white flowers for the dead,lester james peries
white forehead 2,seyed javad hashemi
white forehead 3,seyed javad hashemi
white fortress,leslie mcfarlane
white fortress,ronald weyman
white frog los angeles premiere,tina q. nguyen
white frog los angeles theatrical opening,tina q. nguyen
white fury,david a. prior
white fury,james sheldon
white ghost,bj davis
white ghost,noah antwiler
white girl,hettie macdonald
white girl problems,nahnatchka khan
white girl wasted,leigh scott
white girls get busy,brian pumper
white girls suck and swallow,mark anthony
white girls suck and swallow 2,mark anthony
white girls that just cannot,sara mornell
white gloves,courtney stephens
white goddess,wallace fox
white goddess,masayuki kojima
white gold,jesse hibbs
white gold,jamshid sheibani
white gold,william k. howard
white gold,hy averback
white gold,viktor ivanov
white goods,al ashton
white goods,robert young
white guy jamming in the car funky fresh beats,thomas sanders
white hair devil lady,hsin-yen chang
white handkerchief,tunde kelani
white hands,lambert hillyer
white hats,beto ribeiro
white hats,carla albuquerque
white haute couture by aslam hussein,ihshan iqbal
white heat,thomas bentley
white heat,lois weber
white heat,raoul walsh
white hole,ed bye
white hole,toshio matsumoto
white hope,gregory la cava
white horizons,dick barrymore
white horse,brian lange
white horse pike,jake paltrow
white horse rapids,thomas crahan
white horse steel horse,leslie h. martinson
white hot,carter stevens
white hot,david stanley
white hot,robby benson
white hot,chi chi larue
white hot,clay borris
white hot: the mysterious murder of thelma todd,paul wendkos
white house,nacho vidal
white house,georg koszulinski
white house abortion clinic,kevin coulston
white house babies: bathtime,kevin coulston
white house babies: preschool shutdown,kevin coulston
white house babies: tattletale,kevin coulston
white house babies: the last cookie,kevin coulston
white house black market,erin gibson
white house down,roland emmerich
white house down,jamaal stone
white house kitchens,rick venable
white house potential,mikkel nørgaard
white house press briefing with roseham boar: an introduction,kevin coulston
white house press briefing with roseham boar: caps lock,kevin coulston
white house press briefing with roseham boar: my humps,kevin coulston
white house press briefing with roseham boar: orders and opinions,kevin coulston
white house press briefing with roseham boar: treason,kevin coulston
white house press briefing with roseham boar: vanilla oreos,kevin coulston
white hunter,sydney lotterby
white hunter,irving cummings
white hunter black heart,clint eastwood
white indian,earl bellamy
white irish drinkers,john gray
white is the color,bernard girard
white jazz,joe carnahan
white jeans,julianna strickland
white justice,osamu dezaki
white king red queen (russians),sergei bodrov
white knight,nicholas laughland
white knight,johan renck
white knight,virgil w. vogel
white knight,scott cooper
white knights,joe shapiro
white knights,antonio negret
white knights,john howard davies
white knights,william brayne
white knuckles,leo scherman
white lady,david rudkin
white legion,karl brown
white lie,don scardino
white lie,yonah lewis
white lie,paul nickell
white lie,bill condon
white lie,anton boroda
white lie,calvin thomas
white lies,jon amiel
white lies,donald shebib
white lies,marion cajori
white lies,moira armstrong
white lies,john rich
white lies,oliver stone
white lies,don chaffey
white lies,dana rotberg
white lies,leo bulgakov
white lies,laurice guillen
white lies,rob bowman
white lies,christopher hodson
white lies,peter baldwin
white lies,gareth morgan
white lies,pierre salvadori
white lies,felix schäfer
white lies,yitzhak rubin
white lies,kevin inch
white lies,edward lesaint
white lies,cyril aris
white lies,richard lowry
white lies,peter weller
white lies noir,jim santangeli
white light,tim hunter
white light,simon reynolds
white light,al waxman
white light,mario azzopardi
white light,allan arkush
white light,alia raza
white light: part i,jonathan tzachor
white light: part ii,jonathan tzachor
white lightning,veronica hart
white lightning,edward bernds
white lightning,joseph sargent
white line fever,jonathan kaplan
white lines,guy ferland
white lite,jeff keen
white lotus cult,siu-keung cheng
white lotus the heroine,wen-chung ku
white madness,adriaan ditvoorst
white magic,fali bilimoria
white magic,paul zils
white magic,willy bogner
white magic,don mcdougall
white mama,jackie cooper
white man,louis j. gasnier
white man,bong joon ho
white mane,albert lamorisse
white mans,jim field smith
white marble,matti ijäs
white material,claire denis
white meat,bud fisher
white medicine man,paul landres
white men are cracking up,ngozi onwurah
white men can funk,stan lathan
white men can hump,anthony spinelli
white men can jump,nicholas a.j. sherard
white mexico,haruo inoue
white mice,edward h. griffith
white mile,robert butler
white mischief,michael radford
white mommas,l.t.
white mommas 2,l.t.
white mommas 3,l.t.
white mommas 4,l.t.
white morning,hiroshi teshigahara
white mountains,melis ubukeyev
white mughals,ralph fiennes
white mule,peter dobson
white museum,mike hoolboom
white nigga attacks henry the llama,tyler the creator
white night,park shin-woo
white night,jannik johansen
white night,andrew a. popescu
white night,clemens klopfenstein
white night,arnon zadok
white night,masahiro kobayashi
white night serenade,katsuhisa yamada
white nights,leonid kvinikhidze
white nights,taylor hackford
white nights,luchino visconti
white ninja eats dinner,matt clarke
white noise,rachel talalay
white noise,james whitmore jr.
white noise,frank arnold
white noise,carolina giammetta
white noise,matthew parkhill
white noise,geoffrey sax
white noise,jonas pate
white oak,lambert hillyer
white obsession,flavio sciolè
white of the eye,donald cammell
white oleander,peter kosminsky
white on rice,lexington steele
white on white,paul bogart
white on white and nearly perfect,stephen j. cannell
white on white on white,fred savage
white other,dan hartley
white out,jeffrey g. hunt
white out,randy myers
white out,david b. grelck
white out,andrew marton
white pages,antonello novellino
white pages,abbas kiarostami
white paint,shakil mohammed
white palace,luis mandoki
white panic,shugo fujii
white pants,jason cox
white pants willie,charles hines
white panty chronicles 1,mitch spinelli
white panty chronicles 10,mitch spinelli
white panty chronicles 11,mitch spinelli
white panty chronicles 12,mitch spinelli
white panty chronicles 13,mitch spinelli
white panty chronicles 14,mitch spinelli
white panty chronicles 15,mitch spinelli
white panty chronicles 16,mitch spinelli
white panty chronicles 17,mitch spinelli
white panty chronicles 18,mitch spinelli
white panty chronicles 2,mitch spinelli
white panty chronicles 21,mitch spinelli
white panty chronicles 3,mitch spinelli
white panty chronicles 4,mitch spinelli
white panty chronicles 5,mitch spinelli
white panty chronicles 6,mitch spinelli
white panty chronicles 7,mitch spinelli
white panty chronicles 8,mitch spinelli
white panty chronicles 9,mitch spinelli
white party,julien zidi
white party boiz palm springs 2001,chad donovan
white paws,jean grémillon
white pebbles,richard thorpe
white people renovating houses,trey parker
white pepper,dan sacks
white picket fence,caitlin dahl
white picket fences,bruce kessler
white pigeon,serhat gonen
white pigeon ticket,mark sandrich jr.
white pillow,tobias kerll
white platoon,timothy grucza
white pleasure,seiichi fukuda
white point,akseli tuomivaara
white poles in dark holes,roy karch
white pongo,sam newfield
white pop jesus,luigi petrini
white powder,david sowden
white powder,john milhiser
white power,andy samberg
white power,gustavo loza
white power,akiva schaffer
white pretty girls,mandingo
white privilege frankenstein,ken dashow
white pubic hair,john henderson
white rabbit,michael schultz
white rabbit,bobby farrelly
white rabbit,james a. contner
white rabbit,kevin hooks
white rabbit,steven robman
white rabbit,michael raven
white rabbit,daryl wein
white rabbit,tim mccann
white rabbit: grace slick,jack edward sawyers
white rage,arto halonen
white ranger vs. scorpion,aaron schoenke
white raven,andrew moxham
white ravens,georg koszulinski
white reindeer,zach clark
white renegade,jack irwin
white rhapsody,jack eaton
white rhino,quentin lawrence
white rice,ron hughart
white rice,brent woods
white right: meeting the enemy,deeyah khan
white rock,tony maylam
white rock,pamela adlon
white room,patricia rozema
white room,simon j. green
white room,kevork aslanyan
white room: no going back,george hughes
white room: tomarenai ai,kazuyoshi sekine
white rose,blake zawadzki
white rose,ping li
white roses,frank powell
white roses,josh hodgins
white russian,alex lewis
white sails,owen crump
white salt and sunshine,paul kiener
white sands,roger donaldson
white sands,willie varela
white sands,michele rocchi
white sands mall: the shroud of turin 3-d science museum: alamogordo nm,dan bell
white savage,albert s. rogell
white savage,arthur lubin
white savages,wallace fox
white screech,michael fischa
white season,javad jalali
white shadow,noaz deshe
white shadow,satoshi urushihara
white shadow takes a hand,marvin aubrey davis
white shadow takes a hand,william beaudine
white shadows,graham cutts
white shadows in the south seas,w.s. van dyke
white shark red triangle,peter crawford
white sheep of the family,gail mancuso
white sheep of the family,peter diamond
white shoulders,tom forman
white shoulders,melville w. brown
white sister,alberto lattuada
white skin,vladimir danilevich
white skin,daniel roby
white skin glimmering in the darkness,shôgorô nishimura
white slave,mario gariazzo
white slavery,lino brocka
white slaves,robin davis
white slaves pirate gold,harry marshall
white slippers,sinclair hill
white smile,kim soo-yong
white smoke,miquel garcía borda
white snow,mitsuru hongô
white snow - red ice,buzz kulik
white socks only,clay westervelt
white soldier,erick zonca
white sparrows,aris antivachis
white squall,ridley scott
white stallion ranch,matthew avant
white star,roland klick
white steel fang,masami ôbari
white stork is coming,stephen jules rubin
white storm (parts 2-4),akiyuki shinbô
white sun,deepak rauniyar
white sun of the desert,vladimir motyl
white supremacy: going under,phil lott
white t,julianna strickland
white t,lance frank
white thunder,ben f. wilson
white tie and frails,joseph barbera
white tie and frails,william hanna
white tie and tails,charles barton
white tiger,richard franklin
white tiger,karen shakhnazarov
white tiger,richard martin
white tiger,tod browning
white tiger legend,kory juul
white to play,david s. goyer
white town,harutyun khachatryan
white trash,michael raven
white trash,tony alizzi
white trash,daniel gray longino
white trash,chris bould
white trash,cedric the entertainer
white trash,uwe schrader
white trash,larry fessenden
white trash,jesús salvador treviño
white trash,fred baker
white trash freaks music video,kevin wayne
white trash hash,sean michael beyer
white trash pieces of shit,mark zane
white treachery,allan dwan
white treasure,thomas mead
white truck,bobcat goldthwait
white up that black ass,tom byron
white valentine,yun-ho yang
white van stories,leena manimekalai
white vengeance,lew landers
white venom,alfred niemirski
white vertigo,giorgio ferroni
white violet,frank wisbar
white voices,massimo franciosa
white voices,pasquale festa campanile
white voodoo,patricia verhaegen
white walls,peter welter soler
white walls and olive-green carpets,james gatward
white warrior,lee sholem
white wash,nick peterson
white wash,isaiah freeman
white water,rusty cundieff
white water,alina montero
white water,michael berry
white water,william fruet
white water,bert van tuyle
white water and windy willie,robert c. bruce
white water men,geoffrey barkas
white water rebels,reza badiyi
white water summer,jeff bleckner
white wedding,jiarui zhang
white wedding,jean-claude brisseau
white wedding,rp kahl
white wedding,josh webber
white wedding,paul thomas
white wedding,chandra wilson
white wedding: part 1,bruce mcdonald
white wedding: part 2,bruce mcdonald
white whale,dave paige
white whale hunters of anse aux basques,rené bonnière
white whales,friðrik þór friðriksson
white white storks,ali khamraev
white white world,oleg novkovic
white widow,christian filippella
white widow,christian filippella
white wife black cock 6,corey bishop
white wife black cock 7,corey bishop
white wife black cock 8,corey bishop
white wilderness,jack hively
white wilderness,james algar
white wings,george jeske
white wings,richard hatch
white wings on review,edwin s. porter
white winter heat,warren miller
white witch doctor,henry hathaway
white wolf,irving j. moore
white wolves: a cry in the wild ii,catherine cyran
white wolves: ghosts of the arctic,oliver goetzl
white woman,stuart walker
white women,henri pachard
white world,yasuhiro takemoto
white youth,norman dawn
white zin,jim ford
white zombie,john benjamin faust
white zombie,reyna young
white zombie,michael perzel
white zombie,cameron mccasland
white zombie,hap weyman
white zombie,victor halperin
white zombie,jonathan moody
white zombie,vincent nero
white zombie,james rolfe
white zombie (1932),manny velazquez
white: a season in the life of john borden evans,eduardo montes-bradley
white: the melody of the curse,gok kim
white: the melody of the curse,sun kim
whiteboard,sam elgart
whiteboard conspiracy,ryan prince
whitebread and goatman,steve hosford
whitecaps,john patterson
whitechapel,ewald andré dupont
whitechapel terminus,andy wilson
whitefish,remy van heugten
whiteforce,eddie romero
whitefox,danny donahue
whitehall,oz scott
whitehall 14,john cooper
whitehall: conclusion,john terlesky
whitehouse clubhouse,michael minto
whitehouse: the sex video,eve vorley
whiteley,james bogle
whiteman,ronald marriott
whiteout,setsurô wakamatsu
whiteout,dominic sena
whitepaddy,geretta geretta
whiter shade of pale,pino amenta
whitesnake: fourplay,maurice phillips
whitesnake: live... in the still of the night,hamish hamilton
whitest kids,david fishel
whitewash,michael sporn
whitewash,daniel petrie
whitewash: the clarence brandley story,tony bill
whitewashed walls,park frame
whitewashing the ceiling,joe rosenthal
whitewashing the policeman,william haggar
whitewashing william,rube miller
whitewater,antonio lexerot
whitewater black heart,timothy a. bennett
whitewater rafting guide (pilot),todd calvert
whitewater sam,keith larsen
whitewater: part 1,michael preece
whitewater: part 2,michael preece
whitey,robbe de hert
whitey,herschel daugherty
whitey tightey,al borda
whitey: united states of america v. james j. bulger,joe berlinger
whiteye,stan brakhage
whither happiness,kenjirô morinaga
whither henry,anthony parker
whither the weather,coby ruskin
whither thou goest,raymond b. west
whither thou goest,graham yost
whither thou goest sam,gerald mayer
whither weather,faith hubley
whitley,jason woliner
whitmore park,brian stockton
whitney,kevin macdonald
whitney,angela bassett
whitney and britni go to a luke bryan concert,lovell holder
whitney and britni have a spat,lovell holder
whitney cummings gets her vagina steamed,lp
whitney duff,david black
whitney houston,rudi dolezal
whitney houston,hannes rossacher
whitney houston parody,dustin clingan
whitney houston the grammys,katie nolan
whitney houston tony danza colleen camp dr. richard ellenbogen,dick carson
whitney houston: classic whitney,marty callner
whitney houston: the concert for a new south africa,marty callner
whitney houston: the greatest hits,brian grant
whitney scrotum,vernon lawrence
whitney woerz: idea of her,miles szanto
whitney wright gets punished by two big black cocks ab015,miles long
whitney: can i be me,rudi dolezal
whitney: can i be me,nick broomfield
whittaker our way out,colm mccarthy
whittingham,nick broomfield
whittington castle shropshire,karl beattie
whity,rainer werner fassbinder
whiz and whiskers,harry mann
whiz kid,arthur davis
whiz kid,roger kumble
whiz kid,volus jones
whiz kid,oscar dufau
whiz kid,don lusk
whiz kid sizzles as quiz fizzles,william asher
whiz quiz kid,seymour kneitel
whizzer,rüdiger nüchtern
whizzy busy bubbles,will brenton
who advised the rock to speak in the third person,vince russo
who am i,david s. goyer
who am i,baran bo odar
who am i happy,maria pavlidou
who am i killing,ralph senensky
who am i really,ray danton
who and what,danny cannon
who are these birdies...,yulian kalisher
who are you,magdalena lazarkiewicz
who are you,rahul rai gupta
who are you,jsu garcia
who are you,renna nightingale
who are you,john-roger
who are you looking for,romy steyer
who art in heaven,thom stark
who art in heaven,thom fitzgerald
who asks first,bill persky
who banged leah remini,vince russo
who bears malice,edgar jones
who by fire,ed bianchi
who by water,bill morrison
who can i turn to,paul harrison
who can you trust,harrison freed
who cares,harris dickinson
who cares,nic phillips
who cares,jans rautenbach
who cares,david kirkland
who cares,nick broomfield
who dares wins,gary love
who destroyed the earth,paul almond
who dies next,douglas camfield
who do the voodoo,edward montagne
who do you love,jerry zaks
who do you trust,tim hunter
who done it,jon amiel
who done it: the clue documentary,jeff c. smith
who dun who,fred j. lincoln
who finds a friend finds a treasure,sergio corbucci
who flew first: challenging the wright brothers,tilman remme
who framed roger rabbit,james rolfe
who framed roger rabbit,jason pullara
who framed roger rabbit,robert zemeckis
who gets the order,j. searle dawley
who gets the parents,mark cendrowski
who gives a hootenanny,jerry paris
who gives this bride,reginald hudlin
who gives this woman,eric tayler
who goes there,cary joji fukunaga
who goes there,matthew fackrell
who got the reward,mack sennett
who has been rocking my dreamboat,kenneth anger
who has seen the wind,allan king
who heard it,daphne shadwell
who ho ray no. 1,stan vanderbeek
who ho ray no. 2,stan vanderbeek
who i am,don ross
who i am,vince russo
who i am,joshua widgren
who i am,debbie allen
who i am,alberto evangelio
who i am and what i want,chris shepherd
who i am and what i want,david shrigley
who i want to be,joe nussbaum
who in his right mind needs a nice girl,jeffrey hayden
who is alice,ismael lotz
who is bobby domino,jesse grce
who is eliminated from the top 6,bruce gowers
who is eliminated from the top 8,bruce gowers
who is felicia,peter maxwell
who is haoran,yishu yang
who is it,maksim sveshnikov
who is m.p. sellers,james frawley
who is mcafee,bruno philip
who is mcafee,françois garcia
who is next,akram lewiz
who is perman 5,tadao nagahama
who is the best,mohammed jassim
who is the best,abdul khaliq al-ghanim
who is the sanest,kenny hotz
who is the strongest,vladimir degtyaryov
who kidnapped kamila,manny velazquez
who killed captain alex (2010),alex beltman
who killed cock-robin,frank moser
who killed cock robin,montgomery pittman
who killed doc. robbins,don mcdougall
who killed johnny,yangzom brauen
who killed johnny ii - expats going south,yangzom brauen
who killed little red riding hood,serge meynard
who killed my daughter,noel nosseck
who killed santa claus,john jacobs
who killed tchaikovsky,john purdie
who killed teddy bear,joseph cates
who knew,tyler perry
who knows,joanna johnson
who knows better than i,michael trim
who laughs last,james young deer
who lives by the gun,william witney
who lives by the sword,andrew v. mclaglen
who lives last,johnny fontane
who lives who dies who tells your story,debbie allen
who lost it,daphne shadwell
who lost that kiss,alex sebastian laibach
who lost that kiss,vanda ciuban serban
who loves ya baby,robin nash
who loves ya baby,richard boden
who loves you,rob schneider
who loves you baby,simon raby
who must remain anonymous,don leaver
who needs a heart,john akomfrah
who needs boys spring break,jodi west
who needs enemies,peter cregeen
who needs girls,ozzie nelson
who needs it,vladimir nepevny
who needs more lessons,christopher proutt
who never ever regrets,thodoris vournas
who never lived,andrzej seweryn
who once was dead,tarik saleh
who only stand and wait,lawrence gordon clark
who owns an idea,lukas disparrow
who owns che: the importance of not being ernesto,leslie woodhead
who pays the price,shanti s. varma
who pays wins,adam curtis
who peter: a new regeneration - 1989-2009,chris chapman
who peter: partners in time - 1963-1989,chris chapman
who pulled the blues right out of the horn,james komack
who reamed rosie rabbit part 2,brad jones
who runs the world,ian gilmour
who search for truth,john brahm
who seeks revenge,joseph w. smiley
who sheds his blood,judith crawley
who shoots last. part 2,mikhail tumanishvili
who shoots last: part 1,mikhail tumanishvili
who sows the wind,jed mercurio
who speaks for the children,georg fenady
who stole my watch,jerry paris
who talks,elin övergaard
who the fuck is axel,leo van der goot
who they were meant to be,roland joffé
who took the merry out of christmas,ted lange
who violates the law,arthur v. johnson
who wants to be a godparent,pamela fryman
who wants to be a millennial,rob burnett
who wants to be a millionaire,nick hurran
who wants to be a millionaire,ari yolkut
who wants to be an albatross,karl zwicky
who wants to be on public access (post-apocalypse),keith haskel
who wants to marry me,fred j. lincoln
who was kate greer: part 2,alan gibson
who was kate greer: part 3,alan gibson
who was that man,jon korkes
who was the promise for,shin itagaki
who was to blame,w.p. kellino
who we are,eric martinez
who we are,allison liddi-brown
who we are,cristiano guerreiro
who we are,andrew ahn
who we are,mark tinker
who we are fighting for,yoshiyuki tomino
who we are now,matthew newton
who we are: brave new clan,leah purcell
who we were,mohammed mamdouh
who we were before,yvette gonzalez-nacer
who what when where wynaut,kunihiko yuyama
who will be chosen,hiroyoshi mitsunobu
who will cheer my bonnie bride,james goldstone
who will get the olympic prize,vyacheslav kotyonochkin
who will survive and what will be left of them,john asher
who will teach me the half of the character,martin rysavý
who would have thought,kevin l. walker
who would win,larry leichliter
who writes to switzerland,alberto cavalcanti
who york,sebastian j. brook
who you know,zachary sluser
who you reggie,ricky davao
who you think i am,safy nebbou
who: fan film,david j. stebbeds
whoa baby we need a nursery,rob mancini
whoa liz,tiffany tynes
whoa zone (rob malone edition),keith haskel
whoafraidwolf,clemens klopfenstein
whoami,sam esmail
whodunit,mike slee
whodunit,francis m. cockrell
whodunit,sven taddicken
whodunnit,gary fleder
whodunnit doris,marc daniels
whoever brought me here,jennifer kent
whoever did this,timothy van patten
whoever fights monsters,félix enríquez alcalá
whoever you are wherever you are,joe landis
whoever you blow you know he knows,david millbern
whole,matt portman
whole,matt west
whole foods anger management,michael bolten
whole lot of nothing,roy battersby
whole lotta chicken,karsten kiilerich
whole lotta chicken,michael hegner
whole lotta shakin,philip casson
whole lotta views,vinnie langdon iii
whole lotto love,gary dean orona
whole lotto love,tawnia mckiernan
whole lotto love nincompoop corner and 31 burps in 30 seconds,vin di bona
whole lotto trouble,gerren keith
whole me,damian kosowski
whole new ball game,terrence o'hara
whole new thing,amnon buchbinder
whole night,john walton
whole people,jared passante
wholehearted,christopher leps
wholemoal alone,joël vanhoebrouck
wholes,cecílio neto
wholesailing along,al boasberg
wholly communion,peter whitehead
wholly smoke,frank tashlin
wholock,sophia tallon
whom death has joined together,boris sagal
whom god forgives,josé maría forqué
whom god hath joined,john davies
whom god hath joined,george nichols
whom god hath joined,webster cullison
whom god hath joined...,bill bain
whom god helps,michael mansfield
whom gods destroy,herb wallerstein
whom the gods destroy,william p.s. earle
whom the gods destroy,j. stuart blackton
whom the gods destroy,herbert brenon
whom the gods destroy,walter lang
whom the gods would destroy,joseph w. smiley
whom the gods would destroy,frank borzage
whooo is... the knight owl,jessica borutski
whoop ass,chad carter
whoopee,richard h. berger
whoopee boys,stephen roberts
whoopi goldberg,andreu buenafuente
whoopi goldberg,jon blair
whoopi goldberg: direct from broadway,thomas schlamme
whoopi stone,coky giedroyc
whoopi: back to broadway - the 20th anniversary,marty callner
whoops apocalypse,tom bussmann
whoozit,charles r. bowers
whoozit,harold l. muller
whopper cries uncle,carl urbano
whopper cries uncle,arthur davis
whopper cries uncle,don lusk
whopper cries uncle,rudy zamora
whore,thomas dekker
whore,ken russell
whore,reinert kiil
whore,michael hurst
whore,michael raven
whore 2,amos kollek
whore at my door,john whoremonger
whore at my door 6,john whoremonger
whore factory,slain wayne
whore gaggers,john west
whore gaggers 2,john west
whore gaggers 3,john west
whore gaggers 4,john west
whore gaggers 6,john west
whore gaggers 7,john west
whore gaggers 8,john west
whore house,steve drake
whore house,nacho vidal
whore it up,robby d.
whore of the roses,rick savage
whore wars,terrence o'hara
whore wife,princess donna
whorecraft: legion of whores vol. 1,stoney curtis
whoreders,peter atencio
whoregasm,nick zedd
whoregasm,bryn pryor
whoreo,al borda
whores for life,kevin edwin greene
whores on the 14th,belladonna
whorgasm,ariella
whoriental sex academy,alex ladd
whoriental sex academy 2,alex ladd
whoriental sex academy 3,bud lee
whoriental sex academy 4,bud lee
whoriental sex academy 5,bud lee
whoriental sex academy 6,bud lee
whoriental sex academy 7,bud lee
whoriental sex academy 8,bud lee
whoriental sex academy: the movie,bud lee
whorrible,gregory pellerito
whortleberry roots for everyone,charles r. rondeau
whos the boss song,kelsy abbott
whose baby,tyler perry
whose footprint is the other one,masaharu endô
whose is it,bentley kyle evans
whose turn next,philip barker
whose woods these are,jorge montesi
whoso diggeth a pit,ralph dewsbury
whoso findeth a wife,frank hall crane
whoso is without sin,fred paul
whoso list to hunt,luís hindman
whoyoo kudaitja man,russell hagg
whupsumass,greg beeman
why,victor stoloff
why,victor stoloff
why,les kaluza
why,henry thompson
why 2018 will be awesome,théo mahy-ma-somga
why a cat was called a cat,mariya muat
why all the fuss,igor auzins
why always me..,joe sugg
why america will win,richard stanton
why are you leaving,michael easterling
why aunt jane never married,william f. haddock
why babies cry justin bieber,katie nolan
why babies leave home,leslie goodwins
why bad things happen,andrew fleming
why baker died,james ormerod
why batman is secretly terrible for gotham,justin viar
why beaches are popular,f. richard jones
why billings was late,norval macgregor
why birds sing,pradip krishen
why blondes leave home,gus meins
why bob marley should not have acted as his own attorney,greg colton
why boys have it harder than girls,brent rivera
why broncho billy left bear county,gilbert m. 'broncho billy' anderson
why change your husband,jack king
why cheat india,soumik sen
why chris brown beat rihanna,ryan higa
why cooks go cuckoo,james h. clemens
why detectives go wrong,leslie goodwins
why did the fireman...,joel zwick
why did you break my heart,deepti bhatnagar
why do foils fall in love,richard correll
why do fools fall in love,gregory nava
why do i dream those dreams,friz freleng
why do jamaicans run so fast,miquel galofré
why do you even ask,ryan elliott
why does kasperli run amok,lara stoll
why does this always happen to me,casey neistat
why dogs leave home,herman c. raymaker
why dunkirk is so important,jamison m. locascio
why everyone needs to see hannah gadsby: nanette,vera wylde
why everyone wants to have sex with vampires,justin viar
why father grew a beard,walter r. booth
why father learned to ride,lewin fitzhamon
why fries are bad for you,maxime brulein
why george brown hanged,antony kearey
why girls go back home,james flood
why girls leave home,william berke
why girls leave home,james flood
why girls leave home,c.j. williams
why girls leave home,william nigh
why girls leave home,richard l. bare
why girls love sailors,fred guiol
why girls say no,leo mccarey
why gorillas leave home,arvid e. gillstrom
why gotham is awesome,vera wylde
why habib has no friends,james
why he gave up,henry lehrman
why he gave up,mack sennett
why henry left home,sidney drew
why henry left home,mrs. sidney drew
why hollywood should cast against type more,jamison m. locascio
why husbands flirt,al christie
why husbands flirt,william beaudine
why husbands go mad,leo mccarey
why i am here,ralph ince
why i blew up dakota,john newland
why i hate dog movies,adam deyoe
why i hate phones,vivienne medrano
why i hate the last day of school,david j. garfield
why i hate the left,burleigh smith
why i like elephant about the zoo,aleksandr davydov
why i live at the p.o.,jodie markell
why i run,shelby q. warren
why i should not marry,richard stanton
why i sing...,john howe
why i wore lipstick to my mastectomy,peter werner
why i would not marry,richard stanton
why india fails at the olympics,davin stanley
why infinite jest will kill your book club,adam catino
why is a crooked letter,walter doniger
why it sucks to run into guys from high school,gregory burke
why it would suck to date an avenger,alex lewis
why jim reformed,william duncan
why jones discharged his clerks,james h. white
why laminar flow is awesome,destin sandlin
why legend of the mystical ninja is awesome,vera wylde
why legends of tomorrow is awesome,vera wylde
why let cooler pasture deform,tawnia mckiernan
why love actually is awesome,vera wylde
why love is blind,george nichols
why man creates,saul bass
why mario is secretly a douchebag,justin viar
why me,payton koehler
why men forget,denison clift
why men leave home,john m. stahl
why men rape,douglas jackson
why men suck,ethan zachery scott
why men work,leo mccarey
why mr. jones was arrested,fred j. balshofer
why mr. nation wants a divorce,edwin s. porter
why mrs. jones got a divorce,james h. white
why mrs. kentworth lied,matt moore
why mules leave home,richard smith
why mules leave home,frank moser
why mules leave home,paul terry
why mutt left the village,bud fisher
why not her,wancang bu
why not marry,arthur ellery
why not to cheat on your best friend,michael patrick jann
why not to date a twin,michael patrick jann
why not to date your gynecologist,craig zisk
why not to look at bridal magazines,michael patrick jann
why not...,mark kassen
why not: a serenade of eschatological ecology,shûsaku arakawa
why om studios,tracy d. smith
why pay tax,roy ward baker
why people buy sex,michael waldman
why people sell sex,michael waldman
why pewdiepie is the dumbest youtuber,felix kjellberg
why planes vanish,miles o'brien
why punctuate,arthur h. wolf
why rags left home,harry a. pollard
why sailors go wrong,henry lehrman
why sailors leave home,monty banks
why saps leave home,lupino lane
why science and religion think differently,peter getzels
why sex is magic,vincent peone
why should you care,nicolas degrazia
why skunkville went dry,joseph levering
why smith left home,donald crisp
why sparrows fall,paul nickell
why squirrels leave home,charles r. bowers
why star trek is a dystopia,justin viar
why stay in westdale,brian parker
why students are broke,thomas sanders
why tetris attack is awesome,vera wylde
why the dceu needs to fail - an angry rant,vera wylde
why the deadpool animated series is a bad idea,vera wylde
why the good place is awesome,vera wylde
why the harry potter universe is secretly terrifying,justin viar
why the industrial revolution happened here,charles colville
why the jedi will never end,gregory burke
why the lodger left,alf collins
why the popcorn trick is a bad idea,gregory burke
why the pueblo boys and girls club matters,dustin hodge
why the rocky horror picture show is awesome,vera wylde
why the sheriff is a bachelor,tom mix
why the sheriff is a bachelor,tom mix
why the sphinx laughed,ashley miller
why the towers fell,garfield kennedy
why the tuesday afternoon bridge club met on thursday,don mcdougall
why the wedding was put off,james williamson
why they killed nolan,charles crichton
why they left home,william beaudine
why they love,gershon sng
why things go wrong,mick jackson
why this road: dan portelance,ben proudfoot
why this skateboarding trick should be impossible,dianna cowern
why thomas came back,michael angelo
why tightwad tips,pat hartigan
why toes tap: marsalis on rhythm,michael lindsay-hogg
why tom signed the pledge,lucius henderson
why tommy was late for school,walter r. booth
why trust your husband,george marshall
why try to change me now,jeannot szwarc
why venom is a terrible movie,gregory burke
why vinnie carponzo hates trains,michael ray fox
why wait till november,bob claver
why waste time,john fawcett
why we broke up,beth mccarthy-miller
why we fight,eugene jarecki
why we fight,david frankel
why we fight,frederick e.o. toye
why we fight,tim hunter
why we fight,terrence o'hara
why we fight,a.j. buckley
why we fight,sanford bookstaver
why we gave up women,james widdoes
why we get married,brandon rogers
why we have elections or the kings of snark,sam weiss
why we have taxes or the town that had no policeman,lee mishkin
why we laugh: black comedians on black comedy,robert townsend
why we need doctors: no measles no mumps for me,michael sporn
why we need reading or the piemaker of ignoramia,paul fierlinger
why we perform,brandon rogers
why we race,kiley vorndran
why we respect the law,gil altschul
why we ride,bryan h. carroll
why we smoke,susan m. hogue
why we source,norberto barba
why we take care of property or planet of the ticklebops,paul fierlinger
why we tell the truth or no more squareburgers in straightalk,jeff hale
why we walk,andrew littlefield
why wild men go wild,william beaudine
why women love,edwin carewe
why women remarry,john gorman
why women run,meredith ralston
why women sin,burton l. king
why women sin,guy lefranc
why x-men should not be in the mcu - a geek ramble,vera wylde
why x-men: dark phoenix is going to suck,vera wylde
why you dont need a non-profit to impact the world,renna nightingale
why you should put your mask on first (my brain without oxygen),destin sandlin
why you should see a therapist,jonny stewart
why...,thomas sanders
whys and otherwise,otto messmer
wi-fi,james widdoes
wi-fi,andrew knight
wi-fi gratis,mario tani
wi-fi in the sky,steve hoefer
wi-fight,gail mancuso
wi-tri,ned hastings
wi-tri,david s. hogan
wi-tri,dave willis
wi-tri,matt maiellaro
wia die zeit vergeht,joseph vilsmaier
wia grad der wind geht,bernhard helfrich
wiadomosc od morderczyni,maciej migas
wiano,jan lomnicki
wiatr,rafael marziano tinoco
wiatr jest silniejszy,tadeusz palka
wiatr od morza,kazimierz czynski
wiatr w zaglach,wojciech adamczyk
wiatr we wlosach,patryk vega
wiatraki z ranley,juliusz janicki
wica agli: to return a man,erica tremblay
wicca,joakim lundell
wicca,john t. bone
wicca envy,mel damski
wicca work,roberto bangura
wichita,nicholas barton
wichita,josé luis garci
wichita,jacques tourneur
wichita is civilized,frank mcdonald
wichita linebacker,harry winer
wichtiger hinweis,alexander wiedl
wicked,tatiana issa
wicked,tyler perry
wicked,michael steinberg
wicked,gabriel allard
wicked,raphael alvarez
wicked,allan dwan
wicked,fred j. lincoln
wicked,john johnson
wicked,jon m. chu
wicked,chi chi larue
wicked ann,alan rafkin
wicked anthology 3,jonathan morgan
wicked anthology: volume one,jonathan morgan
wicked as she seems,paul norman
wicked as they come,ken hughes
wicked at heart,paul norman
wicked auditions,jonathan morgan
wicked bites 1st annual christmas special,mike wendt
wicked bites cookout,mike wendt
wicked city,françois villiers
wicked covergirls,brad armstrong
wicked deeds,marc cushman
wicked divas: julia ann,jonathan morgan
wicked divas: stormy,jonathan morgan
wicked duchess,jacques de baroncelli
wicked fascination,fred j. lincoln
wicked game,lyubo kirov
wicked game,kôichi sakamoto
wicked game,henry barakat
wicked game,gabriel aghion
wicked game: part one,peter werner
wicked games,bennett barbakow
wicked games,jeremy schott
wicked games,brad armstrong
wicked games,tony salantri
wicked games,tim ritter
wicked grounds,princess donna
wicked lady,vernon lawrence
wicked little things,j.s. cardone
wicked old world,sergio mimica-gezzan
wicked schoolgirls,carter stevens
wicked sensations part ii,henri pachard
wicked sex party,brad armstrong
wicked sex party 2,brad armstrong
wicked sex party 3,brad armstrong
wicked sex party 4,brad armstrong
wicked sex party 6,brad armstrong
wicked sex party 7,brad armstrong
wicked sex party v,brad armstrong
wicked shades,casey alexander
wicked sorceress,jim enright
wicked spring,kevin r. hershberger
wicked stepmother,larry cohen
wicked surprises,rick savage
wicked tales,ike ojukwu
wicked thoughts,milton ingley
wicked waltzing,john howard davies
wicked waxxx worxxx,frank towers
wicked ways,joey rassool
wicked ways tv,james douglas
wicked weapon,brad armstrong
wicked wenches,milton ingley
wicked whispers,fred j. lincoln
wicked wicked,richard l. bare
wicked wicked west,gilbert m. shilton
wicked wicked zorro,ray austin
wicked wife,bob mcnaught
wicked willie,bob godfrey
wicked wishes: reflections on the life of a sex therapist,fred j. lincoln
wicked woman,mitch spinelli
wicked woman,russell rouse
wicked woman mantis,shunichi kajima
wicked women,roy karch
wicked women,mark stone
wicked women,jesús franco
wickeder,q. allan brocka
wickeder tuna,jillian cohen
wickedness preferred,hobart henley
wicken northamptonshire,graham dixon
wicker,joel wear
wicker kittens,amy c. elliott
wicker park,paul mcguigan
wickie,franziska meyer price
wicklow gold,john macdonagh
wicks,ole christian madsen
widaehan hunter gj,lee doo-yong
widdershins,robert tronson
wide-eyed and legless,richard loncraine
wide angle saxon,owen land
wide angle shot,max varnel
wide asleep,alex harrouch
wide asleep,markus goerg
wide awake,m. night shyamalan
wide awake,norman taurog
wide awake,jasun mark
wide awake,christoph röhl
wide awake,alan berliner
wide awake,yon motskin
wide awake and dreaming,dawnee dodson
wide awake in nothing,paul robert lingas
wide awake: short film series,kevin osgood
wide awake: short film series,james duke
wide boy,ken hughes
wide boyz,chris alstrin
wide boyz,chris alstrin
wide document: okashima,kaoru umezawa
wide eyed,dayakar padayachee
wide eyed and legless,anthony parker
wide of the mark,chris lovett
wide of the mark,chris walker
wide open,archie mayo
wide open,john grey
wide open,david perry
wide open,mauro ramírez
wide open,fred hibbard
wide open,george duroy
wide open,rick owens
wide open,jasun mark
wide open faces,lloyd bacon
wide open faces,kurt neumann
wide open faces,richard smith
wide open for business,david roma
wide open house,bill ward
wide open marriage,eberhard schröder
wide open spaces,wesley emerson
wide open spaces,jack king
wide open spaces,george jeske
wide open spaces,eddie donnelly
wide open town,lesley selander
wide sargasso sea,john duigan
wide shot-close shot,feras fayyad
wide wide world,dick schneider
wide wide world ii,delbert mann
wide world of entertainment,barry shear
widecombe fair,norman walker
widening the panama canal,craig borders
wideo wabbit,robert mckimson
wider gerstls natur,andreas ruhmland
widerhaken,dietmar buchmann
widerspenstige viktoria,eberhard itzenplitz
widerstand,karin hercher
widerstand,heinz schirk
widerstand in guadeloupe,rolf coulanges
widerstand in haiderland,frederick baker
widerstand in uniform,ingo helm
widerstand und so weiter,werner masten
widespread panic,james burton yockey
widespread panic: live from the georgia theatre athens ga,billy bob thornton
widgeon,norma bailey
widh,shahriar azim
widma,jerzy markuszewski
widow,j. lee thompson
widow,scott howe
widow and the devil,henry barakat
widow by proxy,walter edwards
widow clicquot,thomas napper
widow dance,lee jang-ho
widow detective,davis guggenheim
widow in black,akram lewiz
widow in white,joseph kane
widow maker,jerry jameson
widow malone,j.m. kerrigan
widow of st. pierre,patrice leconte
widow often annie,charles r. rondeau
widow on the evening stage,joseph pevney
widow plus,tsipi reibenbach
widow ship,stanislav mitin
widow warriors,lung-wei wang
widow weep for me,michael a. hoey
widower,aiden marshall
widowmaker,anthony lioi
widowmaker,peter rocca
widowmaker,ron hughart
widows,mathew buck
widows,marcos carnevale
widows,steve mcqueen
widows and orphans,roy battersby
widows merry and otherwise,james burrows
widziadlo,ryszard ber
widziadlo,marek nowicki
wie alles begann,thomas engel
wie alles begann und weitergeht,christopher m. peckham
wie alles begann: part 10,jürgen weber
wie alles begann: part 10,carsten meyer-grohbrügge
wie alles begann: part 6,carsten meyer-grohbrügge
wie alles begann: part 6,jürgen weber
wie alles begann: part 7,jürgen weber
wie alles begann: part 7,carsten meyer-grohbrügge
wie alles begann: part 8,jürgen weber
wie alles begann: part 8,carsten meyer-grohbrügge
wie alles begann: part 9,carsten meyer-grohbrügge
wie alles begann: part 9,jürgen weber
wie andere neger auch,peter heller
wie angelt man sich seine chefin,sophie allet-coche
wie auch wir vergeben,adolf gärtner
wie auf katzenpfoten,wolfgang schleif
wie aus dem gesicht geschnitten,harald sicheritz
wie aus einem schatz ein problem und aus einer zecke eine brille wird,wolfgang glück
wie aus heiterem himmel,jens becker
wie aus weiter ferne,eric oosthoek
wie blumen (like flowers),simon pilarski
wie bubi detektiv wurde,hanna henning
wie damals bei lysistrata,michael pfleghar
wie das leben so spielt,günter stahnke
wie das leben so spielt,matthias glasner
wie das leben so spielt,hermann leitner
wie das leben so spielt,dietrich haugk
wie das leben so spielt,werner dauth
wie das leben spielt,haro senft
wie das schicksal spielt,paul von woringen
wie das zicklein starb,hermann leitner
wie de waarheid zegt moet dood,philo bregstein
wie der euro erfunden wurde,martin walz
wie der maulwurf beinahe in der lotterie gewann,sepp strubel
wie die alten sungen...,klaus grabowsky
wie die alten sungen...,günter reisch
wie die anderen,constantin wulff
wie die bibel heilig wurde,renata schmidtkunz
wie die jungen sungen,georg tressler
wie die jungfrau zum kind,hajo gies
wie die karnickel,sven unterwaldt jr.
wie die kartoffeln in den keller kommen,wolfgang tumler
wie die raben,matthias bittner
wie die ratten,melanie waelde
wie die ratten,wolfgang f. henschel
wie die weltmeister,klaus lemke
wie die wildsau,brigitta dresewski
wie du mir,patrick winczewski
wie du mir - so ich dir,willi schur
wie du mir so ich dir,klaus knoesel
wie du mir so ich dir,kai meyer-ricks
wie du mir so ich dir,frank strecker
wie du mir so ich dir,claus peter witt
wie du mir so ich dir,hans-jürgen tögel
wie du mir so ich dir,claus peter witt
wie du mir so ich dir,wolfgang münstermann
wie du mir...,dagmar damek
wie du und ich,fritz e. maeder
wie dudu nach deutschland kam,hanno krieg
wie durch ein dunkles glas,sigi rothemund
wie een kuil graaft voor een ander,aad van toor
wie een kuil graaft...,jeroen van koningsbrugge
wie ein dieb in der nacht,hans thimig
wie ein dieb in der nacht,axel corti
wie ein ei dem anderen,josh broecker
wie ein ei dem andern,jürgen von alten
wie ein freier vogel,hark bohm
wie ein fremder,lena libertà
wie ein himmelhund verdammter pfeffer,hans-erich viet
wie ein lauffeuer,andreas morell
wie ein licht in der nacht,florian baxmeyer
wie ein stern am himmel,hartmut griesmayr
wie ein strumpf entsteht,gero priemel
wie ein vogel im schwarm,lothar bellag
wie eine spinne im netz,heidi kranz
wie einst diana,klaus knoesel
wie einst im mai,richard schneider-edenkoben
wie einst im mai,willi wolff
wie einst im mai,thomas engel
wie einst lilly,achim von borries
wie er starb,william kahn
wie erwin struntz den sexfilm drehte,zoltan spirandelli
wie es bleibt,johannes disselhoff
wie es bleibt,boris kunz
wie es bleibt,max fey
wie es damals wirklich war,jan ruzicka
wie es geschah,thomas engel
wie eulenspiegel den neunmalweisen rede und antwort steht,theo lingen
wie eulenspiegel ein urteil spricht,theo lingen
wie eulenspiegel zu marburg den landgrafen malte,theo lingen
wie faust auf auge,jan becker
wie feuer und wasser,helmut metzger
wie feuer und wasser,wolfgang münstermann
wie geschwister,jan markus linhof
wie gewonnen - so zerronnen,stefan bartmann
wie gewonnen so zerronnen,hans werner
wie gewonnen...,dominikus probst
wie goed doet goed ontmoet,frits butzelaar
wie gott uns schuf,markus bräutigam
wie herr kottnik 20.000 mark stiftete,rudolf jugert
wie herr kottnik der chefin beistand,rudolf jugert
wie herr kottnik eine geniale entscheidung traf,rudolf jugert
wie herr kottnik einen strohmann kaufte,rudolf jugert
wie herr kottnik erwartungsvoll heimkehrte,rudolf jugert
wie herr kottnik fast in die falle lief,rudolf jugert
wie herr kottnik mit briefmarken handelt,rudolf jugert
wie herr kottnik seinen nebenbuhler ausstach,rudolf jugert
wie herr kottnik sich beziehungen schuf,rudolf jugert
wie herr kottnik spionage betrieb,rudolf jugert
wie het laatst lacht,henk van der linden
wie het laatst lacht heeft gewonnen,john van de rest
wie het laatst lacht...,klaas rusticus
wie hilft man einem zauberer,dieter knust
wie hund und katz,philipp osthus
wie hund und katz,günter meyer
wie hund und katze,wolfgang schleif
wie ich detektiv wurde,joe may
wie ich ermordet wurde,louis ralph
wie ich mit dem thresel auszog und mit dem maischel heimkam,hermann leitner
wie ich vatis auto verborgte,rodica döhnert
wie ihr das macht ist eure sache,claus peter witt
wie im ewigen leben,harald sicheritz
wie im kino,werner masten
wie im paradies oder ein gnadenloser tag im leben des alois b.,bernd fischerauer
wie im schlechten film,christine kabisch
wie in alten zeiten,stefan eduard krenn
wie in alten zeiten,andreas morell
wie in alten zeiten - aus dem leben zweier kino-plakatmaler,michael lentz
wie in schlechten romanen,claus peter witt
wie is de baas,nico knapper
wie is de baas,hans de korte
wie is de mol finaledag 2015,brian op de dijk
wie ist die welt so stille,alain gsponer
wie kommt das meer nach wien,alexander schukoff
wie konnte mir das nur passieren,john olden
wie licht schmeckt,maurus vom scheidt
wie lilli zaubern lernt und 6 richtige hat,michael verhoeven
wie luft zum atmen,ruth olshan
wie magie,andreas morell
wie man aus der kurve fliegt,laura lackmann
wie man auswandert,till franzen
wie man happy times buchstabiert,laura lackmann
wie man in die zeitung kommt,till franzen
wie man karriere macht,wolf-dieter panse
wie man seinen gatten los wird,jirí weiss
wie man sich bettet,wolfgang spier
wie man sich bettet...,richard engel
wie man sich bettet...,lutz konermann
wie man sich feinde macht,olaf götz
wie man sich selbst ein tattoo sticht,stefan bühling
wie man sieht,harun farocki
wie man tanzen lernt,till franzen
wie man wunden pflegt,stefan bühling
wie matrosen,jesper petzke
wie mir der heiland erschienen ist,hermann leitner
wie mir ein licht aufging,wolf dietrich
wie niet weg is is gezien,bobby eerhart
wie nimmt man einem polizisten den helm ab,harun farocki
wie ninette zu ihrem ausgang kam,hans otto
wie pech und schwefel,peter sämann
wie pumphut sich einen fisch angelte,jörg d'bomba
wie pumphut zu seinem namen kam,jörg d'bomba
wie rauch und staub,wolfgang schleif
wie satan starb,otto rippert
wie satan starb,heinz hanus
wie schnee hinter glas,jakob m. erwa
wie schrijft die blijft,hans pos
wie schwefel in der luft,burkhardt wunderlich
wie sie sehen,roman hagenbrock
wie soll man leben wenn man nicht sterben will,rainer werner fassbinder
wie tag und nacht,sibylle tafel
wie tausend sonnen,lothar dutombé
wie van de drie,hans pos
wie von einem andern stern,herbert ballmann
wie von geisterhand,franz xaver bogner
wie war das damals,thomas engel
wie wat waar,wim t. schippers
wie wat waar,ellen jens
wie weg is wordt gezien (hardewijk),stephan brenninkmeijer
wie weit,patrick vollrath
wie wien zur weltstadt wurde,günter kaindlstorfer
wie will ich lustig lachen,manfred blank
wie wir essen,robert schotter
wie wir im mittelalter lebten,saskia weisheit
wie wir im mittelalter lebten,robert wiezorek
wie wird man hollywood star blogger mit angie smalls and kavita vaghashia,prince mario-max schaumburg-lippe
wie zaait...,martin schwab
wie zu hause,marek beles
wiebke,kristof kannegiesser
wieczernik,grzegorz królikiewicz
wiecznie mlodzi,kristoffer rus
wiecznie mlodzi,maciej wojtyszko
wieczny zastepca,zbigniew chmielewski
wieczor sylwestrowy,feridun erol
wieczor we dwoje,maciej wojtyszko
wieder allein,richard huber
wieder auf der spur,günter gräwert
wieder daheim,christa mühl
wieder daheim,joachim hess
wieder daheim,nikolai müllerschön
wieder daheim,holger barthel
wieder daheim,walter bannert
wieder daheim,dominikus probst
wieder dahoam,bernhard helfrich
wieder frei,michael w. driesch
wieder ganz der alte,wolfgang schleif
wieder holung,nana swiczinsky
wieder im amt: der job seines lebens 2,hajo gies
wieder im boot,andreas morell
wieder in wittstock,volker koepp
wieder so ein fieser vollmer-trick,nico zingelmann
wieder vereint,seyhan derin
wieder weg,alan coleman
wieder zehage,volker weicker
wieder zu hause,dominikus probst
wieder zu hause,peter hill
wiederaufnahme des verfahrens und freispruch,robert a. stemmle
wiederbegegnung,georgi kissimov
wiederbelebungsversuche,guido pieters
wiedergeburt,tobi baumann
wiedergeburt,claus peter witt
wiedergefunden,rudolf stiaßny
wiedergefunden,walter schmidthässler
wiedergut,haye van der heyden
wiedergutmachung,özgür yildirim
wiedergutmachung,andreas morell
wiederkehr,volker koepp
wiedersehen,carl lang
wiedersehen,michael ammann
wiedersehen,petr eremin
wiedersehen,vince gilligan
wiedersehen,walter weber
wiedersehen,seyhan derin
wiedersehen am fluss,stefan bartmann
wiedersehen am lido,hermann leitner
wiedersehen auf guernsey,john delbridge
wiedersehen auf raten,franz marischka
wiedersehen in bangkok,hagen müller-stahl
wiedersehen in eriksberg,john delbridge
wiedersehen in hildburghausen,rainer hartleb
wiedersehen in kanada,rolf von sydow
wiedersehen in palma,bettina woernle
wiedersehen in rotterdam,thomas jauch
wiedersehen macht freude,george moorse
wiedersehen macht freude,wolfgang f. henschel
wiedersehen macht freude,manfred mosblech
wiedersehen macht freude,ulli baumann
wiedersehen macht freude,theo mezger
wiedersehen macht freude,frank strecker
wiedersehen mit brundibar,douglas wolfsperger
wiedersehen mit einem fremden,niki stein
wiedersehen mit einer toten,vadim glowna
wiedersehen mit einer toten,lars jessen
wiedersehen mit emma,carsten meyer-grohbrügge
wiedersehen mit eveline,ralf gregan
wiedersehen mit marie,josua zehner
wiedersehen mit marie,jonas bomba
wiedersehensfreude,maria neocleous
wiedervereinigung,wolfgang frank
wiedewiet,paul ruven
wiedling,christian mertens
wiedza sasiedzi gdzie susel siedzi,barbara bartman-czecz
wiedzmin i bestia,krzysztof jaroszynski
wiegel suicide watch,michael patrick jann
wiegenlied,selcuk zvi cara
wiejskie rozrywki,ryszard ber
wielbicielka z warszawy,wojciech adamczyk
wielebni,kazimierz kutz
wielen op asfalt,herman wuyts
wielersport,hugo van den berghe
wielka droga,michal waszynski
wielka kumulacja,krzysztof jaroszynski
wielka magia,maciej englert
wielka promocja,krzysztof jaroszynski
wielka szansa,maciej wojtyszko
wielka szansa,filip zylber
wielka ucieczka: czesc 1,stanislaw kuznik
wielka ucieczka: czesc 1,wojciech adamczyk
wielka ucieczka: czesc 2,wojciech adamczyk
wielka ucieczka: czesc 2,stanislaw kuznik
wielka woda,magdalena lazarkiewicz
wielka wsypa,janusz morgenstern
wielka wsypa,jan lomnicki
wielka wygrana,krzysztof jaroszynski
wielka wyprawa,monika figura
wielka wyprawa,krzysztof rogala
wielkanoc,monika jordan-mlodzianowska
wielkanoc,jan rybkowski
wielkanoc,lukasz kosmicki
wielkanoc,wojciech marczewski
wielki bal,sylwester jakimow
wielki film,maciej slesicki
wielki inkwizytor,adam hanuszkiewicz
wielki mag,ryszard bugajski
wielki powrot,grzegorz królikiewicz
wielki remanent,bartosz kedzierski
wielki swiat,wieslaw saniewski
wielki swiat,witold leszczynski
wielki szmal,rafal sabara
wielki szmal,maciej wojtyszko
wielki tydzien,andrzej wajda
wielki uklad,andrzej jerzy piotrowski
wielkie kazanie ksiedza bernarda,krzysztof jasinski
wielkie manewry,maciej wojtyszko
wielkie marzenia,bartosz konopka
wielkie oczy,jakub z. rucinski
wielkie odkrycie,wojciech adamczyk
wielkie otwarcie,wojciech adamczyk
wielkie polowanie,krzysztof jaroszynski
wielkie porzadki,lucjan dembinski
wielkie powitanie,krzysztof jaroszynski
wielkie rzeczy: gra,krzysztof krauze
wielkie rzeczy: siec,krzysztof krauze
wielkie rzeczy: system,krzysztof krauze
wielkie wybory,wojciech adamczyk
wielkopanskie zabawy,ryszard ber
wielopole wielopole,stanislaw zajaczkowski
wielopole wielopole,tadeusz kantor
wiem kim jestes,janusz morgenstern
wiem kto to zrobil,jan p. matuszynski
wiem ze nic nie wiem,kasia adamik
wien - paris - berlin,kurt wilhelm
wien 17 schumanngasse,hans scheugl
wien 1910,e.w. emo
wien an der spree,rolf von maydell
wien ass hei de chef,govinda van maele
wien du stadt der lieder,richard oswald
wien gegen berlin,günter bartosch
wien im krieg,fritz freisler
wien im krieg,heinz hanus
wien ist anders,franz novotny
wien liegt am meer,gerda lampalzer
wien mitte,peter patzak
wien nach noten,heinz liesendahl
wien und wir im walzertakt,tilo philipp
wien wie es weint und lacht,rudolf dworsky
wien wie es weint und lacht,rudolf walther-fein
wien wien - nur du allein,wolfgang neff
wien: sieben szenen,rainer frimmel
wiener-dog,todd solondz
wiener blut,hermann lanske
wiener blut,pete ariel
wiener blut,pavao stalter
wiener blut,zlatko bourek
wiener brut,hans fädler
wiener brut,wolfgang f. henschel
wiener ecke manteuffel,florian schewe
wiener festwochen 1962 - erstes sonderkonzert der wiener philharmoniker,hermann lanske
wiener glut,pete ariel
wiener herzen,fred sauer
wiener intermezzo,ulrich stark
wiener leut und freud,heinz liesendahl
wiener liebe,michael werlin
wiener liebschaften,robert land
wiener luft,karl leiter
wiener luft,ernst hofbauer
wiener luft,walter kolm-veltée
wiener lust,christian rischert
wiener melodien,theo lingen
wiener melodien,hubert marischka
wiener moderne 1918 - 2018,georg riha
wiener park,adam bernstein
wiener pavillon,hans-dieter schwarze
wiener romanze,hermann leitner
wiener schnitzel,otto ambros
wiener schnitzel,paul löwinger
wiener schnitzel,peter hajek
wiener schnitzel,anton peters
wiener totentanz,walter davy
wiener wald,peter schaeffers
wiener wald,günther schwenn
wiener walzer,kurt junek
wiener walzer,sándor szalkay
wiener wasser,georg riha
wienerbarnet,arne weel
wienerbarnet,a.w. sandberg
wienerinnen,dietrich haugk
wienerinnen,kurt steinwendner
wieners and buns musical,curt mcdowell
wieners and losers,andrew fleming
wieners and losers,sheldon epps
wieners out,trey parker
wienfilm 1896-1976,ernst schmidt jr.
wienminuten,manfred neuwirth
wiera gran,maria zmarz-koczanowicz
wierna rzeka,tadeusz chmielewski
wierna rzeka,leonard buczkowski
wierne blizny,wlodzimierz olszewski
wiernosc,grzegorz królikiewicz
wiersz,andrzej baranski
wierszalin,francesco carrozzini
wiesbaden,rainer bertram
wiesbaden - die kriegsgefangenen,michael kloft
wiesc gminna,wojciech adamczyk
wiesenpieper,hans knötzsch
wiesz jak jest,grzegorz królikiewicz
wiet,pieter kuijpers
wieteke doet een betekenis,nick jongerius
wieteke krijgt een cadeautje,nick jongerius
wieteke organiseert voorrondes voor de walvistocht,nick jongerius
wieviel erde braucht der mensch,peter podehl
wieviel liebe braucht der mensch,michael günther
wieza,agnieszka trzos
wieza babel,jerzy zalewski
wiezien,konrad niewolski
wiezien,okil khamidov
wiezien drugiej ulicy,edward dziewonski
wiezienie,magdalena lazarkiewicz
wiezienna przeszlosc,andrzej kostenko
wiezy krwi,piotr weresniak
wiezy krwi,krzysztof lang
wiezy krwi,jose iglesias vigil
wiezy rodzinne,krzysztof jaroszynski
wife,aaron ruell
wife,bernardo argêncio fernandes
wife,mark pomerville
wife,aleksander hertz
wife,mikio naruse
wife-proof,terry hughes
wife (extended),aaron ruell
wife against wife,whitman bennett
wife and artist,daphne e. davis
wife and auto trouble,dell henderson
wife begins at 40,harold snoad
wife cuckolds loser husband,xev bellringer
wife decoy,harry edwards
wife doctor and nurse,walter lang
wife for a hero,jirí sequens
wife for a night,mario camerini
wife for wife,kenean buel
wife husband and friend,gregory ratoff
wife in a blonde wig,piers haggard
wife in apt c,bill fisher
wife in name only,george terwilliger
wife in sunshine,e.h. calvert
wife in waiting,ahmad galal
wife insurance,jean yarbrough
wife insurance,ron hughart
wife insurance,john aoshima
wife insurance,anthony lioi
wife is out of town,casey neistat
wife killer,richard donner
wife killer,henry s. kesler
wife makes ex jealous with anal,greg lansky
wife mother murderer,mel damski
wife number two,william nigh
wife of a preacherman,stan lathan
wife of a romantic scholar,tian-lin wang
wife of general ling,ladislao vajda
wife or country,e. mason hopper
wife savers,ralph ceder
wife shy,william watson
wife sucks your boss off,xev bellringer
wife swap,dick bush
wife swap,tyler perry
wife swap,sandie caine
wife swap: part 1,dennis dugan
wife swap: part 2,dennis dugan
wife swappers,paul thomas
wife swapping,marc cushman
wife taker,paul thomas
wife tamers,james w. horne
wife tames wolf,hal yates
wife the weaker vessel,frank wilson
wife to be molested,shûji kataoka
wife to be sacrificed,masaru konuma
wife to spare,edward bernds
wife trouble,wallace macdonald
wife trouble,ralph levy
wife unto caesar,albert mccleery
wife vs. secretary,clarence brown
wife vs. secretary,allen baron
wife vs. secretary,james v. kern
wife wanted,phil karlson
wife wanted,henry otto
wife wanted,jean yarbrough
wife wanted,wallace mccutcheon
wife with mikey,ted wass
wifemistress,angelino fons
wifemistress,marco vicario
wifey,lindzi scharf
wifey,reginald hudlin
wiffle,brent primus
wiffle ball,jim ford
wiffle ball,david seth cohen
wiffle ball fail,gregory burke
wifi,sakhat dursunov
wifi connection,alfonso díaz
wifi down,kai krösche
wifi proof underwear,nash bozard
wifredo lam,humberto solás
wig,christine gernon
wig,todd holland
wig,darrol blake
wig-wag,sam white
wig and buttons,alf collins
wig shop,kat coiro
wig wag,laurence trimble
wigald,timon modersohn
wigald boning,felix stienz
wiggers,nathan marshall
wigging out,steven calcote
wigging out,bry thomas sanders
wigging out,kim fields
wigging out with a perfect circle,jeremy danger
wiggle,hiroshi hamasaki
wiggle,takayuki hirao
wiggle talk,anthony field
wiggle your ears,robert f. mcgowan
wiggly,giuseppe andrews
wiggly picnic,anthony field
wiggly radio,anthony field
wiggly walk,anthony field
wiggly yoga,anthony field
wiggs takes the rest cure,francis j. grandon
wights in paradise,rico diogo mahel
wigilia,leszek wosiewicz
wigilia,malgorzata kopernik
wigs,andy cadiff
wigs,bill hitchcock
wigs and heat styling,vera wylde
wigstock: the movie,tom rubnitz
wigwam squaw,benjamin charles
wigwam squaw,benjamin charles
wigwam squaw: armchair,benjamin charles
wigwam squaw: eye,benjamin charles
wigwam squaw: intro,benjamin charles
wigwam squaw: nfm,benjamin charles
wigwam squaw: set you on fire,benjamin charles
wigwam whoopee,izzy sparber
wih massive blood drive anthem 2017,jill gevargizian
wih massive blood drive anthem 2017,maude michaud
wih massive blood drive psa 2016,veronica hampson
wih massive blood drive psa 2016,jill gevargizian
wih massive blood drive psa 2016 (blood drive for hilter),sylvia soska
wih massive blood drive psa 2016 (blood drive for hilter),jen soska
wih massive blood drive psa twinpool,jen soska
wih massive blood drive psa twinpool,sylvia soska
wii boxen,tobi baumann
wii car adaptor and travel pack,mike matei
wii dilemma,ben giroux
wii music,fraser agar
wii u holiday 2015,art spigel
wiipurin nopeat,ilkka vanne
wiipurini,eeli aalto
wiisikko jakaa valistusta,hector
wiisikko kohtaa kinkun,hector
wiisikko ottaa kantaa,hector
wiisikko ottaa pohjat,hector
wiisikko paljastaa kaiken,hector
wiisikko tanssii ja soi,hector
wiisikon valitut,hector
wij europeanen,freddy coppens
wij houden zo van julio,ramón gieling
wij springen hoog wij springen laag,lode hendrickx
wij zijn piraten,bas van toor
wijk bij duurstede,rudolf spoor
wijn,tom roes
wijn,nico knapper
wijnproeven,will koopman
wijntje derbij,hans de korte
wijster,paula van der oest
wijze lessen uit het midden-oosten,marije meerman
wiki ki farewell party,nidhi bisht
wiki tiki,tim hodge
wiki to the rescue,arthur h. nadel
wikinger und indianer,andi niessner
wikipedia jones and the case of the brewery tour,stefan hayek
wikipedija poje,klemen dvornik
wikus and charlize,sharlto copley
wil,sander burger
wil anderson: wilosophy,ted robinson
wil en dank,ellen jens
wil en dank,wim t. schippers
wilaneh,elie f. habib
wilaya,pedro pérez rosado
wilbert zarco - new york,antonello novellino
wilbur and ed in show biz,arthur lubin
wilbur and the baby factory,tom mcgowan
wilbur falls,juliane hiam
wilbur post honorary horse,arthur lubin
wilbur sells ed,arthur lubin
wilbur the good samaritan,arthur lubin
wilbur the lion,george pal
wilbur the masher,arthur lubin
wilby wonderful,daniel macivor
wilcox vs. oliver,arthur bergel
wilcze doly,andrzej konic
wilcze echa,aleksander scibor-rylski
wilczur,mateusz kudla
wilczy bilet,antoni bohdziewicz
wild,andrew blake
wild,michel ancel
wild,marcel perez
wild,hana kukal
wild,ross gibson
wild,georg fenady
wild,jean-marc vallée
wild,john mckay
wild,ian gilmour
wild,dennis berry
wild,nicolette krebitz
wild,andrew chaplin
wild-grown city,ville suhonen
wild-west,walter lantz
wild 7,eiichirô hasumi
wild 9,robert wright
wild 90,norman mailer
wild about harry,simon wincer
wild about harry,john reardon
wild about harry,gilbert m. shilton
wild about hurry,chuck jones
wild about safety: timon and pumbaa safety smart on the go,dave bossert
wild accusations,mervyn cumming
wild adventure,don richardson
wild adventures,john walton
wild adventures,antonio adamo
wild alaskan salmon,liz friedlander
wild america,william dear
wild and bully,milton schwarzwald
wild and the poster child,lauren meyering
wild and western,al christie
wild and wicked,gregory la cava
wild and wicked 5,jim enright
wild and willie,scott sidney
wild and wonderful,michael anderson
wild and woolfy,tex avery
wild and woolly,charles dorian
wild and woolly,alfred l. werker
wild and woolly,walter lantz
wild and woolly,william nolan
wild and woolly,john emerson
wild and woolly hare,friz freleng
wild and woolly women,roy clements
wild and wooly,john tansey
wild and wooly,philip leacock
wild and woozy,harold beaudine
wild animals,kim ki-duk
wild animals at yellowstone,william l. finley
wild animals domesticated humans,danny ledonne
wild assed pooper slut,alex de renzy
wild at heart,dominic brigstocke
wild at heart,fan ho
wild at heart,henri pachard
wild at heart,david lynch
wild attraction,alessandro perrella
wild australia: the edge,john weiley
wild babies,raymond l. ditmars
wild bananas on butt row,joey silvera
wild barbarian,sheldon bailey
wild beasts,jirí weiss
wild beasts,ryan stockstad
wild beasts at large,frederick a. thomson
wild beauty,henry macrae
wild beauty,wallace fox
wild berries,miwa nishikawa
wild bill,richard smith
wild bill,walter hill
wild bill,dexter fletcher
wild bill,oliver crocker
wild bill,mathew buck
wild bill hiccup,paul j. smith
wild bill hickok,clifford smith
wild bill hickok - the legend and the man,buzz kulik
wild bill hickok rides,ray enright
wild birds and animals at home,william l. finley
wild birds at home,cherry kearton
wild birds: the videos,peter care
wild blood,william garwood
wild blood,marco tullio giordana
wild blood,henry macrae
wild blue yonder,jerry paris
wild blue yonder,gerald potterton
wild born,edward gordon
wild boy,ian dalgleish
wild boy,george mccowan
wild boy,stefan jung
wild boy,albert de courville
wild boys,javier elorrieta
wild boys of the road,william a. wellman
wild breed,jim enright
wild brian kent,howard bretherton
wild buck,jeff stryker
wild bull,robert douglas
wild bull of the pampas,peter baldwin
wild burros of the west,milas c. hinshaw
wild butterfly escape,t.j. shanks
wild cactus,jag mundhra
wild call,roy kellino
wild card,greg beeman
wild card,allison liddi-brown
wild card,bruce gowers
wild card,richard bramall
wild card,terry winsor
wild card,mel damski
wild card,simon west
wild card,jesús salvador treviño
wild card,alan myerson
wild card,shiri appleby
wild card,simon fuller
wild card,bert de leon
wild card round 1,bruce gowers
wild cards,michael schultz
wild cards,gary dean orona
wild cards based on simone elkeles books,dean bushala
wild cargo,armand denis
wild cargo,earl bellamy
wild cats,greg steel
wild cats,brad armstrong
wild cats 3d with kevin richardson,ben stassen
wild cherries,pat myne
wild cherries 2,pat myne
wild cherries 3,pat myne
wild cherry,minoru inao
wild chicks,ralph long
wild child,bill nunes
wild child,peter rowe
wild child,chuck sheetz
wild child,paul hoen
wild child,ellen gittelsohn
wild city,james ponsoldt
wild city,ringo lam
wild colombia,nigel marven
wild combination: a portrait of arthur russell,matt wolf
wild company,leo mccarey
wild country,craig strachan
wild country,hisayuki toriumi
wild country,ray taylor
wild country: part 1,robert totten
wild country: part 2,robert totten
wild dance of the catsith,yoshiyuki tomino
wild dances,bina bhattacharya
wild decembers,anthony byrne
wild desire,khairy beshara
wild desire,enver burçkin
wild desire,ivan nagy
wild dog of the tetons,james b. clark
wild dogs,arnon zadok
wild duck,yannis sakaridis
wild east,joe d'amato
wild elephinks,dave fleischer
wild expectations,rené araneda
wild eyes,kaija juurikkala
wild eyes: the abby sunderland story,laurence sunderland
wild field,mikheil kalatozishvili
wild fire,phil paul call
wild flower,emilio fernández
wild flower,yu sun
wild flower,justin chadwick
wild flowers,f.a. brabec
wild flowers,vadim lysenko
wild flowers,robert smith
wild flowers,niels gråbøl
wild flowers: women of south lebanon,jean khalil chamoun
wild for kicks,edmond t. gréville
wild for the night,spike phoenix
wild fowl nurseries of southern oregon,william l. finley
wild fruit,hervé bromberger
wild gals of the naked west,russ meyer
wild game,norman taurog
wild games,benoît lamy
wild geese,phil goldstone
wild geese,richard goode
wild geese,susan jacobson
wild geese calling,john brahm
wild geese ii,peter r. hunt
wild geraas,roy dames
wild girl,chung sun
wild girl,raoul walsh
wild girls,art clokey
wild girls gone,john ennis
wild girls gone trailer,john ennis
wild girls of porn: naked and exposed,marc cushman
wild goats and sheep,raymond l. ditmars
wild gold,george marshall
wild goose,brian parker
wild goose chase,john stagliano
wild goose chase,vernon sewell
wild grass,alain resnais
wild green yonder,john english
wild grinder style,rodrigo amador
wild grizzly,sean mcnamara
wild guitar,ray dennis steckler
wild guitar,brad jones
wild gunman,gunpei yokoi
wild gunman,craig baldwin
wild guns,derek alexander
wild gypsies,marc b. ray
wild haggis,joão nicolau
wild hare scare,jerry hathcock
wild harvest,jerry a. baerwitz
wild harvest,renny rye
wild harvest,tay garnett
wild heart,jack couffer
wild heart,terry leonard
wild hearts,sunny moodie
wild hearts,steve boyum
wild heather,cecil m. hepworth
wild heritage,charles f. haas
wild hog invasion,brady barr
wild hogs,walt becker
wild honey,wesley ruggles
wild honey,vladimir chebotaryov
wild honey,francis j. grandon
wild honey,don edmonds
wild horse,richard thorpe
wild horse,sidney algier
wild horse ambush,fred c. brannon
wild horse canyon,robert f. hill
wild horse canyon,ben f. wilson
wild horse hank,eric till
wild horse mesa,george b. seitz
wild horse mesa,henry hathaway
wild horse mesa,wallace grissell
wild horse phantom,sam newfield
wild horse range,raymond k. johnson
wild horse rodeo,george sherman
wild horse round-up,alan james
wild horse rustlers,sam newfield
wild horse stampede,alan james
wild horse valley,ira webb
wild horses,stuart gillard
wild horses,rose harlean
wild horses,dick lowry
wild horses,robert duvall
wild horses,derek morton
wild horses,soleil moon frye
wild horses,shin'ichirô watanabe
wild horses,marcelo piñeyro
wild horses,meeno peluce
wild horses,bill viola
wild horses,matt sterling
wild horses,grant harvey
wild horses,bobby roth
wild horses of mongolia with julia roberts,nigel cole
wild horses of pala,john english
wild horstachios,ezekiel norton
wild in motion,paul norman
wild in the country,philip dunne
wild in the streets,barry shear
wild innocence,ken g. hall
wild innocence,paul norman
wild innocence,philippe garrel
wild innocents,john christopher
wild inside,david stanley
wild iris,daniel petrie
wild is love,stan harris
wild is my love,richard hilliard
wild is the wind,george cukor
wild island,sean basinger
wild ist der weste(r)n,harald pokieser
wild it up,joel zwick
wild jim reformer,frank cooley
wild jokes in the classroom,ilias mylonakos
wild journey,harry harris
wild justice,charles crichton
wild justice,dennis abey
wild justice,peter cotes
wild justice,brian grant
wild justice,graeme harper
wild justice,chester m. franklin
wild justice,tony wharmby
wild justice,hettie macdonald
wild justice,paul turner
wild kids,kôichi ôhata
wild kingdom,john pasquin
wild kingdom,spencer maybee
wild kurdistan,franz josef gottlieb
wild laughter in the throat of death,richard boden
wild league,andrey bogatyrev
wild life,henry otto
wild life,martin taras
wild life,cédric kahn
wild life,wendy tilby
wild life,tôru kawashima
wild life,shinji aoyama
wild life,graeme campbell
wild life,charles haid
wild life and christmas belles,william sterling
wild life in india,s. sukhdev
wild life in london,bill morton
wild lilies,ebrahim forouzesh
wild lion of owari,toshikazu kôno
wild lions and ferocious cheese,william watson
wild love,memduh ün
wild love,mauro bolognini
wild man,geoff murphy
wild man,fred j. lincoln
wild man blues,barbara kopple
wild man for a day,jerold t. hevener
wild man from borneo,geoff murphy
wild man of the jungle,don mcdougall
wild mangoes,alvin ganzer
wild minds never learn,ethan felizzari-castillo
wild money,louis king
wild mountain thyme,john patrick shanley
wild mouse,josef hader
wild mussels,erik de bruyn
wild mustang,harry l. fraser
wild nature survivor guy,kevin clash
wild nature survivor guy,joey mazzarino
wild night in el reno,george kuchar
wild nights,lynn shelton
wild nights are calling,allan arkush
wild nothing,brandon calvillo
wild oats,andy tennant
wild oats,c.j. williams
wild oats,ron jeremy
wild oats,sandy johnson
wild oats,nic phillips
wild oats,harold weston
wild oats,campbell gollan
wild oats lane,marshall neilan
wild ocean,steve mcnicholas
wild ocean,luke cresswell
wild on sex,jewel de'nyle
wild on sex 2,jewel de'nyle
wild on the beach,maury dexter
wild ones,joyce chopra
wild onions,adam arkin
wild oranges,king vidor
wild orchid,zalman king
wild orchid ii: two shades of blue,zalman king
wild orchids,sidney franklin
wild outlaw,chuck sheetz
wild outtakes,donald a. davis
wild over you,chuck jones
wild oysters,charles r. bowers
wild papa,nicholas t. barrows
wild papa,j.a. howe
wild party,lesley selander
wild party,eugène lourié
wild passions,stelios tatasopoulos
wild pat,charles kent
wild people,ray mccarey
wild pigeon,sergey solovyov
wild planet,tom rowe
wild plants,nicolas humbert
wild poppy,paul thomas
wild poses,robert f. mcgowan
wild primrose,frederick a. thomson
wild puppies,clyde carruth
wild ralph hiccup,jim hiltz
wild rapture,jacques dupont
wild rebel,wolf morrison
wild rebels,jim mallon
wild reeds,andré téchiné
wild ride,fred j. lincoln
wild ride,nick gomez
wild ride,hisayuki toriumi
wild rider ltd.,franz-josef spieker
wild rio,christian baumeister
wild rivals,william nolan
wild river,elia kazan
wild romance,jean van de velde
wild roomies,mitch spinelli
wild roomies,oliver robins
wild roots of love,jacques r. villa
wild rose,yu sun
wild rose,tom harper
wild roses,angelos provelengios
wild roses tender roses,emir kusturica
wild rovers,blake edwards
wild safari 3d,ben stassen
wild santacon 2015 in nyc,casey neistat
wild search,ringo lam
wild season,emil nofal
wild seed,brian g. hutton
wild seven,james m. hausler
wild sex of the children of the night,levi salgado
wild side,nijole kuzmickas
wild side,sébastien lifshitz
wild side,robby d.
wild side,donald cammell
wild side,milton ingley
wild side,skeeter kerkove
wild side 2,skeeter kerkove
wild ski trip,doug bresler
wild skis,dick barrymore
wild slovakia,jan haft
wild stallion,herbert b. swope jr.
wild stallion,lewis d. collins
wild stallions,bruce labruce
wild streak,paul barresi
wild sumac,william v. mong
wild sunflowers,thomas griffith
wild swans,mischa scorer
wild sweet orange,andrew nuno
wild sync,rick hancox
wild tales,damián szifron
wild tango,marcelo piñeyro
wild target,jonathan lynn
wild texas wind,joan tewkesbury
wild thing,mike girard
wild thing,johannes richard voelkel
wild thing,matthew bellamy
wild thing,félix enríquez alcalá
wild thing,jérôme de missolz
wild thing,john strysik
wild thing,brad armstrong
wild thing: a poem by sapphire,cheryl dunye
wild things,gary wales
wild things,lee lochhead
wild things,john polson
wild things,alex de renzy
wild things,john mcnaughton
wild things 2,mike jeavons
wild things 3,mike jeavons
wild things 3,john t. bone
wild things 4,fred j. lincoln
wild things foursome,mike jeavons
wild things waking,jennifer dimarco
wild tides,po-shun lu
wild times in the wildwood,chuck sheetz
wild to go,robert de lacey
wild track,gene nelson
wild turkey,judy pioli
wild uganda,harald pokieser
wild und treu,thomas nikel
wild und wilderer geschichten,thomas nikel
wild vacation,bruce labruce
wild view: a journey to a wondrous world,christian munoz-donoso
wild wallops,william beaudine
wild water,peter rowe
wild water champions,andré de la varre
wild waters,william berke
wild waves,glen lambert
wild waves,pierre woodman
wild waves,stephen roberts
wild waves and angry woman,bud fisher
wild waves and women,frank griffin
wild weather season,peter rowe
wild weed,sam newfield
wild weekend,bruce seven
wild west,asif kapadia
wild west,robert f. hill
wild west,david attwood
wild west,richard whorf
wild west,robert emmett tansey
wild west,andrew ahn
wild west c.o.w. boys of moo mesa,doug walker
wild west caramel,mark woollard
wild west days,clifford smith
wild west days,ford beebe
wild west fever,bruce gowers
wild west love,walter wright
wild west peril,william hanna
wild west peril,joseph barbera
wild west romance,r.l. hough
wild west story,börje nyberg
wild west train heist,matt raub
wild west train heist,matt raub
wild west whoopee,robert j. horner
wild wheels,harrod blank
wild white horse,wesley barry
wild widow,roy karch
wild wife,robert mckimson
wild wild ants,joseph barbera
wild wild ants,william hanna
wild wild pest,jonathan haug
wild wild susan,a. edward sutherland
wild wild wake,gene reynolds
wild wild west,davy mourier
wild wild west,charles siebert
wild wild west,max clendaniel
wild wild west,lindsay ellis
wild wild west,doug walker
wild wild west,grover jones
wild wild west,barry sonnenfeld
wild wild west coast: part 1,guido verweyen
wild wild west coast: part 2,guido verweyen
wild wild west spectacular,bobcat goldthwait
wild wild winter,lennie weinrib
wild wild wolverine,dean bushala
wild wild women,g.b. lupino
wild wild women,craig haffner
wild wild women,harry williams
wild wild wong,herminio 'butch' bautista
wild wild world,robert mckimson
wild will,alan king
wild wind,pattabhi rama reddy
wild wind,aleksandar petkovic
wild wind,valeriu jereghi
wild wings,patrick carey
wild wings,john taylor
wild winters night,dwight hemion
wild witch,kaspar munk
wild women,don taylor
wild women,ralph whiting
wild women,norman dawn
wild women,john ford
wild women - gentle beasts,anka schmid
wild women and tame lions,william campbell
wild women of borneo,charles diltz
wild works,jan svatos
wild youth,george melford
wild youth,john f. schreyer
wild zone,percival rubens
wild zwijn,willem baptist
wildboy,jack regas
wildcard,david t. guest
wildcat,frank mcdonald
wildcat,mark polonia
wildcat,john polonia
wildcat,parviz khatibi
wildcat,william slater
wildcat bus,frank woodruff
wildcat comic con 2013,paul sanders
wildcat jordan,alfred santell
wildcat of bombay,mohan dayaram bhavnani
wildcat saunders,harry l. fraser
wildcat trooper,elmer clifton
wildcat valley,charles lamont
wildcat willie,arvid e. gillstrom
wildcats,rachel puchkoff
wildcats,michael ritchie
wilddiebe,karl leiter
wilddiebe in den bergen,werner klingler
wilde,brian gilbert
wilde babies,michael kehlmann
wilde ehe,kathrin feistl
wilde ehen,artur berger
wilde engel,olaf götz
wilde engel,sigi rothemund
wilde hunde,thomas nennstiel
wilde jagd,andreas drost
wilde jeugd,tone brulin
wilde jungen,andrew hull
wilde katzen,günter stahnke
wilde meiden,nico knapper
wilde miezen - katzen allein unterwegs,martina treusch
wilde nacht mit mond,alexander kluge
wilde paarden,luc philips
wilde palms,buck adams
wilde pferde auf hillesund,martin gies
wilde schweiz,sigurd tesche
wilde stories: the devoted friend,maurice joyce
wilde stories: the nightingale and the rose,maurice joyce
wilde tiere,stefan bartmann
wilde trauer,peter wekwerth
wilde wasser,klaus gendries
wilde wasser,harald reinl
wilde wasser,felix herzogenrath
wilde wasser,guzzi lantschner
wilde wasser,rudolf schündler
wilde wereld: van pool tot evenaar,bart de pauw
wilde west,clara østø
wilde(r)mann,roswitha ziegler
wildebeest,nicolas keppens
wildebeest,ant blades
wildenranna,alice agneskirchner
wildentiere,katrin seybold
wildentiere,gerd conradt
wilder and wilder,maury dexter
wilder days,david mickey evans
wilder hafen ehe,oliver dommenget
wilder hibiskus,zbynek brynych
wilder majoran,kristian kühn
wilder napalm,glenn gordon caron
wilder penfield,richard ciupka
wilder taifun,carsten meyer-grohbrügge
wilder than usual blue yonder,ray patterson
wilder thymian,gero erhardt
wilder urlaub,franz schnyder
wilder westen,freddie röckenhaus
wilder westerwald,bernd löhr
wilderer,carl lang
wildererleben,bert breit
wilderness,m.j. bassett
wilderness,cameron mccasland
wilderness,john craig howells
wilderness,david alexander
wilderness,mohammad ali talebi
wilderness journey,ford beebe jr.
wilderness of monkeys,chloe gibson
wilderness outcry,bryan kreutz
wilderness photographer,francis chapman
wilderness trace,alan crosland jr.
wilderness treasure,bill mason
wilderness weekend,tom trbovich
wildernessa,stu livingston
wildernessa,eddy houchins
wildes berlin,roland gockel
wildes berlin,rosie koch
wildes blut,emmerich hanus
wildes herz,charly hübner
wildes istanbul,kurt mayer
wildes venedig,klaus steindl
wildest dreams,david maloney
wildest dreams,chuck vincent
wildest dreams,paulette randall
wildfeuer,max neufeld
wildfeuer,jo baier
wildfire,zalman king
wildfire,t. hayes hunter
wildfire,ernest r. dickerson
wildfire,robert emmett tansey
wildfire,naoko yamada
wildfire,james sheldon
wildfire,yasuhiro takemoto
wildfire,ian gilmour
wildfire,edwin middleton
wildfire,frank orsatti
wildfire,vincent mceveety
wildfire spreads like wildfire,timothy a. bennett
wildfire: feel the heat,mike slee
wildfire: king of the horses,don lusk
wildfire: king of the horses,ray patterson
wildfires: a california disaster,jesse barrett-mills
wildflower,warwick buckland
wildflower,diane keaton
wildflower,allan dwan
wildflower,cansu boguslu
wildflower,david michael latt
wildflower,bud lee
wildflower in the storm,tsun-shou sung
wildflowers,rege lewis
wildflowers,mark lammerding
wildflowers of manitoba,noam gonick
wildflowers of western australia,ivor bowen
wildheart,henri pachard
wilding,eric louzil
wildlife,adolfo alix jr.
wildlife,charles e. bastien
wildlife,paul dano
wildlife,kelly holland
wildlife caught on tape,michel viotte
wildlife in the rockies,william h. carrick
wildlife of the rocky mountains,william h. carrick
wildlifeless,brock h. brown
wildlips,cloyd robinson
wildly available,michael nolin
wildmen,morten haslerud
wildness of youth,ivan abramson
wildnis,bruno ziener
wildnis im schatten des tourismus,martina treusch
wildorado,andrás vágvölgyi b.
wildrose,john hanson
wildside,simon staho
wildside,christopher rage
wildtiere im agrarland,kurt mündl
wildtrack,daniel zirilli
wildvogel,johannes meyer
wildwasser,ulrich könig
wildwechsel,maria-anna rimpfl
wildwechsel,michael mackenroth
wildwechsel,dieter berner
wildwest in oberbayern,ferdinand dörfler
wildwood,travis knight
wileul bogo geodga,kim ki-duk
wilfried,rudi dolezal
wilfried hiller - vom klang der sterne,benedict mirow
wilful destruction,max varnel
wilful neglect,don leaver
wilful neglect,jeremy summers
wilful peggy,d.w. griffith
wilful willie,connie rasinski
wilful youth,dallas m. fitzgerald
wilhelm busch - die trickfilm-parade: max und moritz und andere streiche,hermann leitner
wilhelm der eroberer,rudolf jugert
wilhelm faller,adalbert plica
wilhelm ii. und das ende eines imperiums,cassian von salomon
wilhelm meisters lehrjahre,michael mrakitsch
wilhelm pieck,gerhard jentsch
wilhelm pieck - sohn seines volkes,wolfgang bartsch
wilhelm tell,claus peymann
wilhelm tell,rudolf walther-fein
wilhelm tell,alfred stöger
wilhelm tell,karl vibach
wilhelm tell,rudolf dworsky
wilhelm tell,kurt gloor
wilhelm tell,ettore cella
wilhelm von kobell,hans-jürgen syberberg
wilhelms heimkehr,michael werlin
wilhelmsburger freitag,egon monk
wilhemine,joseph oriolo
wilk,bronislaw zeman
wilki i owce,stanislaw zajaczkowski
wilki w nocy,gustaw holoubek
will,greg yaitanes
will,johnny k. wu
will,david delayat
will,wilson p.y. lau
will,e.w. swackhamer
will,stan vanderbeek
will,devon lyon
will,si dunn
will,gary ross
will,jessie maple
will-o-the-wisp isle murder case: file 1,daisuke nishio
will-o-the-wisp isle murder case: file 2,daisuke nishio
will-o-the-wisp isle murder case: file 3,daisuke nishio
will-o-the-wisp isle murder case: file 4,daisuke nishio
will and testament,manuel dixen
will and the worry dolls,max clendaniel
will at the wheel,mark woollard
will banner,walter grauman
will barratt,adam green
will be around,alan rafkin
will do mousework,seymour kneitel
will evans harnessing a horse,frank wilson
will everyone who believes in terry dunne please applaud,alex march
will ferrell,scott aukerman
will ferrell and kevin hart hit the streets at sxsw,etan cohen
will ferrell saves this show,matt porter
will forte,jefferson dutton
will forte plays sock or hat,will hines
will gets a job,ellen gittelsohn
will gets a right-hand man,leslie h. martinson
will goes to washington,hollingsworth morse
will goldfarb,brian mcginn
will he live or will he die: walter hill on southern comfort,robert fischer
will hoge,james burton yockey
will is arrested,christopher barry
will is made a slave,bob blagden
will jade be believable in pretending to be yuan,francis xavier pasion
will joel still pursue the wedding with osang after hearing the news,frasco mortiz
will kochen,dietrich limpert
will not end here,vinko bresan
will of god,afam okereke
will of god 2,afam okereke
will of iron,david chiang
will of the universe,dmitri mikhleyev
will of tycoon,takuya igarashi
will of tycoon,yasuomi umetsu
will on ice,james burrows
will osborne and his orchestra,roy mack
will osborne and his orchestra,roy mack
will penny,tom gries
will power,don scardino
will power,arthur ripley
will power,buzz kulik
will power,larry hagman
will power,noburô ôfuji
will power,bill foster
will power,phillips smalley
will rogers,alan landsburg
will scarlet,ralph smart
will smith,pablo motos
will smith kermit the frog and pacific code,chris weatherhead
will smith was a rapper once,lindsay ellis
will smith y jaden smith,pablo motos
will the circle be unbroken,david moessinger
will the last trucker leaving charlotte please turn out the lights,ernest pintoff
will the nearest alien please come in,alan j.w. bell
will the real captain try to stand up,charles r. rondeau
will the real dolla...,ralph farquhar
will the real dr. howser please stand up,ken frankel
will the real jack tripper...,bill hobin
will the real jack tripper...,michael ross
will the real mica sloan please stand up,sam pinnelas
will the real prince please get lost,marvin j. chomsky
will the real sid abbott please stand up,william g. stewart
will to conquer,seiji maruyama
will to dance,joshua faudem
will to die,carl monson
will to live,christopher barry
will to live,kaneto shindô
will to win: part 1,leigh spence
will to win: part 2,leigh spence
will trash book spa,jason winer
will trust and sex tapes,moosie drier
will tura hoop doet leven,dominique deruddere
will work for coffee,allisyn snyder
will work for dick,terry hughes
will works out,james burrows
will wu at citywalk with hollywood insider magazine,edmond choi
will ye no come back again,bill bain
will you be there,bentley kyle evans
will you come a little closer,kim mills
will you go a courting,geoffrey nottage
will you love me tomorrow,adrian shergold
will you marry me,maryo j. de los reyes
will you walk into my parlour,geoffrey hughes
will you...,robert gaston
will: the autobiography of g. gordon liddy,robert lieberman
willa,joan darling
willa,corey mayne
willa,helena hufnagel
willa,daniel ruczko
willa,claudio guzmán
willa szczescia,jacek gasiorowski
willa: an american snow white,tom davenport
willard,glen morgan
willard,matthew cook
willard,daniel mann
willard haselbush city editor of the denver post,david lowell rich
willard junior,chris leavens
wille und werk,werner hochbaum
willed to kill,philippe gagnon
willem dafoe,pablo motos
willem dafoe,john lurie
willem de kooning,anand tucker
willem de kooning the painter,paul falkenberg
willem de kooning the painter,hans namuth
willem de kooning: artist,robert snyder
willem en mick wonen alleen,mijke de jong
willem gaat in een band,mijke de jong
willem i der nederlanden,mike warmels
willem van oranje,jan teunissen
willem van oranje,mike warmels
willem van saeftinghe,mark liebrecht
willemijn en tessa,mike warmels
willempie,cecilia verheyden
willen julie naakt,job gosschalk
willenbrock,andreas dresen
willenlos,christoph stark
willesden suite,francis megahy
willful ambrose,david kirkland
willful blindness,kelli williams
willful blindness,james higginson
willful infringement,greg hittelman
willi,dieter wedel
willi,peter wekwerth
willi - ein aussteiger steigt ein,wolfgang luderer
willi baumeister,ottomar domnick
willi forst,dieter o. holzinger
willi manages the whole thing,werner jacobs
willi tobler and the decline of the 6th fleet,alexander kluge
willi und die gangster,ralf gregan
willi und die windzors,hape kerkeling
willi winzig,hans müller
william,joris van den berg
william,matthew w.f. senior
william,brandon walz
william,grant harvey
william,david duchovny
william and charie,ricky davao
william and dorothy,ken russell
william and kate: inside the royal wedding,bruce burgess
william and mary,marc daniels
william and mary,richard martin
william and mary,donald mcwhinnie
william and the badminton racket,john davies
william and the begging letter,john davies
william and the great actor,david giles
william and the prize pig,john davies
william and the sleeping major,john davies
william and the tramp,john davies
william and the wonderful present,john davies
william at the garden party,john davies
william beckford em portugal,antónio escudeiro
william bendix,franklin heller
william bendix,franklin heller
william bendix,selwyn touber
william bendix (2),franklin heller
william bendix (3),franklin heller
william blake,giuseppe cristiano
william blake,colin clark
william bligh,john croyston
william buys a parrot,antony balch
william carlos williams,richard p. rogers
william cavendish esquire iii,dave r. watkins
william clears the slums,john davies
william comes to town,val guest
william conrad,andré charpak
william conrad,bill foster
william conrad and peggy lee,dave powers
william conrad and the jackson 5,dave powers
william cullen bryant,james a. fitzpatrick
william desmond taylor and mary miles minter,laurent preyale
william dobson: the lost genius of british art,waldemar januszczak
william eggleston in the real world,michael almereyda
william eggleston: musik,rick alverson
william f. buckley jr.,mark warren
william f. buckley jr. looks forward with barry goldwater on politics etc.,warren steibel
william f. buckley jr. malcolm muggeridge and the world,christopher hodson
william farnum in a liberty loan appeal,frank lloyd
william faulkner und jefferson,thomas schamoni
william fichtner has a man cave,andy signore
william finds a job,john davies
william frawley,paul alter
william froste,michael leavy
william goldman,terry sanders
william graves: the springfield leader and press of missouri,dick schneider
william gruff,pierre taisne
william hart wainwright,peter smith
william hartnell: the original,ian smith
william hays: me and the censorship,laurent preyale
william hohenzollern sausage maker,bud fisher
william holden sterling hayden frederick forsyth gordon cooper john peer nugent,dick carson
william holden: the golden boy,gene feldman
william holds the stage,john davies
william holds the stage,paul seed
william kennedy: registrar pajaronian,leonard valenta
william kentridge triumphs and laments,giovanni troilo
william kentridge: anything is possible,susan sollins
william kidd,david cahill
william klein,william klein
william klein aux grands magasins,william klein
william klein aux grands magasins,hubert knapp
william levy: beyond criticism,malcolm hart
william lyon mackenzie: a friend to his country,julian biggs
william martin,richard jordan
william mckinley at canton ohio,william k.l. dickson
william palcy,rachid bouchareb
william randolph hearst and marion davies,laurent preyale
william ratcliff,heinz hanus
william s. burroughs: commissioner of sewers,klaus maeck
william shakespare - kral lear,okan uysaler
william shakespeare,vefik hadzismajlovic
william shakespeare needs more gay,kyle kallgren
william shakespeare: the movie,sam raimi
william shatner: bohemian rhapsody,robert dahlem
william southgate,peter coates
william tecumseh sherman: total war,kevin r. hershberger
william tell,viggo larsen
william tell,ugo falena
william tell,friedrich feher
william tell,william nolan
william tell,michal waszynski
william tell,karl hartl
william tell,david butler
william tell,james burrows
william tell,lucien nonguet
william tell,emil harder
william tell,bryan foy
william tell,giorgio pastina
william tell grant a wish rowboat,jeffrey blitz
william tells,malcolm st. clair
william the conkerer,jamie rix
william the conquered,mark stuart
william the conqueror,sergiu nicolaescu
william the conqueror,david butler
william the conqueror,gilles grangier
william the matchmaker,john davies
william the philanthropist,john davies
william waldegrave and alistair darling,peter eyre
william wallace vs shaka zulu,f. paul benz
william wellman,axel gruenberg
william wells talks about the island,colin low
william wilson,jeremy podeswa
william wilson,daniel petrie
william wilson,james ormerod
william wolf whiskey,james d.r. hickox
william wyler,andrey istratov
william: the great actor,john davies
william: the life works and times of william shakespeare,ian macnaughton
williams and burke,carlos santos
williams and walker,steven soderbergh
williams family,glenn gt taylor
williams lake,mike johansen
williams shape hunt,keaton stewart
williams: the champions,john sheppard
williamsburg,brad saville
williamsburg brooklyn,jonas mekas
williamsburg: the story of a patriot,george seaton
willie,jack herzberg
willie,colin campbell
willie,ghasem ebrahimian
willie,morris barry
willie,james markham hall jr.
willie,francis boggs
willie and me,eva haßmann
willie and starlight,ronald weyman
willie and the mouse,george sidney
willie and the poor boys,markus innocenti
willie and the poor boys,eddie arno
willie and the wheel,zalman king
willie and the yank: the deserter,michael o'herlihy
willie and the yank: the mosby raiders,michael o'herlihy
willie and tim get a surprise,alf collins
willie becomes an artist,mack sennett
willie blind johnson,bruce benamran
willie catches on,donald wilder
willie comes home,martin rackin
willie does his stuff,julius pinschewer
willie dynamite,gilbert moses
willie goes to sea,colin campbell
willie goodchild visits his auntie,walter r. booth
willie mays,buddy bregman
willie mays,dick ross
willie mays,franklin heller
willie mays and the say-hey kid,jules bass
willie mays and the say-hey kid,arthur rankin jr.
willie mays vs. bob allison,benjamin stoloff
willie minds the dog,wilfred lucas
willie nelson and freinds,sophie muller
willie nelson at the teatro,wim wenders
willie nelson texas style,don mischer
willie nelson: the big six-0,james yukich
willie paints a room,martin rackin
willie pete,lesli linka glatter
willie poor boy,george mccowan
willie runs the park,hal roach
willie stayed single,ulysses davis
willie talk,pedram goshtasbpour
willie the kid,robert cannon
willie the kid,ezra stone
willie the window washer,roy mack
willie wankers and the fun factory,fred j. lincoln
willie wise and his motor boat,ashley miller
willing and able,tom trbovich
willing mares - the anal way,harry s. morgan
willing to kill: the texas cheerleader story,david greene
willing victims,david jacobs
willing voyeur,richard kerr
willing whore gives a performance in a sleazy adult movie theater.,princess donna
willis,john birmingham
willis gets lucky,paul abascal
willis mutter,ralf gregan
willis reed,michael cooney
willis ruhige tour,ottokar runze
willkommen an bord,gero priemel
willkommen an der grenze,silvia vila
willkommen auf dem land,tim trageser
willkommen bei den honeckers,philipp leinemann
willkommen bei habib,michael baumann
willkommen benedikt - der papst und marktl am inn,werner boote
willkommen daheim,michael werlin
willkommen im chaos,thomas durchschlag
willkommen im club,oliver schmitz
willkommen im club,philipp leinemann
willkommen im club,matthias glasner
willkommen im club,thomas pauli
willkommen im club,edward berger
willkommen im krieg,oliver schmitz
willkommen im leben,dominikus probst
willkommen im leben,udo witte
willkommen im leben,michael kreindl
willkommen im rampenlicht,peter hill
willkommen in altamont,frank wisbar
willkommen in babylon,rolf silber
willkommen in berlin,pit weyrich
willkommen in bremen,rainer boldt
willkommen in der familie,manuel siebenmann
willkommen in der schweiz,sabine gisiger
willkommen in der wirklichkeit - vom einstieg ins berufsleben,manuel fenn
willkommen in hamburg,hermann leitner
willkommen in hamburg,christian alvart
willkommen in humberstone,gustavo graef marino
willkommen in kronstadt,hanns christian müller
willkommen in kudrow,udo witte
willkommen in team,dror zahavi
willkommen in walhalla,marc rensing
willkommen kleiner rombach,andreas drost
willkommen zuhause,kai meyer-ricks
willona the fuzz,gerren keith
willona the other woman,gerren keith
willoughby,tony wharmby
willoughby vs. willoughby,lee lochhead
willow,anthony barthélémy
willow,ron howard
willow,luke malone
willow,yoshiki okamoto
willow,suzanne racz
willow and wind,mohammad ali talebi
willow b: women in prison,jeff bleckner
willow banks,tim hunter
willow cabins,david cunliffe
willow canyon homeowners annual party,fred savage
willow creek,sven dreesbach
willow creek,jeffrey scott brack
willow creek,bobcat goldthwait
willow creek: the making of willow creek,bryce johnson
willow lake,jack bender
willow smith is dead,cosondra sjostrom
willow springs,werner schroeter
willow wood,steven laudisi
willowbrook,ross cohen
willowbrook: the last great disgrace,geraldo rivera
willowgate,yvan patry
willows,andreas wisniewski
willpower,stephen silbernagel
willpower ii,stephen silbernagel
willy,vivian matalon
willy,allan a. buckhantz
willy,lesley selander
willy and eccentric henrietta,george cahan
willy and el flamenco,george cahan
willy and hansel and gretel,george cahan
willy and hurricane harvey,george cahan
willy and kate,jan darnley-smith
willy and muller vs. muller,george cahan
willy and the counterfeiters,george cahan
willy and the crook julius,george cahan
willy and the farewell dance,george cahan
willy and the kate fleming case,george cahan
willy and the mystery package,george cahan
willy and wild rabbit,ylva-li gustafsson
willy and wild rabbit,lennart gustafsson
willy birgel,georg marischka
willy brandt - eine jahrhundertgestalt,peter merseburger
willy chooses not to run,george cahan
willy der privatdetektiv,rudolf schündler
willy deville: the berlin concerts,diethard küster
willy doubles in brass,george cahan
willy drill,arthur lakner
willy drill,béla bátori
willy maertens,rudolf w. kipp
willy mandry besucht uns mit seinen giftschlangen,udo langhoff
willy mcbean and his magic machine,arthur rankin jr.
willy millowitsch,michael pfleghar
willy nelson jody miller adam faith melinda marx the stoneman family the everly brothers the righteous brothers the kingsmen the byrds micki lynn billy preston jean king the blossoms,selwyn touber
willy nilly,seth kearsley
willy op liefdespad,hiroshi sasagawa
willy reilly and his colleen bawn,john macdonagh
willy santayana,richard leiterman
willy saves harvey from fraud,george cahan
willy signori e vengo da lontano,francesco nuti
willy the 1st,zoran boukherma
willy the 1st,ludovic boukherma
willy und lilly,franz peter wirth
willy walrus and the awful confession,allen curtis
willy walrus and the baby,allen curtis
willy walrus detective,allen curtis
willy waves the flag,george cahan
willy wonka and the chocolate factory,john purzycki
willyboy gets his,louis j. gasnier
wilma,bud greenspan
wilma,sidney miller
wilma rudolph,michael tollin
wilma the maid,joseph barbera
wilma the maid,william hanna
wilma wohnt weit weg,dirk schäfer
wilmer bass and the serengeti kid,bruce bilson
wilmersdorfer witwen,detlef gumm
wilmersdorfer witwen,hans-georg ullrich
wilmington 10 -- u.s.a. 10 000,haile gerima
wilna,wilhelm prager
wilno lata 1940 - 1941,izabella cywinska
wilsberg und der letzte anruf,dennis satin
wilsberg und der mord ohne leiche,dennis satin
wilsberg und der schuss im morgengrauen,dennis satin
wilsberg und der stumme zeuge,peter lichtefeld
wilsberg und der tote im beichtstuhl,manuel siebenmann
wilsberg und die tote im see,dennis satin
wilshire,greg beeman
wilson,michael robison
wilson,lesli linka glatter
wilson,natalie rodriguez
wilson,natalie rodriguez
wilson,henry king
wilson-pickett-show,reinhard hauff
wilson and the broom,émile cohl
wilson and the hats,émile cohl
wilson and the tariffs,émile cohl
wilson city,tomas masin
wilson furlbee,craig zobel
wilson goes to the dentist,charles barton
wilson mcgladdery,david mordey
wilson phillips: the videos,julien temple
wilson sleeps over,william d. russell
wilson tastes like a good candidate should,don appell
wilson vs the senate,alan landsburg
wilt,emilia mccarthy
wilt,ian ng cheng hin
wilt chamberlain,michael tollin
wilt chamberlain: borscht belt bellhop,caroline laskow
wilt chamberlain: borscht belt bellhop,caroline laskow
wilted daisies,randy kent
wilted flower,amanda dyar
wilting,ben caplan
wilton the kid,phil rawlins
wily corp interns,michael licisyn
wily coyote,dean bushala
wim and wigor,wallace a. carlson
wim duisenberg,jean boué
wim helsen: bij mij zijt ge veilig,pieter bouwman
wim helsen: bij mij zijt ge veilig,berend boudewijn
wim helsen: het uur van de prutser,doesjka van hoogdalem
wim helsen: spijtig spijtig spijtig,doesjka van hoogdalem
wim kan: een ommezien,nico knapper
wim thoelke,michael pfleghar
wimbledon,richard loncraine
wimbledon 2017,francesco nencini
wimbledon with senpai,shin itagaki
wimmin is a myskery,dave fleischer
wimp trained to suck construction worker cock by maitresse madeline,maitresse madeline
wimped out,deveney kelly
wimps,chuck vincent
wimpy the moocher,seymour kneitel
wimter wonderland 1,mark corwin
win,krzysztof lang
win-a-date,john erman
win-win,zack scott
win a cigar,richard irving
win a date with jack gunthridge,jack gunthridge
win a date with kate,steve zuckerman
win a date with sofia blake,stormy daniels
win a fight with one punch,johnny wickham
win at all costas,michael lehmann
win it all,joe swanberg
win lose or brewery,david sant
win lose or draw,alan kirschenbaum
win lose or draw,mike matei
win lose or draw,charles peterson
win lose or draw,michael schur
win lose or draw,thilo rothkirch
win lose or draw,leo d. maloney
win lose or draw,jose rosete
win lose or love,steven r. monroe
win loss,david rodriguez
win luthor draw,rebecca asher
win me,jay chandrasekhar
win one for felix,jack donohue
win or die,hanania baer
win place and die,gene reynolds
win place and showboat,izzy sparber
win place bingo,steven robman
win place or show,don haldane
win place or show,john fawcett
win responsibly,nicolas degrazia
win sam lose sam,douglas barr
win some lose some,laurence moody
win some lose some,jesse bochco
win some lose some,tim burstall
win some lose some,patrick duffy
win some lose some,leigh spence
win some lose some part 2,tim burstall
win some lose some part 3,tim burstall
win that girl,david butler
win that prize,calvin wong
win them all,pao-shu kao
win to live,mohamed tazi
win today,jeannot szwarc
win win,tom mccarthy
win win,andy cadiff
wina,filip zylber
wina i kara,grzegorz lewandowski
wina. czesc 1,wojciech adamczyk
wina. czesc 1,maciej wojtyszko
wina. czesc 2,maciej wojtyszko
wina. czesc 2,wojciech adamczyk
winchell,paul mazursky
winchester,michael darlow
winchester,jeremy blake
winchester 73,josé luis garci
winchester arms factory at noon time,william k.l. dickson
winchester m2,gian pietro calasso
winchester quarantine,andrew v. mclaglen
winchester quarantine,paul landres
winchester truck gun ducks guns,jonathan haug
winckelmanns reisen,jan schütte
wind,margit ruile
wind,m. manikandan
wind,nobuhiro aihara
wind,karin hercher
wind,aylin unsal yilmaz
wind,arthur hiller
wind,ivan sen
wind,kevin callies
wind,sion sono
wind,carroll ballard
wind,erik van schaaik
wind,phil rawlins
wind-up robot,milo shandel
wind-up wolf,william hanna
wind-wagon mcclanahan,william beaudine
wind across the everglades,nicholas ray
wind along the coast,ivan maksimov
wind and anemone,ziaeddin dorri
wind and fog,mohammad ali talebi
wind and lighting,yoshitomo yonetani
wind and water puzzle battles,benjamin daniel
wind beneath my wing,greg yaitanes
wind beneath my wings,bobby farrelly
wind beneath my wings - bette midler - oscars ellen 2014 - ep 17,saba
wind blast,qunshu gao
wind blows in the meadow,khosro masumi
wind chill,gregory jacobs
wind chimes and a bottomless pit of sadness,james widdoes
wind der hoffnung,rolf von sydow
wind echoing in my being,soo-il jeon
wind farm,mark lewis
wind fever,robert ellis miller
wind flower,liam o'brien
wind from heaven,robert gordon
wind from the east,xuewei gan
wind from the east,efim dzigan
wind from the north,miho nikaido
wind in den zweigen des sassafras,friedrich w. bauschulte
wind in den zweigen des sassafras,wolf dietrich
wind in our hair,lynne sachs
wind in the night,jesse harris
wind in the willows,torey gerace
wind inside,jensen noen
wind international film festival awards show and mrs. golden global 2017,dawna lee heising
wind it up and it betrays you,william hale
wind macht arbeit,mark poepping
wind macht arbeit,konrad herrmann
wind of change,martin horlacher
wind of hate,nikos tsiforos
wind of jinn,nasser taghvai
wind of oblivion,harutyun khachatryan
wind on the way,richard goode
wind part 2,larry alexander
wind power,alan j.w. bell
wind princess of the battlefield,tatsuo satô
wind raiders of the sahara,nick cominos
wind river,taylor sheridan
wind river,roberto leoni
wind snow and stars,lex lang
wind song,michael e. briant
wind storm,matthew shewchuk
wind versus polygamy,naomi capon
wind von vorn,helmut nitzschke
wind wagon project,michael rosengren
wind walkers,russell friedenberg
wind water,raúl ruiz
wind water wings,barbara klutinis
wind way and wings,fajri hariyuki
windaria,kunihiko yuyama
windbag the sailor,william beaudine
windblown,usher morgan
windbreaker city,craig zisk
windbreaks on the prairies,evelyn cherry
windcatcher dream,mehdi ebadi
windeln und whiskey,norbert skrovanek
windfall,john newland
windfall,james devis
windfall,vere lorrimer
windfall,bob crossman
windfall,franklin j. schaffner
windfall,roland 'ozzie' smith
windfall,david mullich
windfall,rick tae
windfall,joel malone
windfall,george king
windfall,henry cass
windfall,hana kukal
windfall,gene reynolds
windfall in athens,michael cacoyannis
windflowers,adolfas mekas
windhorse,paul wagner
windhund und seehund,wolfgang spier
windige probleme,martin rikli
windigo,robert morin
windjammer,ewing scott
windjammer,j.o.c. orton
windjammer und janmaaten - die letzten segelschiffe,heinrich hauser
windjammer: the voyage of the christian radich,louis de rochemont iii
windjammer: the voyage of the christian radich,bill colleran
windkracht 12,hiroshi sasagawa
windland,edward berger
windmill of life,hiroshi shimizu
windmill of my mind,kim soo-yong
windmill revels,r.a. hopwood
windmills,gabriel macht
windmills,rosario pi
windmills,christopher baker
windmills,cary joji fukunaga
window,csaba varga
window,stan brakhage
window,adam bastin
window,ken jacobs
window boy would also like to have a submarine,alex piperno
window calls u,robin das
window cleaner,peter eyre
window cleaning,richard boden
window dressing,peter cregeen
window in the sky,jean yarbrough
window licker,brian mcguire
window of opportunity,christopher ray
window of opportunity,peter deluise
window of opportunity,kevin tancharoen
window on main street,tom trbovich
window on your present,cinqué lee
window pain,todd holland
window pains,paul j. smith
window shopping,sid marcus
window shopping: part 1,oliver horsbrugh
window shopping: part 2,oliver horsbrugh
window shopping: part 3,oliver horsbrugh
window tint,william bolander
window to paris,yuri mamin
window to the sea,miguel ángel jiménez
window vanity dress grace,helen hunt
window washers,paul terry
window water baby moving,stan brakhage
window window,john glenister
window with a view,chad c. hundley
window work,lynne sachs
windowbreaker,tze chun
windows,joseph tito
windows,apichatpong weerasethakul
windows,david koff
windows,rené manzor
windows,jules sitruk
windows,nicolò bongiorno
windows,michael nankin
windows,peter greenaway
windows,morten kolstad
windows,ya'ackov ayali
windows,andrew fleming
windows,lynne stopkewich
windows,kevin ford
windows,feras fayyad
windows,brad jones
windows,gordon willis
windows,digby rumsey
windows,robert young
windows,christopher hodson
windows by rhoda,robert moore
windows dogs and horses,michael pilz
windows looking inward,mireia gabilondo
windows of heaven,judge whitaker
windows on asia-pacific: the medium is the masses,karen murray
windows on the past,norman prouting
windows xp,ujkan hysaj
windowsill: eleanor shore,ehren kassam
windpocken,carsten meyer-grohbrügge
windpocken,michael faust
windrider,vincent monton
winds and changes: divertimento no.1,clive walley
winds of chance,frank lloyd
winds of change,lyn goldfarb
winds of change,eric norris
winds of change,robert tronson
winds of change,rahjiv staten
winds of change,john madden
winds of change,david hare
winds of change,william brayne
winds of change,mary harron
winds of change,michael schultz
winds of change: part 1,amanda bearse
winds of change: part 2,linda day
winds of courage,christian bégin
winds of passion,sandro cecca
winds of sand women of rock,nathalie borgers
winds of september,tom lin
winds of the wasteland,mack v. wright
winds of vengeance,irving j. moore
winds of war,leonard katzman
winds of war,john t. kretchmer
winds of war,yoshiyuki tomino
winds of war,shin'ya sadamitsu
windschatten,dominikus probst
windschief,maximilian leo
windscreenwiperman,sam baron
windsor,porter farrell
windsor castle,maurice elvey
windsor drive,natalie bible'
windsor vs the crown,alan landsburg
windspiel,peyman ghalambor
windspiel,kai meyer-ricks
windstill,franz winzentsen
windstorm,katja von garnier
windstorm 2,katja von garnier
windstorm 3,katja von garnier
windstruck,gilbert m. shilton
windstruck,jae-young kwak
windstruck,jamie babbit
windsurf - il vento nelle mani,claudio risi
windsurfing,lubomir benes
windsurfing,lubomir benes
windswept,georg fenady
windtalkers,john woo
windurfing lesson,robert chenault
windwalker,kieth merrill
windwalkers: chronicle of the 34th horde,jan kounen
windward spirits: a new ruler,cyrus mohammad emami
windward spirits: blood ties,cyrus mohammad emami
windwill town usa the addiction,albert j. allie
windwill town usa the addiction,christopher outridge
windwill town usa the fighter,christopher outridge
windwill town usa: the gambler,christopher outridge
windy,hana kukal
windy,harold s. bucquet
windy,steve zuckerman
windy autumn day,mark baker
windy city,armyan bernstein
windy city,brad jones
windy city,mark roberts
windy city blues,panagiota valkanas
windy city blues,terrence o'hara
windy city heat,bobcat goldthwait
windy day,richard bradley
windy day,jan pinkava
windy day,john hubley
windy point,ruud satijn
windy riley goes hollywood,roscoe 'fatty' arbuckle
wine,istván györgy
wine,diego fried
wine,matthew wayne
wine,george nichols
wine,louis j. gasnier
wine-iro no party,takashi annô
wine-troversy,gerren hall
wine and a weekend,john gorrie
wine and bear,joe dietl
wine and eggs,sertac bozkurt
wine and kisses,ilaria borrelli
wine and retribution,darrol blake
wine and roses,jerry ciccoritti
wine bar,jon avnet
wine barrel escape,criss angel
wine cave digger and oyster harvester,anthony mclemore
wine cellars,benito perojo
wine club party,peter s. thompson
wine confessional,pierre taisne
wine confessional,ludovic coutaud
wine country,bianca malinowski
wine country,amy poehler
wine country,matthew hobin
wine country crushing,josh hodgins
wine country style backyard retreat,amy arthun
wine crush,matt skerritt
wine dark sea,kevin tancharoen
wine day 2018,jeff rood
wine from the heart,yasha aginsky
wine from these grapes,paul krasny
wine guys,andrew kadikian
wine helps for good more perfect making speech,scott hardie
wine in paper cups,kristina teschner
wine is a traitor,gerd oswald
wine knot,oz scott
wine life,claudio costa
wine of india,gilchrist calder
wine of morning,katherine stenholm
wine of youth,king vidor
wine tasting,matthew wiatt
wine tasting,timothy busfield
wine time,bruce seth green
wine to love,domenico fortunato
wine weekend,beth mccarthy-miller
wine whiskey and salt water,mario amendola
wine women and aunt esther,peter baldwin
wine women and bong,jules white
wine women and horses,louis king
wine women and sauerkraut,jess robbins
wine women and song,gilbert m. 'broncho billy' anderson
wine women and song,herbert brenon
wine women and willie,richard kinon
winer diner and mover,alan rafkin
winery,blake borcich
wines and misdemeanors,paul michael glaser
wines and spirits,derek bennett
winesburg ohio,ralph senensky
wing,trey parker
wing-a-rama,javan hamilton
wing-san,martin ponferrada
wing-womaning,michael licisyn
wing and a prayer,henry hathaway
wing chicks,david brookwell
wing chun,yuen woo-ping
wing chun xiao long,antony szeto
wing chun xiao long,chi lo
wing commander,chris roberts
wing commander,chris roberts
wing commander ii: vengeance of the kilrathi,chris roberts
wing commander iii: heart of the tiger,chris roberts
wing commander iv: the price of freedom,chris roberts
wing commander movie review,noah antwiler
wing ding,hana kukal
wing it,daniel rezende
wing it parenthood,lp
wing man,mads rosenkrantz grage
wing men,brendon skinner
wing nut,dave willis
wing of revival,shôji kawamori
wing toy,howard m. mitchell
wingardium leviosa,chris o'neill
wingbeat,kenneth macpherson
wingbeat,ana brenda contreras
winged assassin,david lane
winged attack,jack hively
winged champions,jack eaton
winged creatures,rowan woods
winged diamonds,robert ellis
winged fury,graham morris
winged fury,alberto mar
winged hoofs,lewis d. collins
winged horizons,michael gordon
winged messengers,mary field
winged migration,jacques perrin
winged rescue,dick moder
winged shaggy buttery,vladimir arbekov
winged targets,harry foster
winged treasure,fred r. krug
winged victory,arthur crabtree
winged victory,george cukor
winged wonderland,shanti s. varma
winger live,jack edward sawyers
winger: in the heart of the young part 2,mark rezyka
wingfield music club,tania lieven
winging it,richard correll
winging it,oz scott
wingless,ivo trajkov
wingless eagles of kairo,pekka mandart
wingless gulls,orfeo orlando
wingless wonder,moira armstrong
wingman,harland williams
wingman,amir blumenfeld
wingman,gustavo cova
wingman,jake hurwitz
wingman,james genn
wingman,jeff bleckner
wingman,peter deluise
wingman,frederick e.o. toye
wingman,aaron behl
wingman wayne,jacob tierney
wingman wayne,spencer maybee
wingmen,bob hathcock
wingmen,brian chrismon
wingmen,nick bergthold
wingmen,joseph gordon-levitt
wingmen,colin ferri
wingmen incorporated,jason w. schaver
wingmen of tomorrow,thomas mead
wingmom,matthew cornwell
wingmom,david katzenberg
wings,loren bouchard
wings,ralph levy
wings,david von ancken
wings,j. miller tobin
wings,larisa shepitko
wings,daniel gray longino
wings,hal sutherland
wings,toshiki hirano
wings,hal sutherland
wings,john mckay
wings,josé villalobos
wings,william a. wellman
wings,jeff bleckner
wings,james widdoes
wings,yazhou yang
wings and the woman,herbert wilcox
wings and wheels,walter wright
wings far away,shôji kawamori
wings for nato,david bairstow
wings for the eagle,lloyd bacon
wings in the dark,james flood
wings legs and tails,aleksandr tatarskiy
wings legs and tails,igor kovalyov
wings low,kuesti fraun
wings of adventure,richard thorpe
wings of an angel,ivan dixon
wings of an angel,william a. graham
wings of an angel,lamont johnson
wings of ash: a dramatization of the life of antonin artaud,marcus reichert
wings of chance,eddie dew
wings of courage,thomas mead
wings of courage,jean-jacques annaud
wings of danger,david elliott
wings of death,nichola bruce
wings of death,allan davis
wings of death,mende brown
wings of death: albatross,hayao miyazaki
wings of desire: the angels among us,j.m. kenny
wings of destiny,rupert kathner
wings of faith,gretchen pitluk
wings of fame,otakar votocek
wings of fire,david lowell rich
wings of fire,erik c. schmidt
wings of glass,reza bagher
wings of hope,werner herzog
wings of hope,john newland
wings of justice,hollingsworth morse
wings of justice,patrick seitz
wings of liberty,serge ioan celebidachi
wings of love,lotte svendsen
wings of mercy,evelyn cherry
wings of mercy,lawrence cherry
wings of mystery,gilbert gunn
wings of new hope,robert rippberger
wings of passion,jack genero
wings of pride,b.a. rolfe
wings of retribution,jeremy schott
wings of song,june howson
wings of steel,b. reeves eason
wings of the border,philip carle
wings of the dope,wesley archer
wings of the hawk,budd boetticher
wings of the master,dave filoni
wings of the morning,j. gordon edwards
wings of the morning,harold d. schuster
wings of the navy,lloyd bacon
wings of the night,serdar akar
wings of the storm,john g. blystone
wings of the storm,ford beebe
wings of the storm,leo d. maloney
wings of time,david cobham
wings of victory,mikhail kalatozov
wings of youth,emmett j. flynn
wings of youth,raymond spottiswoode
wings on my feet,delbert mann
wings on my feet,delbert mann
wings over africa,ladislao vajda
wings over barriers,delbert mann
wings over ethiopia,walter mittelholzer
wings over ethiopia,walter lesch
wings over everest,geoffrey barkas
wings over everest,ivor montagu
wings over fire,cameron pazirandeh
wings over glencraig,robert d. cardona
wings over honolulu,h.c. potter
wings over hooterville,richard l. bare
wings over italy,philip dorté
wings over the atlantic,gordon sparling
wings over the pacific,phil rosen
wings over the rockies,tod williams
wings over the world,jack priestley
wings to fly,khosro masumi
wings which cannot be seen,shôji kawamori
wings: a tale of two chickens,gene deitch
wings: part 1,bob meillon
wings: part 2,bob meillon
wingseed,robert beavers
wingspan,alistair donald
wingstan,neal israel
wingsuit warrior: jeb corliss vs. the world,john murphy
wingwoman,frank barranca
winifred wagner und die geschichte des hauses wahnfried von 1914-1975,hans-jürgen syberberg
wining,les chatfield
wink,dan eckman
wink,alex mann
wink,john a. gallagher
wink,paige irene bruns
wink 500,saverio fabbri
wink des himmels,karola hattop
wink des schicksals,esther wenger
wink des schicksals,daniel drechsel-grau
wink of an eye,jud taylor
wink three times,paul annett
wink vom nachbarn,harry hornig
winkers,jay sin
winkers 7,jay sin
winking 101 in russia,jay sin
winking 101 in russia 2,jay sin
winking 101 in russia 3,jay sin
winking 101 in russia 4,jay sin
winking 101 in russia 5,jay sin
winky-dink time,james widdoes
winky and the ants,cecil birch
winky and the cannibal chief,cecil birch
winky and the gorgonzola cheese,cecil birch
winky and the leopard,cecil birch
winky as a suffragette,cecil birch
winky at the front,cecil birch
winky becomes a family man,cecil birch
winky bigamist,cecil birch
winky causes a smallpox panic,cecil birch
winky diddles the hawker,cecil birch
winky dons the petticoats,cecil birch
winky face,nic barker
winky gets puffed up,cecil birch
winky gets spotted,cecil birch
winky goes camping,cecil birch
winky goes spy catching,cecil birch
winky is the long and short of it,cecil birch
winky learns a lesson in honesty,cecil birch
winky park policeman,cecil birch
winky photographer,cecil birch
winky takes to farming,cecil birch
winky the tallyman,cecil birch
winky the watchman,hugh harman
winky tries chicken raising,cecil birch
winky waggles the wicked widow,cecil birch
winky willy and the cherries,louis feuillade
winky wins,cecil birch
winn dixie: down down,shane valdés
winner,james sheldon
winner,james howarth
winner,sundar c.
winner,adam bernstein
winner,effie lavore
winner,chris thomson
winner,gopichand malineni
winner,michiel van jaarsveld
winner,timothy gaer
winner and loser,morio asaka
winner and loser,toshio hirata
winner by a hare,izzy sparber
winner by a nosepass,kunihiko yuyama
winner by decision,william a. attaway
winner chosen,phil heyes
winner chosen,thomas loureiro
winner every time,brian hallett
winner lose all,richard c. sarafian
winner lose all,james gatward
winner lose all,william watson
winner loses all,henry s. kesler
winner take all,ciro nieli
winner take all,alfred santell
winner take all,allan eastman
winner take all,john mackenzie
winner take all,herschel daugherty
winner take all,robert day
winner take all,paul bogart
winner take all,danny bilson
winner take all,gerald blake
winner take all,gary harvey
winner take all,otto brower
winner take all,roy del ruth
winner take all,robert becker
winner take all,vincent mceveety
winner take all,w.s. van dyke
winner take all,peter graham scott
winner take all,christopher barry
winner take nothing,william asher
winner takes all,arthur davis
winner takes all,christian cisneros
winner takes all,norman tokar
winner takes all,james larosa
winner takes all,carl urbano
winner takes all,matt sterling
winner takes all,robert young
winner takes all,elmer clifton
winner takes all,donald mcwhinnie
winner takes all,al parker
winner takes all,scott paulin
winner takes all,oscar dufau
winner takes all,john b. hobbs
winner takes all,clifton ko
winner takes all,brendan sheppard
winner takes all,daniel zirilli
winner takes all,rudy zamora
winner takes all,john p. hamilton
winner takes the lady,john llewellyn moxey
winner window washer,ray patterson
winner winner chicken diner,nathan sloan
winner winner turkey dinner,beth mccarthy-miller
winners,frank ritz
winners,andrzej zajaczkowski
winners,jamie patterson
winners,ian bolt
winners,mark reynolds
winners,robert scheerer
winners,jack bender
winners and losers,michael showalter
winners and losers,leo penn
winners and losers,lech kowalski
winners and other losers,peter bonerz
winners are losers,derek bennett
winners losers and leftovers,peter h. hunt
winners never lose,james v. kern
winners of the west,ray taylor
winners of the west,ford beebe
winners of the west,edward laemmle
winners of the wilderness,w.s. van dyke
winners right the history books,giuseppe capotondi
winners show,paul stewart laing
winners take all,peter bonerz
winners take all,fritz kiersch
winners take all,barry davis
winners tape all: the henderson brothers story,justin channell
winners way,matt sterling
winnetou,harald reinl
winnetou,karl stanzl
winnetou,toni graschberger
winnetou,udo langhoff
winnetou,udo langhoff
winnetou,csaba bollók
winnetou,wulf leisner
winnetou - das geheimnis vom silbersee,philipp stölzl
winnetou - der letzte kampf,philipp stölzl
winnetou and the crossbreed,harald philipp
winnetou i,udo langhoff
winnetou i,harry walther
winnetou ii,harry walther
winnetou ii,wulf leisner
winnetou ii,udo langhoff
winnetou ii,udo langhoff
winnetou: the last shot,harald reinl
winnetou: the red gentleman,harald reinl
winnie,john korty
winnie-the-pooh,burt shevelove
winnie-the-pooh,fyodor khitruk
winnie-the-pooh and a busy day,gennadiy sokolskiy
winnie-the-pooh and a busy day,fyodor khitruk
winnie-the-pooh pays a visit,fyodor khitruk
winnie-the-pooh: eeyore loses a tail and pooh finds one,paul ciani
winnie-the-pooh: kanga and baby roo,paul ciani
winnie-the-pooh: piglet meets a heffalump,paul ciani
winnie-the-pooh: pooh and some bees,paul ciani
winnie-the-pooh: pooh goes visiting and gets into a tight place,paul ciani
winnie and nelson mandela,peter davis
winnie mandela,darrell roodt
winnie the pooh,don hall
winnie the pooh,mat brunet
winnie the pooh,stephen j. anderson
winnie the pooh and a day for eeyore,rick reinert
winnie the pooh and friends,john lounsbery
winnie the pooh and the blustery day,wolfgang reitherman
winnie the pooh and the honey tree,wolfgang reitherman
winnie the pooh and tigger too,john lounsbery
winnie the pooh discovers the seasons,rick reinert
winnie the pooh in the hundred acre wood,al lowe
winnie the pooh playtime: detective tigger,ken kessel
winnie the pooh playtime: detective tigger,karl geurs
winnie the pooh playtime: detective tigger,terence harrison
winnie the pooh playtime: pooh party,terence harrison
winnie the pooh spookable pooh,terence harrison
winnie the pooh spookable pooh,ken kessel
winnie the pooh: seasons of giving,karl geurs
winnie the pooh: springtime with roo,torey gerace
winnie the pooh: springtime with roo,saul blinkoff
winnie the pooh: springtime with roo,elliot m. bour
winnie the pooh: wonderful word adventure,dave bossert
winnie wakes up,edward ludwig
winning,james goldstone
winning,ron satlof
winning,bill persky
winning a battle losing the war,tony goldwyn
winning a bride,raymond wells
winning a widow,sidney olcott
winning a widow,alf collins
winning a widow,william beaudine
winning a woman,harry s. webb
winning an heiress,billy quirk
winning at all costs,esben storm
winning at whining,ken mitchroney
winning back,reginald barker
winning back his love,d.w. griffith
winning big,mario amadeu
winning formula,tyler farr
winning friends losing lovers,david reid
winning girls through psychic mind control,barry alexander brown
winning grandma,william bertram
winning his stripes,frank wilson
winning his way,peter tewksbury
winning his way,erle c. kenton
winning his wife,george terwilliger
winning is everything,mark cendrowski
winning is everything,phil bondelli
winning is for losers,cliff bole
winning is losing,charles l. gaskill
winning lines,james yukich
winning lines,james yukich
winning lines 1,james yukich
winning lines 2,james yukich
winning lines 4,james yukich
winning lines 5,james yukich
winning lines 6,james yukich
winning lines 8,james yukich
winning lines 9,james yukich
winning london,mike jeavons
winning moves in maintenance,maurice prather
winning of freedom,zdravko sotra
winning of the west,george archainbaud
winning patterns,jack eaton
winning recipes,matt villines
winning sequence,leslie arliss
winning streak,eduard cortés
winning streak,paul landres
winning streak,tim kirkby
winning streak,michael mills
winning the city,frank whaley
winning the double,laurence moody
winning the futurity,scott r. dunlap
winning the gloves,james williamson
winning the latonia derby,otis turner
winning the west,eddie donnelly
winning the widow,walter v. coyle
winning ticket,denis chernov
winning ugly,jamie babbit
winning ugly,malcolm d. lee
winning winnie,ralph ceder
winning winsome winnie,john ince
winning with,rodrigo garcía
winning with wits,howard m. mitchell
winning... sort of,joey sinko
winning: the racing life of paul newman,adam carolla
winnings,sidney hayers
winnipeg falcons,grant harvey
winona,alexander voulgaris
winowajcy,jose iglesias vigil
wins and losses,kevin connor
wins and losses,kurt sutter
wins out,william nolan
wins out,walter lantz
winst of verlies,wim langeraert
winstanley,kevin brownlow
winston,steven soderbergh
winston,joshua caldwell
winston churchill,don coutts
winston churchill: the darkest hours,jack haley jr.
winston churchill: the final victory,jack haley jr.
winston the whip mcdougall,cory dinkel
winston tong en studio,olivier assayas
winston we have a problem,laurie lynd
winston: an informal guide to etiquette,reed hall clément
winter,piotr kamler
winter,piotr sobocinski jr.
winter,matt west
winter,gareth carrivick
winter,wolfgang brandstetter
winter,bill carruthers
winter,les stroud
winter,valerio ventura
winter,andrew schauer
winter,callum richardson
winter,pete docter
winter,giles foster
winter,amy sherman-palladino
winter,stuart latham
winter,shane meadows
winter,julia stiles
winter,stuart elliott
winter,james hobson
winter,nathaniel dorsky
winter-olympiade st. moritz,georges alexath
winter - spezial,utz weber
winter 1991 - das lachen der maca daracs,dieter berner
winter a-go-go,richard benedict
winter and spring,lewis allen
winter and summer in newfoundland,joseph rosendo
winter bay,harald hamrell
winter bones,jennifer dimarco
winter break,nick corirossi
winter break,les chatfield
winter break,asaad kelada
winter breakers,steven ilous
winter cabin horror continues,matt raub
winter campaign,xavier picard
winter capers,harry foster
winter carnival,charles reisner
winter carnival,jean palardy
winter carnival,roger blais
winter carnival in quebec,dwight hemion
winter chill,r.j. cutler
winter chill,frank slaten
winter comes early,george mccowan
winter comes to cougar country,don meier
winter date,stanley sievers
winter days,jacques drouin
winter days,taku furukawa
winter days,mark baker
winter days,co hoedeman
winter dragon,james seda
winter draws on,seymour kneitel
winter dreams,john frankenheimer
winter dreams,ralph nelson
winter eclipse,pablo maestres
winter expeditions 1,mark corwin
winter expeditions 2,mark corwin
winter expeditions 3,mark corwin
winter expeditions 4,mark corwin
winter expeditions 5,mark corwin
winter extremes,r.p. sekon
winter fever,warren miller
winter fireworks,toshiaki kunihara
winter flies,olmo omerzu
winter flight,roy battersby
winter flowers,kadir sözen
winter forecast,ian jones-quartey
winter forest,sergey a.
winter formal,jason sands
winter formal: part 1,andy cadiff
winter formal: part 2,andy cadiff
winter formalities: unaired,r.j. cutler
winter fugue,jadrien steele
winter gala,ben robinson
winter game,nobuo mizuta
winter games,jarno laasala
winter games,james rolfe
winter games house horror,matt raub
winter garden,david cronenberg
winter garden,alex epstein
winter garden update 2017,frankie frain
winter grew cold,desi jevon
winter harvest,lamont johnson
winter harvest,colin rose
winter has came,al christie
winter has come,james burrows
winter has no sun,rodrigo baumgartner ayres
winter heat,jerome s. kaufmann
winter hideaways 1,mark corwin
winter hideaways 2,mark corwin
winter hideaways 3,mark corwin
winter hideaways 4,mark corwin
winter hideaways 5,mark corwin
winter holiday 1,mark corwin
winter holiday 2,mark corwin
winter holiday 3,mark corwin
winter holiday 4,mark corwin
winter holiday 5,mark corwin
winter horror,sergey a.
winter impressions,stanislav rostotskiy
winter in baghdad,javier corcuera
winter in budapest,j. penberth rabold
winter in canada,guy l. coté
winter in den alpen,max zehenthofer
winter in holland,david p. ball
winter in ischia,peter cotes
winter in japan,fred heiman
winter in july,piotr szkopiak
winter in prostokvashino,vladimir popov
winter in rio,davor zmegac
winter in the blood,andrew j. smith
winter in the blood,alex smith
winter in the wild kingdom,don meier
winter in the woods,fritz peter buch
winter in wartime,martin koolhoven
winter is coming,matt raub
winter is coming,joe bereta
winter is coming,sebastian stojetz
winter is coming,manuel huerga
winter is coming,timothy van patten
winter is coming,mike lupia
winter is coming (to nb),vivieno caldinelli
winter is my cock block,mike donis
winter is summer is coming,alex r. wagner
winter journey,sergey taramaev
winter journey,lyubov lvova
winter kill,william wiard
winter kill,jesse hibbs
winter kill,jud taylor
winter kills,william richert
winter lake,petteri saario
winter lament,simon langton
winter land,gregorio cramer
winter light,julian higgins
winter light,larry jordan
winter long (pleiadele),sebastian badarau
winter love,isabel herguera
winter madness,beth mccarthy-miller
winter marquee,james burton yockey
winter meeting,bretaigne windust
winter moon,liam o'brien
winter morning,sakaris stora
winter night in gagra,karen shakhnazarov
winter night phantom,kazuyoshi katayama
winter nightmare,fred calvert
winter of discontent,ibrahim el-batout
winter of discontent,richard clarke
winter of discontent,bill gilmour
winter of our discontent,joe murray
winter of our dreams,john duigan
winter olympics,phil churchward
winter olympics with bam margera,jarno laasala
winter olympics with bam margera,tuukka tiensuu
winter on the rock,tom boyle
winter oranges,rob nilsson
winter paradise,john jay
winter passage,stanley neufeld
winter passing,adam rapp
winter people,ted kotcheff
winter quarters,john english
winter quarters the circus tradition,robert j. emery
winter rally,donald wilder
winter roses,john florea
winter shadows on the new snow and wind in the old oak tree,james w. hawk
winter shapes,christopher morahan
winter silence,sonja wyss
winter sketches,joseph marzano
winter sleep,nuri bilge ceylan
winter sleep,andré melançon
winter soldier,boyd kirkland
winter solstice,martyn friend
winter solstice,klara landrat
winter solstice,hollis frampton
winter solstice,jonathan betzler
winter song,leslie h. martinson
winter song,bert kish
winter special,adam wimpenny
winter sports,jackie cockle
winter sports,christian nyby
winter sports 1,dick carson
winter sports 1,mark corwin
winter sports 1,mark corwin
winter sports 2,mark corwin
winter sports 2,dick carson
winter sports 2,mark corwin
winter sports 3,mark corwin
winter sports 3,mark corwin
winter sports 3,dick carson
winter sports 4,mark corwin
winter sports 4,mark corwin
winter sports 4,dick carson
winter sports 5,mark corwin
winter sports 5,dick carson
winter sports 5,mark corwin
winter sports and pastimes of coronado beach,allan dwan
winter sports jamboree,thomas mead
winter spring summer or fall all you gotta do is call...,robby benson
winter storage,jack hannah
winter stories,victor claramunt
winter storm,william witney
winter story,brian little
winter tale,georgi chavdarov
winter vacation,hongqi li
winter visitor,sergio esquenazi
winter war terror in antarctica and first snow globe,alice borrelli
winter warz,norberto barba
winter wedding,tristan de vere cole
winter week-end,bernard devlin
winter week-end: revised,bernard devlin
winter will not be,dmitri frolov
winter window,stephen biggs
winter wings of the future,christopher lane
winter winter,peter podehl
winter wonder land,shin'ichi watanabe
winter wonderland,matthew hobin
winter wonderland,declan o'dwyer
winter wonderland,david warren
winter wonderland,william d. russell
winter wonderland,bernard vorhaus
winter wonderland 2,mark corwin
winter wonderland 3,mark corwin
winter wonderland 4,mark corwin
winter wonderland 5,mark corwin
winter wonderlandlord,john rich
winter wonders,john jay
winterarbeiten am bauernhof,hannes zell
winterawakening,dominik bechtel
winterbeast,christopher thies
wintercourse,paul sharits
winterende,andreas kleinert
winterfell,david nutter
winterfreuden und neue skimodelle,tilo philipp
winterfreuden und neue skimodelle,klaus überall
wintergartenprogramm,max skladanowsky
wintergast,matthias günter
wintergasten,yolanda entius
winterhawk,charles b. pierce
winterherz: tod in einer kalten nacht,johannes fabrick
winterhulp,charles dekeukeleire
wintering in jakobsfeld,branko bauer
winterjagd,astrid schult
winterkill,seymour robbie
winterkind,jorgo papavassiliou
winterkind,margarethe von trotta
winterkinder - die schweigende generation,jens schanze
winterland,helen shaver
winterland,hisham zaman
winterland,dick tuinder
winterlicht,uwe janson
winterliebe und flausen,bernd fischerauer
wintermission,damien michael belliveau
winternebel,patrick winczewski
winterquartier,rainer erler
winterreise,david alden
winterreise,hans steinbichler
winterreise,fritz lehner
winterreise,rainer boldt
winterreise,anja gurres
winterreise im jahre eins,bastian clevé
winterreise im olympiastadion,klaus-michael grüber
wintersaat,carlo rola
winterschach,hans-christoph blumenberg
wintersemester 1994: das triviale,kurt palm
wintersemester 1995: behaglichkeit,kurt palm
wintersemester 1995: behaglichkeit,martin polasek
wintersemester 1995: der impuls zur ordnung,kurt palm
wintersemester 1995: der impuls zur ordnung,martin polasek
wintersemester 1995: die abweichung,martin polasek
wintersemester 1995: die abweichung,kurt palm
wintersemester 1995: die katastrophe,martin polasek
wintersemester 1995: die katastrophe,kurt palm
wintersemester 1995: die macht und wie sie so ist,martin polasek
wintersemester 1995: die macht und wie sie so ist,kurt palm
wintersemester 1995: geruch,martin polasek
wintersemester 1995: geruch,kurt palm
winterset,lionel harris
winterset,george schaefer
winterset,alfred santell
winterset,alex segal
wintersong,joan kemp-welch
wintersonnenwende,gerhard huttula
winterspelt 1944,eberhard fechner
wintersport gegen sommersport,günter bartosch
wintersportler gegen sommersportler,günter bartosch
winterspruch,uwe buhrdorf
winterstadt,bernhard giger
wintersturm,wolfgang münstermann
wintertime,paul nickell
wintertime,john brahm
wintertime: troll hunting,laila hodell
wintertochter,johannes schmid
winterurlaub mit dem fdgb,heiner carow
wintery helsinki,matti kassila
winterzauber,dirk nabersberg
winterzauber im ausseerland,alfred ninaus
winterzeit - schlittschuhzeit,ruprecht essberger
winthrop rising: a basketball story,lance miccio
winti,peter gorissen
wintrone,tim patrick
winwin,daniel hoesl
winx believix,iginio straffi
winx club 3d: magical adventure,iginio straffi
winx club forever,iginio straffi
winx club: the mystery of the abyss,iginio straffi
winx club: the secret of the lost kingdom,iginio straffi
winx forever,iginio straffi
wiolonczelistka,jerzy sztwiertnia
wiosna panie sierzancie,tadeusz chmielewski
wiosna w dolinie,lucjan dembinski
wip holland wip,carlo boszhard
wipe-out,leo penn
wipe-out,steven hilliard stern
wipe away your tears and rise,tadao nagahama
wipe out,bry thomas sanders
wipe out,bob bralver
wipe out week 1,dick carson
wipe out week 10,dick carson
wipe out week 2,dick carson
wipe out week 3,dick carson
wipe out week 4,dick carson
wipe out week 5,dick carson
wipe out week 6,dick carson
wipe out week 7,dick carson
wipe out week 8,dick carson
wipe out week 9,dick carson
wipe yer feet,norval macgregor
wipeout,kenneth gilbert
wipeout,maggie greenwald
wipeout,leo penn
wipeout fusion,davy mourier
wiping something off the slate,cecil m. hepworth
wiping the tears of seven generations,gary rhine
wir,vojtech jasný
wir,michaela caspar
wir,henryk jacek schoen
wir,sven j. matten
wir,uwe belz
wir - ihr - sie,torsten c. fischer
wir alle zusammen,pola beck
wir bauen eine schule,jörg d'bomba
wir beide liebten katharina,arthur maria rabenalt
wir bitten um gnade,wolfgang f. henschel
wir bitten zum tanz,hubert marischka
wir bleiben,iain dilthey
wir bleiben zusammen,wolfgang murnberger
wir bummeln um die welt,paul lieberenz
wir bummeln um die welt,alfred weidenmann
wir die wand,klaus martens
wir enkelkinder,bruno jonas
wir erobern land. das hohe lied des reichsarbeitsdienstes,martin rikli
wir erwarten besuch,korbinian köberle
wir fahren nach amerika,klaus wirbitzky
wir fahren nach stockholm - der bericht einer schiffreise,jürgen roland
wir fahren nach zeitz,werner schumann
wir fliegen mit euch,udo langhoff
wir gehen wohnen,edgar reitz
wir gratulieren,werner illing
wir haben die musik - unterwegs mit tom liwa,marc ottiker
wir haben gar kein auto,dennis satin
wir haben schon eine ganze stadt gebaut,volker koepp
wir haben uns doch mal geliebt,daniel christoff
wir haben uns so geliebt,christa mühl
wir haben vergessen zu sehen,marcel janick paul
wir halten fest und treu zusammen,herbert nossen
wir halten keinen,thomas engel
wir im umgang mit der natur: freizeit und natur,tilman büttner
wir im umgang mit der natur: wir und das tier,tilman büttner
wir im umgang mit der natur: wir und die landschaft,tilman büttner
wir im umgang mit der natur: wir und die pflanzen,tilman büttner
wir kaufen eine feuerwehr,hans kratzert
wir kinder der 90er,alex lotz
wir kommunistenkinder,inga wolfram
wir kriegen euch alle,sven bohse
wir lassen uns tanzen ... kinder,michael saouli
wir lassen uns tanzen ... tanzabend,michael saouli
wir lebten im gras,andreas hykade
wir lieben alltag,florian forsch
wir lieben das leben,sherry hormann
wir lieben kino - u-bahn,hendrik hölzemann
wir machen hier deutsch,valerie assmann
wir machen hier deutsch,sophie narr
wir machen musik,karl stanzl
wir machen musik,arend agthe
wir machen musik,helmut käutner
wir machen musik,dieter finnern
wir machen musik,karl vibach
wir machen musik,ekkehard böhmer
wir machen photos,arne körner
wir planen ein picnic,edgar reitz
wir reisen mit musik - ein bummel um die welt,ralph lothar
wir schalten um auf hollywood,frank reicher
wir sehn uns wieder,philipp lothar mayring
wir sind alle keine engel,lars becker
wir sind bereit,florian michaelsen
wir sind der markt,franz xaver bogner
wir sind die guten,jobst oetzmann
wir sind die kinder von der herderschule,hannelore unterberg
wir sind die neuen,urs egger
wir sind die neuen,ralf westhoff
wir sind die neuen,edzard onneken
wir sind die polizei,lars becker
wir sind die rosinskis,david gruschka
wir sind doch schwestern,till endemann
wir sind ein volk,arne feldhusen
wir sind gottes utopia,frank lothar
wir sind ich,alexandra brodski
wir sind im zoo,bruno kleberg
wir sind mitten in der operation,fritz schröder-jahn
wir sind nicht allein,buddy giovinazzo
wir sind nicht zu hause,walter sedlmayr
wir sind noch einmal davongekommen,heinz wilhelm schwarz
wir sind noch einmal davongekommen,karl-heinz stroux
wir sind pfarrer,michaela zschiechow
wir sind sternenstaub,dietrich schubert
wir sind utopia,dagmar damek
wir sind viele,borislav sajtinac
wir sind viele,sascha bigler
wir sind vom k. u. k. infanterie-regiment,richard oswald
wir spielen - ein sommernachtstraum,peter podehl
wir spielen die weihnachtsgeschichte,peter podehl
wir spielen dolles,peter podehl
wir spielen robin hood,peter podehl
wir sterben,josephine links
wir stricken eine neue sendereihe aus der reihe,peter podehl
wir tanzen auf dem regenbogen,carmine gallone
wir tanzen auf dem regenbogen,arthur maria rabenalt
wir tanzen um die welt,karl anton
wir tragen die last nicht allein... - gedanken zum totensonntag,udo langhoff
wir treiben es bunt,dieter wendrich
wir verbauen 3 x 27 millia. dollar in einen angriffsschlachter,alexander kluge
wir verstehen uns,gitta nickel
wir von gottes gnaden... hoheit vater und sohn,ernst reicher
wir waren drei,rainer wolffhardt
wir waren in berlin,heinz müller
wir waren in berlin,alfons machalz
wir waren in berlin,joachim hadaschik
wir waren in karl-marx-stadt,jürgen böttcher
wir waren so frei,thomas knauf
wir waren unser sechs,jürgen goslar
wir werden ihn lynchen,helmuth ashley
wir werden ihn mischa nennen,kurt junek
wir wollen niemals auseinandergehen,harald reinl
wir wollen unseren alten kaiser wilhelm wieder haben,dagmar wittmers
wir zahlen bar,erich neureuther
wir zeichnen,georg tressler
wira angkasa,aziz jaafar
wiraz nadziei,mariusz walter
wirb oder stirb,reinhard hauff
wirbel im musikhotel,ruprecht essberger
wirbel um alice,helmut metzger
wirbel um die pferdegala,peter hausner
wirbel um die pferdegala,karsten kiilerich
wirbel um wiebke,wolf dietrich
wire,berkay hasbay
wire,james sheldon
wire cutter,joe dante
wire desire,henri pachard
wire finish,hal cooper
wire hangers,james rolfe
wired,simon hunter
wired,brad jones
wired,larry peerce
wired,gail mancuso
wired-up wearables,peter faiman
wired and fired,manny gould
wired and fired,ben harrison
wired magazine: bill nye answers science questions from twitter,jeffrey kornberg
wired magazine: biologist explains one concept in 5 levels of difficulty - crispr,jeffrey kornberg
wired magazine: blockchain expert explains one concept in 5 levels of difficulty,jeffrey kornberg
wired: part 2,liz holzman
wirehead,timo novotny
wireless,harry lorraine
wireless,mario kovac
wireless,jerry ciccoritti
wireless connection,bhrugesh amin
wiretap,dong-hoon choi
wiretapper,dick ross
wirewolf,steve loter
wirey spindell,eric schaeffer
wiring your brain,gino del guercio
wirklich schade um fred - ein dialog in ionescos manier,dieter giesing
wirklichkeit und phantasie,ron jones
wirkstoff profit - die medikamenten-mafia,walter harrich
wirre zeiten,utz weber
wirre zeiten,oliver dommenget
wirtualne zycie,kordian piwowarski
wirtualne zycie prawdziwa smierc,krzysztof lang
wirtualni przyjaciele,lukasz kosmicki
wirugemu ririku,yoshiyuki tomino
wirus,krzysztof lang
wirus,ireneusz engler
wirus,jan kidawa-blonski
wischauer sprachinsel,richard groschopp
wischmopp,hardi sturm
wischnewskis in not,klaus wirbitzky
wisconsin,joel murray
wisconsin death trip,james marsh
wisconsin standoff: part 1,tom jennings
wisconsin standoff: part 2,tom jennings
wisdom,emilio estevez
wisdom,jessica borutski
wisdom,richard yearwood
wisdom,brad newman
wisdom gone wild,rea tajiri
wisdom of changes - richard wilhelm and the i ching,bettina wilhelm
wisdom of the eighties,woody bavota
wisdom of the holy spirit,oliver hirschbiegel
wisdom of the horse,scott frank
wisdom of the wild,mary field
wisdom of the wise,baz taylor
wisdom teeth,don hertzfeldt
wise blood,john huston
wise child,gerald blake
wise child: part 1,bill podmore
wise child: part 2,bill podmore
wise child: part 3,bill podmore
wise flies,dave fleischer
wise girl,leigh jason
wise girls,e. mason hopper
wise guise,otto messmer
wise guys,brian de palma
wise guys,harry langdon
wise guys,john wahba
wise guys,claude chabrol
wise guys prefer brunettes,f. richard jones
wise guys prefer brunettes,stan laurel
wise husbands,frank reicher
wise little gudgeon,valentin karavaev
wise mans,jim field smith
wise or otherwise,richard smith
wise quackers,friz freleng
wise quacks,robert clampett
wise quacks,mannie davis
wise up,stefan brogren
wise up: part one,owen brenman
wise up: part two,owen brenman
wise wimmin,stephen roberts
wise wives,lee moran
wise wives,eddie lyons
wisedocs,michael patrick jann
wisegal,bruce bilson
wisegal,jerry ciccoritti
wisegirls,david anspaugh
wiseguy,james whitmore jr.
wiseguy,enrique cahen salaberry
wiseguys vs. zombies,adam minarovich
wish,mario pagano
wish,adam aljovich
wish,kôtarô tamura
wish,toshiki hirano
wish,jim hanks
wish,matt day
wish,tetsurô araki
wish,cory edwards
wish,derek price
wish,kevin porter
wish,john johnson
wish,yoshiaki kawajiri
wish-house rocked,yvette kaplan
wish granted,aliki theofilopoulos
wish granted,maryo j. de los reyes
wish i was here,zach braff
wish i were here,joe zappa
wish list,elodie keene
wish list: part 1,james rolfe
wish list: part 2,james rolfe
wish me luck,angela robinson witherspoon
wish me luck,philip j. jones
wish me luck...,robin nash
wish on the moon,charles saunders
wish on the moon,johnny desmond
wish on the moon,delbert mann
wish or wish out,ray patterson
wish star,carl t. rogers
wish to be,sridhar ranganath
wish to be a red indian,tibor szemzö
wish to live,barry alexander brown
wish u were here: to the moon tribute,anthony cruze
wish upon,john r. leonetti
wish upon a coin,william reiss
wish upon a star,herb wallerstein
wish upon a star,yutaka izubuchi
wish upon a star,sutton roley
wish upon a star,kenji kamiyama
wish upon a star wars,sofia lauren giannetti
wish upon the star shooting through the dark,amber lee connors
wish wise,peter j. morton
wish you the best,quinn baganz
wish you well,darnell martin
wish you were dead,valerie mccaffrey
wish you were dead,nicolas naranjo
wish you were fear,cameron rostami
wish you were here,david duchovny
wish you were here,michael lembeck
wish you were here,david leland
wish you were here,stuart allen
wish you were here,rob corn
wish you were here,ronnie baxter
wish you were here,charles barton
wish you were here,june howson
wish you were here,don chaffey
wish you were here,martin shardlow
wish you were here,darryn welch
wish you were here,moira armstrong
wish you were here,e.w. swackhamer
wish you were here,chris carter
wish you were here,drusilla phillips
wish you were here,kieran darcy-smith
wish you were here,john enter
wish you were here,christopher strong
wish you were there,peter frazer-jones
wish you were there,lindsay anderson
wishbaby,stephen w. parsons
wishbone,marc daniels
wishbone,michael zen
wishbone,timothy gaer
wishbone,ali atshani
wishbone,hal sutherland
wishbone,joseph w. sarno
wishbone ash in concert: remastered,phillip goodhand-tait
wishbone reboot,alex fernie
wishbones,david wellington
wishbones,brian sheesley
wishbones,juli murphy
wishcraft,richard wenk
wished,dayyan eng
wished on mabel,roscoe 'fatty' arbuckle
wishes,michael a. hoey
wishes,antonio chavez trejo
wishes,w.p. kellino
wishes,todd blood
wishes come true,zinaida brumberg
wishes come true,paul lynch
wishes come true,valentina brumberg
wishes come true,shin itagaki
wishes do come true with wako wako (finale),ricky rivero
wishes on a falling star,paolo cellammare
wishes on the water,kôichi sakamoto
wishful beginnings,tawnia mckiernan
wishful thinking,valerie landsburg
wishful thinking,morten tyldum
wishful thinking,martin cummins
wishful thinking,giancarlo fiorentini
wishful thinking,jane sablow
wishful thinking,jonathan grimm
wishful thinking,murray langston
wishful thinking,roy karch
wishful thinking,neil schell
wishful thinking,rohit gaur
wishful thinking,candy guard
wishful thinking,dane boedigheimer
wishing,harold d. schuster
wishing,emilio estevez
wishing and hoping,esben storm
wishing for a hero,peter salmon
wishing on a bar,richard boden
wishing well,harve foster
wishing well,maurice elvey
wishing well,matt nielsen
wishing you were here,russ petranto
wishlist,álvaro díaz lorenzo
wishlist,allisyn snyder
wishman,james frawley
wishmaster,robert kurtzman
wishmaster 2: evil never dies,jack sholder
wishmaster 3: beyond the gates of hell,chris angel
wishmaster 4: the prophecy fulfilled,chris angel
wishmasters,peter hausner
wishy-washy: experiment 267,mike girard
wishy washy pt. 1,jeffrey g. hunt
wisior,kazimierz tarnas
wisior,krzysztof szmagier
wisla,josef dabernig
wismichu,ricardo castella
wisnie,gerard zalewski
wisnie,michael günther
wissel,casper hariot
wissen,manfred gussmann
wissen ist macht,christian singh
wissen ist macht,uwe wilhelm
wissen ist macht,harald sicheritz
wissen ist macht,vera loebner
wissen ist macht und morgenstund hat gold im mund,rainer werner fassbinder
wissen ist ohnmacht,dieter kehler
wissenschaft weist neue wege,martin rikli
wisteria cottage,robert stevens
wisteria cottage,robert stevens
wisteria lodge,roger jenkins
wisteria lodge,peter hammond
wisteria memories,edwin r. phillips
wistful words,abhishek rai
wit,mike nichols
wit,lluís pasqual
wit begint zwart wint,dennis bots
wit is ook een kleur,sunny bergman
wit is troef,jan vanderheyden
wit of zwart,maurits balfoort
wit wins,burton l. king
wita was polska,bohdan swiatkiewicz
witaj europo,krzysztof jaroszynski
witaj grand,maciej dejczer
witaj henryku,agnieszka elbanowska
witaj mamo,maciej wojtyszko
witajcie w bezdomnosci,henryk dederko
witch,sergey a.
witch,beth gosnell
witch,emanuele salvatore
witch-hunt,moira armstrong
witch 2,sergey a.
witch academy,fred olen ray
witch bear,paul landres
witch came first,melissa joan hart
witch castle in the sea of death,rintarô
witch college,erik canuel
witch coven college,jim holliday
witch crafty,paul j. smith
witch day,anne walker farrell
witch doctor,douglas hurn
witch from nepal,siu-tung ching
witch girl,ricardo uhagon vivas
witch hex mutilation murder house: shrewsbury pa,dan bell
witch hunt,eva rivera-ferrell
witch hunt,james whitmore jr.
witch hunt,johno faherty
witch hunt,james genn
witch hunt,guy ferland
witch hunt,conrad faraj
witch hunt,michael turner
witch hunt,jennifer dimarco
witch hunt,ian jones
witch hunt,autumn joiner
witch hunt,steven scaffidi
witch hunt,guy norman bee
witch hunt,derek lister
witch hunt,riitta-leena lynn
witch hunt,paul schrader
witch hunt,jack arnold
witch hunters,richard chandler
witch hunts,bruce burgess
witch lady,eyal gordin
witch madness,faith hubley
witch of the woods,douglas heyes
witch of wyckhadden,geoffrey sax
witch or wife,william asher
witch perfect,gina rodriguez
witch season,john johnson
witch shrinks you as punishment,xev bellringer
witch story,alessandro capone
witch trash,peter baldwin
witch trial,craig zisk
witch way out,ernest reid
witch witch burning bright,john badham
witch woman,harry harris
witch wood,chloe gibson
witch world,ian curtis
witchbane,jeremy phoenix williams
witchbane: hunters,jeremy phoenix williams
witchblade,jacob hope chapman
witchboard,chuck russell
witchboard,kevin tenney
witchbusters,lee bernhardi
witchcraft,colin gilbert
witchcraft,magdolna cecília eröss
witchcraft,terry hughes
witchcraft,charles bail
witchcraft,don sharp
witchcraft,ryan stockstad
witchcraft,harold young
witchcraft,steven rumbelow
witchcraft,b. vittalacharya
witchcraft,peyton reed
witchcraft,allison pregler
witchcraft,sergio mimica-gezzan
witchcraft,frank reicher
witchcraft 10: mistress of the craft,allison pregler
witchcraft 12: in the lair of the serpent,allison pregler
witchcraft 13: blood of the chosen,mel house
witchcraft 14: angel of death,david palmieri
witchcraft 14: angel of death,allison pregler
witchcraft 15: blood rose,allison pregler
witchcraft 15: blood rose,david palmieri
witchcraft 16: hollywood coven,david palmieri
witchcraft 16: hollywood coven,allison pregler
witchcraft 2: the temptress,allison pregler
witchcraft 4: the virgin heart,allison pregler
witchcraft 7: judgement hour,michael paul girard
witchcraft a go-go,hollingsworth morse
witchcraft ii: the temptress,mark woods
witchcraft iii: the kiss of death,allison pregler
witchcraft iv: the virgin heart,james merendino
witchcraft ix: bitter flesh,michael paul girard
witchcraft ix: bitter flesh,allison pregler
witchcraft v: dance with the devil,allison pregler
witchcraft vi,julie davis
witchcraft vii: judgement hour,allison pregler
witchcraft washington style,oscar rudolph
witchcraft x: mistress of the craft,elisar cabrera
witchcraft xi: sisters in blood,ron ford
witchcraft xi: sisters in blood,allison pregler
witchcraft xiii: blood of the chosen,allison pregler
witchdoctor in tails,paolo cavara
witcher 3,joe vargas
witchery,fabrizio laurenti
witchery,allison pregler
witchery deal,javier elorrieta
witches,angela robinson
witches,abbi jacobson
witches,seth chitwood
witches,maia krall fry
witches and warlocks are my favorite things,william asher
witches are bitches,rodney moore
witches brew,terry bishop
witches can be bitches,eileen daly
witches of east arlen,matt engstrom
witches of east arlen,klay hall
witches of east end,julianna strickland
witches of mass destruction,james r. bagdonas
witches of the abbey,terry marcel
witches of the caribbean,david decoteau
witches of the mist,giancarlo volpe
witches to the north,giovanni veronesi
witches trail,bruce bilson
witchfinder,john hillcoat
witchfinder general,michael reeves
witchfire,vincent j. privitera
witchhammer,otakar vávra
witching and bitching,álex de la iglesia
witching time,don leaver
witchmaster general,jim haggerty
witchouse,david decoteau
witchouse 3: demon fire,j.r. bookwalter
witchouse ii: blood coven,j.r. bookwalter
witchplay,jeff burr
witchright hall,kenneth r. koch
witchslayer gretl,mario azzopardi
witchsmeller pursuivant,martin shardlow
witchstock,james a. contner
witchtrap,kevin tenney
witchville,pearry reginald teo
witchy simone ruins everything,ken mitchroney
with 500 rupees to heaven,jan gassmann
with 500 rupees to heaven,thomas jörg
with a clear mind,lazarus x
with a cry,vasiliki eliopoulou
with a dream greater than earth,shin'ichi watanabe
with a friend like harry,adam bernstein
with a friend like harry...,dominik moll
with a girl at stake,hal clements
with a girl of himalaya,soo-il jeon
with a heavy heart,michael preece
with a kodak,mack sennett
with a life at stake,william bertram
with a little bit of luck,les chatfield
with a little help,josh greenbaum
with a little help from my friends,cyril aris
with a little help from my friends,brian grant
with a little help from my friends,john bowab
with a little help from my friends,burt brinckerhoff
with a little help from my friends: part 1,brian grant
with a little help from our friends,martin freeth
with a little help of my friends,carlos ruano
with a little patience,roberto scarpetti
with a mouse: to your mouth,nick peterson
with a piece of chalk,julien bam
with a pin,shaun sutton
with a pinch of salt,douglas argent
with a shout not a whimper,marc daniels
with a smile,andrew v. mclaglen
with a smile,maurice tourneur
with a song in my heart,walter lang
with a song in your heart and a knife in your back,howard storm
with a sort of love,bill bain
with a vengeance,geoffrey nottage
with a vengence,danny aiello iii
with a wiggle in her walk,bobby hollander
with a wonder and a wild desire,debbie allen
with affection jack the ripper,robert day
with alex jolig,sam chegini
with all deliberate speed,peter gilbert
with all deliberate speed,robert markowitz
with all her heart,frank wilson
with all my heart,neill fearnley
with all my heart,roy kellino
with all my love,lewis r. foster
with all my worldly goods,john frankau
with all power,hiroyoshi mitsunobu
with allenby in palestine and lawrence in arabia,lowell thomas
with almost nothing,margarida cardoso
with an x,guy ferland
with apologies to jesse jackson,trey parker
with beak and claw,krystian matysek
with beauty and sorrow,masahiro shinoda
with best dishes,milton schwarzwald
with bobcat goldthwait,ben stiller
with bridges burned,ashley miller
with broken wings,orestes caviglia
with buffalo bill on the u. p. trail,frank s. mattison
with camera and gun in newfoundland,lee wulff
with chagrin in his heart,morio asaka
with chagrin in his heart,toshio hirata
with child,james burrows
with criminal intent,jay woelfel
with dad over a distance,jakub kren
with davy crockett at the fall of the alamo,robert n. bradbury
with deadly sorrow,paul henreid
with dennis miller,ben stiller
with determination and ambition,noboru ishiguro
with drums and trumpets,marcel carrière
with edged tools,dick cruikshanks
with edged tools,joseph albrecht
with elizabeth in mount dora,jhonny obando
with eric gone sabel is set to inherit a fortune,francis xavier pasion
with every step,charlene prickett
with eyes so blue and tender,e.a. martin
with fear and passion,nikos foskolos
with fidel whatever happens,goran radovanovic
with fire,eagle egilsson
with fire and sword,jerzy hoffman
with fire as witness,shyamaprasad
with firm intent,neil mayo
with flash and thunder,junji nishimura
with friends like porter,james widdoes
with friends like these,felix van groeningen
with friends like these,robert moore
with friends like these,paul unwin
with friends like these,matthew bellamy
with friends like these,tyler perry
with friends like these,steve loter
with friends like these,steve zuckerman
with friends like these,stuart gillard
with friends like these,derrick goodwin
with friends like these...,lou antonio
with friends like these...,jason sands
with friends like you,david askey
with garry shandling,ben stiller
with george bush on my mind,joaquín oristrell
with glittering eyes,panos glykofrydis
with glory and honor,richard goode
with god as my witness,stuart margolin
with good grace,adrian vitoria
with grace and gratitude,sydney freeland
with great joy,lodewijk crijns
with great power...,tristram shapeero
with great power: the stan lee story,terry dougas
with great power: the stan lee story,will hess
with gun and camera,nigel williams
with gun and camera,tristram powell
with gun and camera,richard eyre
with heavy hands,jeremy ford
with hellfire and thunder,jud taylor
with help from ulysses,don mcdougall
with her,laurent morlet
with her card,d.w. griffith
with his hands,charles brabin
with honesty and integrity,bud townsend
with honor,donna deitch
with honor,peter werner
with honors,harvey s. laidman
with honors,alek keshishian
with hoops of steel,eliot howe
with human instinct,h.o. martinek
with intent to die,winrich kolbe
with intent to influence,herschel daugherty
with intent to kill,nicholas webster
with intent to kill,elliot schick
with intent to kill,cyril coke
with inward eyes illuminated,james cellan jones
with it,hunter carson
with james doohan,ben stiller
with jens bjerre among bushmen,jens bjerre
with jens bjerre among cannibals,jens bjerre
with john pallotta and advice to the players,john pallotta
with just a little trust,tony franke
with just that i feel like i could keep on running forever,kônosuke uda
with kind regards from kindergarten,mark osborne
with lee in virginia,william j. bauman
with lena katina,sam chegini
with liberty and justice for all,richard dunlap
with liberty and justice for all,gene milford
with love and hisses,fred guiol
with love and kisses,leslie goodwins
with love and twitches,gary nelson
with love belinda,john king
with love bullets and valentines,philip leacock
with love from adolf,henry herbert
with love from god,olivia sorley
with love from irving,e.w. swackhamer
with love from madagascar,karsten pruehl
with love from suffolk,graham baker
with love from susan,hal freeman
with love from truman,albert maysles
with love from truman,charlotte zwerin
with love from truman,david maysles
with love in mind,robin cecil-wright
with love lilly,larisa sadilova
with love littledove,buck adams
with love marty,jack kyser
with love sophia,michael pfleghar
with love the claus,michael landon
with love...,emanuel ruggeri
with luv from rosie,peter graham scott
with malice for one,eddie davis
with malice in blunderland,george gordon
with malice in blunderland,arthur davis
with malice in blunderland,sid marcus
with malice in blunderland,gerry chiniquy
with malice toward one,jules bricken
with me,fro rojas
with menaces,tristan de vere cole
with menaces: part 1,bob hird
with menaces: part 2,bob hird
with menaces: part 3,bob hird
with mirth in funeral and with dirge in marriage,mark schwahn
with murder in mind,michael tuchner
with mustard,lucio castro
with my eyes wide open,gonzalo arijon
with my house upon my back,david caesar
with neatness and dispatch,will s. davis
with neil taylor,sam chegini
with no prior information,naor zion
with no regrets,oscar rudolph
with no words,felix martinsson
with nobody,ivanka grybcheva
with nothing left,alexander mark hansen
with oak leaves and fig leaf,franz-josef spieker
with one mind,jake carpenter
with open arms,jeff faulkinbury
with open arms,luis puenzo
with open hands,sabine küper-büsch
with open heart,oto denes
with or without glasses,rod amateau
with or without you,graeme campbell
with or without you,michael winterbottom
with or without you,ed bianchi
with or without you,chandra wilson
with or without you - u2 - cover by frenchsaba ep 57,saba
with orson welles: stories of a life in film,leslie megahey
with our own two hands,peter raymont
with peter beard in africa: last word from paradise,mel stuart
with pleasure madame,victor hanbury
with pleasure madame,john stafford
with prejudice,esben storm
with pyramids,renate sami
with real stars above my head,alfredo covelli
with rhyme and reason,kate donnelly
with rikitik continuously using the power of the crystal ball the rest of the dwende tribe loses their collective strength,jeffrey jeturian
with rob morrow,ben stiller
with robots in mind,robert fox
with rod and gun in canada,van campen heilner
with rod and reel on anticosti island,van campen heilner
with rutile...,nobuyoshi habara
with shining blue fire,takashi imanishi
with sitting bull at the spirit lake massacre,robert n. bradbury
with six you get eggroll,howard morris
with sonia wieder-atherton,chantal akerman
with stanley in africa,edward a. kull
with stanley in africa,william james craft
with stolen money,wilbert melville
with strings attached,leonard j. horn
with such enemies,george tyne
with suicidal intent,ian fordyce
with suicidal intent,bill morton
with the abraham lincoln brigade in spain,henri cartier-bresson
with the aid of phrenology,edward dillon
with the aid of the law,tom mix
with the aid of the wrecker,j. gunnis davis
with the canadians in korea,julian biggs
with the devil in the body,raúl de anda
with the eyes of love,george lessey
with the eyes of the blind,walter edwin
with the girl of black soil,soo-il jeon
with the greatest of ease,james frawley
with the help of the ladies,john a. murphy
with the help of your grace to sin no more,thom fitzgerald
with the hush of my lips,juan pittaluga
with the mercy of god and his power,ehud ye'ari
with the mic and the 40 caliber,jessy terrero
with the reindeer,erik blomberg
with the reindeer,eino mäkinen
with the rich and mighty always a little patience,paul wendkos
with the weapons of a mrs.,allan arkush
with the wind,bettina oberli
with thee i swing,jean sagal
with these gloves you can pass through mirrors (part 2),william brayne
with these hands,jack arnold
with these hands,z'ev
with these hands...,don chaffey
with this ball and chain,jefferson kibbee
with this gown i thee wed,ralph levy
with this gun i thee wed,seymour robbie
with this hart i thee wed,burt brinckerhoff
with this hood i thee wed,alan rafkin
with this ring,elliott lewis
with this ring,fred windemere
with this ring,nicholas laughland
with this ring,charles barton
with this ring,tom moore
with this ring,lawrence dobkin
with this ring,james sheldon
with this ring,john brahm
with this ring,beth mccarthy-miller
with this ring,alvin ganzer
with this ring,jason priestley
with this ring,nzingha stewart
with this ring,ozzie nelson
with this ring,michael ritchie
with this ring i thee kill,david nutter
with this ring...,jason sands
with tito through macedonia,aco petrovski
with us,fro rojas
with vinegar and brown paper,robert fuest
with will rogers in dublin,carl stearns clancy
with will rogers in london,carl stearns clancy
with will rogers in paris,carl stearns clancy
with williamson beneath the sea,j. ernest williamson
with wings,jill riley
with wings outspread,robert j. horner
with you,eva könnemann
with you always,angela besharah
with you counting lambs,leonardo brzezicki
with you forever,henry barakat
with you forever,hasan ramzi
with you i am again,andrey khrzhanovskiy
with you in spirit,steven levitan
with you without you,prasanna vithanage
with your guest host tony dimeo...,gail mancuso
with your kind permission,reginald smith
withdrawal,gerard stembridge
withdrawal,alex ketchum
withdrawal,kevin inch
withdrawal,tim matheson
withdrawal,joe comerford
withdrawal,conor allyn
withdrawl,dax thomas
withered flowers blooming,martin schreier
withered hands,edwin august
withered in a blooming season,zi'en cui
withered leaf,duminda sanjeewa
withering,milos pusic
withering azalea,marco bottiglieri
withering flowers,kantilal rathod
withering roses,harry a. pollard
withering tree,rory power-gibb
withheld,johnathan sousa
within,marco duran
within,kim manners
within,gabbi tuft
within,merlin ward
within,phil claydon
within a blink of an eye,rod wess
within a year and a day,christopher hodson
within an ace,theodore marston
within an ace,theo frenkel
within an inch of his life,webster cullison
within circles,phillip wilson
within grasp,jen west
within grasp,veit helmer
within her eyes,james alexandrou
within hindsight,derek cole
within limits,christopher hodson
within me,abdulaziz alballam
within our gates,oscar micheaux
within our gates,frank harvey
within shadows,olivia oppenheim
within shadows,dominic orozco
within sight of shore,ian macmillan
within the cup,raymond b. west
within the hour,marshall farnum
within the ivory tower,christian h. clark
within the law,frank lloyd
within the law,vere lorrimer
within the law,timothy bond
within the law,monte luke
within the law,gustav machatý
within the law,william p.s. earle
within the nest,matthew mercer
within the noose,tom forman
within the rock,gary j. tunnicliffe
within the shadows,michael g. petersen
within the shadows,mark roemmich
within the study,jennifer dimarco
within the whirlwind,marleen gorris
within the woods,ciro nieli
within the woods,sam raimi
within the woods (1978) - review,john h. shelton
within their reach: dundalk fc,david lennon
within these walls,h. bruce humberstone
within these walls,manfred guthe
within this monster dwells a man,clyde geronimi
within this monster dwells a man,sid marcus
within us,derek wayne johnson
within us: the short,derek wayne johnson
withindoors,russell webber
without,kim manners
without,alexandros avranas
without a clue,lawrence kasha
without a clue,thom eberhardt
without a clue,brian amyot
without a country,dee rees
without a flag,lionello de felice
without a happy end,emilia sniegoska
without a hitch,kenn navarro
without a hitch,kenn navarro
without a kiss goodbye,noel nosseck
without a mom,william branden blinn
without a net,harve foster
without a net,mel damski
without a net: creating nypd blue,marc ostrick
without a net: the digital divide in america,rory kennedy
without a paddle,steven brill
without a pass,marco williams
without a sound,mike norris
without a trace,stanley r. jaffe
without a trace,george mendeluk
without a trace,steven wesley miller
without a trace,paul jarrett
without a trace,wesley emerson
without a trace: part 1,herbert wise
without a trace: part 2,herbert wise
without a tracer,peter markle
without a wife,allen watt
without accoutrements,james duke
without allies,nathan blackwell
without anesthesia,andrzej wajda
without apology,dianne houston
without apparent motive,philippe labro
without appeal,bruno gantillon
without benefit of clergy,james young
without benefit of clergy,waris hussein
without benefits,sara mornell
without bias,kirk fraser
without bias,kirk fraser
without breath,fabio stoll
without cfc,stefan weinert
without charlie,adam rifkin
without cheese,vivek krishnan
without children,william nigh
without coal,vernon stallings
without coal,walt hoban
without compromise,emmett j. flynn
without conscience,vangelis serdaris
without consent,derek lister
without consent,robert iscove
without consent,alan coleman
without diana,lesli linka glatter
without dowry,yakov protazanov
without due care,eric marquis
without each other,saul swimmer
without evidence,gill dennis
without evidence,william p. burt
without family,vittorio gassman
without family,giorgio ferroni
without farewell,ahmad amini
without farewell,ahmed dia el din
without father,kim eung-soo
without favour,frank cox
without fear,kenneth s. webb
without fear,stuart rosenberg
without fear,don chaffey
without fear or favor,delbert mann
without fear or favor: the best in broadcast journalism,david grubin
without fear or favor: the best in broadcast journalism,david grubin
without feathers,matt dearborn
without force,christopher king
without form and void,edward martin iii
without grace,deborah kampmeier
without her,jean beaudin
without her consent,sandor stern
without honor,e. mason hopper
without honor,irving pichel
without honor,robert butler
without honor,william nigh
without hope,hassan reda sr.
without hope,fred mace
without identity,konstantinos topalis
without incident,charles marquis warren
without incident,ron way
without jill,kent moran
without just cause,cyril coke
without letting go,kôichi chigira
without light,gregory milne
without limit,george d. baker
without limits,robert towne
without limits 2,antonio adamo
without limits: sex out of control,antonio adamo
without love,harold s. bucquet
without magic for a spell,michael kennedy
without malice,rob w. king
without me,ahmet küçükkayali
without me by halsey,todd nathanson
without memory,hirokazu koreeda
without men,rezo gigineishvili
without mercy,frederick king keller
without mercy,james frawley
without mercy,don mcdougall
without mercy,george melford
without milk,thodoris vournas
without name,lorcan finnegan
without orders,lew landers
without orders,leo d. maloney
without pants,phillips smalley
without pity,vince benedetti
without prejudice,ronnie baxter
without prejudice,peter moffatt
without prejudice,roger cheveley
without prejudice,gilbert m. shilton
without prejudice,aleksandr razumnyj
without provocation,norm sanders
without reason,darren j. perry
without regret,harold young
without remorse,stefano sollima
without reservations,jonathan schmock
without reservations,mervyn leroy
without rhyme or reason,hari sama
without saying,paul dingwall
without shame,lancelot oduwa imasuen
without shame 2,lancelot oduwa imasuen
without spear or sword,peter maxwell
without stick or sword,paul stanley
without sunlight,konstantin korenchuk
without sunshine,nicholas j. signorelli
without tears,mahmoud zulfikar
without the bomb,darrol blake
without the city,gerard glaister
without the king,michael skolnik
without their maker,frederick e.o. toye
without this world,nora fingscheidt
without time or reason,seymour kneitel
without title,jacek blawut
without trumpet or drum,roger blanc
without trumpet or drum,helmut käutner
without warning,robert iscove
without warning,greydon clark
without warning,corey mayne
without warrant,michael adante
without wheat there is no bread,john newland
without words,ryan m. james
without words,jacob johnston
without words,dmitri frolov
without work: killing time,david wellington
without you,sonny vellozzi
without you,mårten klingberg
without you,robert cormack
without you,john daumery
without you,asger lindgaard
without you,k. marie walters
without you,jeannot szwarc
without you,brad armstrong
without you,piotr szkopiak
without you,julian simpson
without you,tania raymonde
withstand one night,ryan sage
witless,jackie cooper
witless protection,don roos
witless protection,charles robert carner
witlod gombrowicz: voorvallen avonturen,jan decorte
witness,lamont johnson
witness,mark chavarria
witness,sheikh shahnawaz
witness,alfie barker
witness,alan gibson
witness,malcolm taylor
witness,aleksandr khvan
witness,grant harvey
witness,leslie goodwins
witness,alexandre astier
witness,nicholas sgarro
witness,roger jenkins
witness,krzysztof zanussi
witness,robby benson
witness,marcello daciano
witness,vince gilligan
witness,eagle egilsson
witness,frederick e.o. toye
witness,julia smith
witness,peter weir
witness,paul ruven
witness,paul eddey
witness,peter levin
witness,mel damski
witness,rick wallace
witness,graham theakston
witness,james whitmore jr.
witness,ed bye
witness,alan bridges
witness a momentous occasion for eva and toshiro,frasco mortiz
witness against the judge,monroe p. askins
witness at large,steve previn
witness for death,robert stevens
witness for the defense,seymour robbie
witness for the defense,george waggner
witness for the defense,frank mcdonald
witness for the execution,alan rafkin
witness for the execution,paul krasny
witness for the execution,joseph pevney
witness for the penetration,mitch spinelli
witness for the persecution,russ petranto
witness for the persecution,peter duffell
witness for the persecution,james komack
witness for the persecution,hollingsworth morse
witness for the persecution,sidney miller
witness for the prosecution,dennie gordon
witness for the prosecution,billy wilder
witness for the prosecution,james hampton
witness for the prosecution,ben affleck
witness for the prosecution,john glyn-jones
witness for the prosecution,richard goode
witness for the prosecution,alan gibson
witness for the prosecution,gordon duff
witness from dinotopia,tim vandesteeg
witness from the dead,gene fowler jr.
witness guy,matthew diamond
witness impossible: holy ghost protocol,tatum shank
witness in the dark,wolf rilla
witness in the dark,wolf rilla
witness in the window,boris sagal
witness killed,jun fukuda
witness marks,mike flanagan
witness no evil,richard bartlett
witness of truth: the railway murders,bren simson
witness protection,cory parella
witness protection,richard pearce
witness protection,gregory j. bonann
witness protection breakdown,sebrina bedard
witness protection for the archangel lucifer,jorge montesi
witness summons,david askey
witness the dawn of a new day,addison o'dea
witness the fitness,denis chernov
witness the fitness,henry scriven
witness this,micah moses
witness to a kill,darrell roodt
witness to a lynching,richard c. bennett
witness to a revolution,ben moses
witness to an incident,alexander singer
witness to condemn,robert florey
witness to hiroshima,kathy sloane
witness to murder,roy rowland
witness to murder,lela swift
witness to murder,buzz kulik
witness to murder,stan harris
witness to murder,paul jarrett
witness to murder,duane clark
witness to murder,robert stevens
witness to terror,paul landres
witness to the execution,tommy lee wallace
witness to the mob,thaddeus o'sullivan
witness unprotected,fred olen ray
witness wife,leon benson
witness within,sutton roley
witness: jesse duke,hollingsworth morse
witness: part 1,ricky sandhu
witness: part 2,ricky sandhu
witness: the night,ian fordyce
witnesses,grace guggenheim
witnesses,martyn burke
witnesses,gregori j. martin
witnesses,vinko bresan
witnesses,allisyn snyder
witnesses,derrick knight
witnesses,charles guggenheim
witnesses cost extra,james ormerod
witnessing,rebecca lally
witold gombrowicz,andrzej wolski
witold gombrowicz 1904-1939,andrzej wolski
witold lutoslawski in conversation with krzysztof zanussi,krzysztof zanussi
witraze,jan lomnicki
wits end,roger blais
wits vs. wits,harry grossman
witschi geht,paolo poloni
witsec stepmother,tawnia mckiernan
witt - auf ewig,gert hof
witt - auf ewig,edwin brienen
witt and the magical spirits,daniel klimek
witte muizen,nico knapper
witte puntjes,diederik ebbinge
witte vlam,charles dekeukeleire
witte wiefen,pieter verhoeff
witte zwanen zwarte zwanen,jukka virtanen
wittgenstein,derek jarman
wittgenstein tractatus,péter forgács
wittstock iii,volker koepp
wittstock wittstock,volker koepp
witty hand witty sword,hsueh-li pao
witty kitty,alex lovy
witty urbane and erudite,howard storm
witwe in weiss,kaspar heidelbach
witwen,olf fischer
witwentrost und leidenschaft,franz geiger
witz,martine doyen
witz als schicksal - schicksal als witz,robert a. stemmle
witz mit todesfolgen,rainer wolffhardt
witzleben,hellmuth costard
wives,anja breien
wives,jay sandrich
wives and losers,marc daniels
wives and lovers,richard spence
wives and lovers,john rich
wives and lovers,william g. stewart
wives and lovers,silvio narizzano
wives and obscurities,leonardo de mitri
wives and old sweethearts,lee moran
wives and old sweethearts,eddie lyons
wives and other wives,lloyd ingraham
wives and wives,pramod pati
wives and women,richard smith
wives and worries,william beaudine
wives at auction,elmer clifton
wives at play,edward d. wood jr.
wives beware,fred niblo
wives club,nica noelle
wives for wakando,richard kinon
wives iii,anja breien
wives never know,elliott nugent
wives of men,john m. stahl
wives of the rich,thomas n. heffron
wives of the rich and famous,sharon mitchell
wives on parade,im kwon-taek
wives under suspicion,james whale
wiz-pad fever,keaton stewart
wiz on down the road,elliot geisinger
wizard,larry leichliter
wizard,randy kent
wizard-in-training,elliot m. bour
wizard battle,larry leichliter
wizard boy,david dietz
wizard for a day,bob koherr
wizard life,dre swain
wizard mode,nathan drillot
wizard of bras,joe napolitano
wizard of dreams,natasha kojic
wizard of menlo park,don towsley
wizard of menlo park,rudy larriva
wizard of menlo park,lou zukor
wizard of odd,jay lender
wizard of odds,rob bowman
wizard of ooze,bruce bilson
wizard of oz,james rolfe
wizard of oz 3: dorothy goes to hell,james rolfe
wizard of the desert: an alexander vesely film,alexander vesely
wizard of the saddle,frank howard clark
wizard school,mike booth
wizard school: part 1,mark cendrowski
wizard school: part 2,mark cendrowski
wizard wars,rudy larriva
wizard wars,john kimball
wizard world atlanta 2014,paul sanders
wizard world columbus ohio 2016,paul sanders
wizard world new york city 2013 featuring government cheaze,paul sanders
wizard world ohio 2014,paul sanders
wizard world philadelphia 2013 featuring government cheaze,paul sanders
wizard world philadelphia 2014,paul sanders
wizard world philadelphia 2015,paul sanders
wizard world raleigh 2015 featuring purple planet music,paul sanders
wizard world richmond 2014,paul sanders
wizard world richmond 2016,paul sanders
wizards,ralph bakshi
wizards and giants,andrés couturier
wizards and warlocks,bruce kessler
wizards and warriors (nes),mike matei
wizards and witches,michael lindsay-hogg
wizards exposed,bob koherr
wizards of perfil,keith fulton
wizards of perfil,louis pepe
wizards of the demon sword,fred olen ray
wizards of the lost kingdom,joel hodgson
wizards of the lost kingdom,héctor olivera
wizards of the lost kingdom ii,joel hodgson
wizards of the lost kingdom ii,charles b. griffith
wizards of waverly place,art spigel
wizards of waverly place,william butler
wizards of waverly place: the movie,doug walker
wizards only fools,nate cash
wizards vs. vampires: dream date,bob koherr
wizards vs. vampires: tasty bites,mark cendrowski
wizerunek,okil khamidov
wizja lokalna 1901,filip bajon
wizyta,marcel lozinski
wizyta,miroslaw dembinski
wizyta starszej pani,waldemar krzystek
wizyta starszej pani,dariusz jablonski
wizyta tesciowej,monika figura
wizyta tesciowej,grzegorz lewandowski
wizytacje,wojciech adamczyk
wizzle wishes,gary conrad
wjm tries harder,jay sandrich
wkrecacze,konrad szolajski
wkreceni,piotr weresniak
wkreceni 2,piotr weresniak
wkret,maciej dejczer
wladek,michal kwiecinski
wladek,michal rosa
wladek,wojciech wójcik
wladimir,jim taihuttu
wladimir iljitsch uljanow lenin,andrew thorndike
wladimir iljitsch uljanow lenin,annelie thorndike
wladimir kramnik vs. deep fritz,bernhard pfletschinger
wladimir nixon,michael pilz
wladimir propp - profumo di lupo,angela ricci lucchi
wladimir propp - profumo di lupo,yervant gianikian
wladyslaw malczewski,krystyna nawrocka
wladyslaw starewicz,wadim berestowski
wladyslaw starewicz,andrey istratov
wladza absolutna,grzegorz pacek
wlasciciele,okil khamidov
wlasciwy partner: czesc 1,sebastian chondrokostas
wlasciwy partner: czesc 1,maciej wojtyszko
wlasciwy partner: czesc 2,maciej wojtyszko
wlasciwy partner: czesc 2,sebastian chondrokostas
wlasnie o milosci,juliusz janicki
wloski rozlacznik,wojciech adamczyk
wloskie klimaty,maciej dutkiewicz
wmb: weapons of masturbation,brad armstrong
wmb: weapons of masturbation,paul thomas
wmb: weapons of masturbation,bryn pryor
wmb: weapons of masturbation,michael zen
wmd: weapons of mass deception,danny schechter
wniebowstapienie,maciej englert
wniebowstapienie,roland rowinski
wniebowstapienie,jan rybkowski
wniebowzieci,andrzej kondratiuk
wnioski,tomasz konecki
wnuf halloween special,shawn jones
wnuf halloween special,james branscome
wo ai fang lin,shan-hsi ting
wo ai luo landu,jing wong
wo ai sha sha,fu-ti lin
wo ai tai kong ren,clara law
wo ai wo jia: shang,da ying
wo ai wo jia: xia,da ying
wo ai zi luo lan,yuen chor
wo andere schweigen,ralf kirsten
wo ban cai yun fei,hung-lieh chen
wo bu yao li hun,yuen chor
wo das gute beginnt,jürgen brauer
wo das herz zu hause ist,herrmann zschoche
wo de ai ren jiu shi ni,kea tso
wo de ai ren jiu shi ni,tian-lin wang
wo de shen jing bing,shaudi wang
wo de shi pian,xiaoyu qin
wo de yi jia,xiaofeng hu
wo de yi piao xuan zong tong,ming-cheng chiu
wo dein herz wohnt,stefan bühling
wo der tanz steht,werner boote
wo der teufel wacht,juan luis buñuel
wo der wildbach rauscht,heinz paul
wo der wind so kalt weht,janina jung
wo dich keiner braucht,claire walka
wo die hunde mit den hintern bellen,anna maria roznowska
wo die kontinente brachen - mit geoforschern durch namibia,kristof kannegiesser
wo die lerche singt,hubert marischka
wo die lerche singt,karel lamac
wo die liebe begann,dieter kehler
wo die liebe ist da ist auch gott,hannes tannert
wo du hin gehst...,martin hellberg
wo du hingehst will auch ich hingehen,theo mezger
wo ein wille ist ...,alexander wiedl
wo ein wille ist da ist ein weg,klaus wirbitzky
wo ein wille ist ein weg,hubert moest
wo ein wille ist ist nicht immer ein weg,wolfgang münstermann
wo ein wille ist...,peter wekwerth
wo ein wille ist...,dieter hallervorden
wo erh han-sheng,yi chang
wo es weh tut,daniel krauss
wo fei wu qing,tien-yung hsu
wo feuer ist ist auch rauch,volker köster
wo freundschaft endet,michael zens
wo ge wo qi,tsun-shou sung
wo gehobelt wird..,wilfried dotzel
wo hai shi yong yuan de ai zhe ni,feng-pan yao
wo hu cun,yu huang
wo ich bin ist oben,bettina bouju
wo ist mein dope,benjamin eicher
wo kein licht,christoph schnee
wo keiner mehr ist,felix hassenfratz
wo lai ye,fong pau
wo licht ist ist auch schatten,wolfgang münstermann
wo man sich trifft,thomas fantl
wo man singt ...,ron jones
wo men de yu ren jie,da ying
wo men de zi nu,feng yueh
wo men shi ba lu jun,ping wang
wo men shi shi jie,ping he
wo men yao jie hun,juanjuan chen
wo men yao jie hun,jingbo chen
wo mich keiner kennt,dagmar wittmers
wo rauch ist ist auch feuer,harald helfrich
wo shi sha ren fen,chun yen
wo shi yi ge nu ren,pingqian li
wo sich die wege trennen,günter reisch
wo sich himmel und erde begegnen - 900 jahre stift klosterneuburg,felix breisach
wo ta lang er lai,kun-hou chen
wo tingdao de shengyin,gustavo charif
wo viel licht ist...,mathias luther
wo warst du,katja benrath
wo wir sind ist vorne,dominik graf
wo wir stehen - was uns bleibt,christian twente
wo wohnen alte leute,ella bergmann-michel
wo xin renshi de pengyou,tsai ming-liang
wo yao huo xia qu,tit lee
wo yao jin gui xu,frankie chan
wo yao jin gui xu,norman law man
wo you lai ye,fong pau
woanders scheint nachts die sonne,rolf schübel
wobbegong,owen trevor
wobble the pop star,brian jameson
wobble to death,gordon flemyng
wobbly tables,james rolfe
wobby gurgle,sophia turkiewicz
wobec wyboru,pawel karpinski
woche b,alex medtlek
wochenend,wolfram paulus
wochenend im paradies,robert land
wochenend im paradies,kurt hoffmann
wochenend in tanger,adolf schlyssleder
wochenend und sonnenschein,herrmann zschoche
wochenend und sonnenschein,franz geiger
wochenend und sonnenschein,karsten wichniarz
wochenend wider willen,ernst winar
wochenende im schnee,ulli baumann
wochenende in dakar,jürgen goslar
wochenende in wien,peter sämann
wochenende mit conny,wolfgang bellenbaum
wochenende mit hannelore,gerd oelschlegel
wochenende mit waltraud,roger fritz
wochenendflug,peter keglevic
wochenendfriede,kurt hoffmann
wochenendgeschichten,george moorse
wochenendgeschichten,erwin keusch
wochenendkrieger,andreas geiger
wochenendspiel,michael pfleghar
wochenendstress,wolfgang frank
wochenendzauber,rudolf walther-fein
wochenmarkt,dieter pröttel
wochenschau ii,rolf liccini
wochenschau ii,thomas mitscherlich
wochenschau iii,thomas mitscherlich
wochenschau iii,rolf liccini
wochenschau: im auftrag der arbeiterbewegung,gisela tuchtenhagen
wochentags immer,michael burk
wochimidu,masahiro muramatsu
woda number 6,ujwal ghimire
wodka,johan gevers
wodka,johan gevers
wodka auf ex,stijn coninx
wodka bitter-lemon,franz peter wirth
wodka orange,dominique deruddere
wodzeck,oliver herbrich
wodzirej,feliks falk
woe is me: part 1,brad case
woe is me: part 1,bob bemiller
woe is me: part 1,warren batchelder
woe is me: part 2,warren batchelder
woe is me: part 2,brad case
woe is me: part 2,bob bemiller
woe to the vanquished,metin hüseyin
woe to the young,alekos sakellarios
woe to wo fat,barry crane
woede afreageren,jop de vries
woede en agressie,frank ketelaar
woensdag,bas van der lecq
woensdag,jean-paul arends
woes of a woman,eddie lyons
woes of a woman,lee moran
woeste wieken,dana nechushtan
wofl 2106,david o'reilly
wogan with joanna lumley,arch dyson
wogan with joanna lumley,arch dyson
wogen des schicksals,joe may
woggie,abe r. rated
woh,buddhadev dasgupta
woh 7 din,bapu
woh din aayega,satyen bose
woh din yaad karo,k. amarnath
woh ghar,girish karnad
woh kaun thi,amrit pal
woh lamhe ...,mohit suri
woh main nahin,mohan segal
woh phir aayegi,b.r. ishara
woh phir nahin aaye,joginder shelly
woh subah kabhie to aayegi,jaidev chakraborty
woher nehmen wenn nicht ...,christian singh
woher wir kommen,gero von boehm
woher wir kommen,sebastian scherrer
wohin du auch gehst,hans-jürgen tögel
wohin mit den witwen,dirk kummer
wohin mit willfried,dieter köster
wohlstand 1961-1965,harald sicheritz
wohltun bringt zinsen,franz marischka
wohnen nach wunsch,christian schleisiek
wohngegenstand,peter brunner
wohngemeinschaften,peter weissflog
wohnste sozial haste qual,helga reidemeister
wohnung,imo moszkowicz
wohnung mit aussicht,peter altmann
wohnung zu vermieten,hermann leitner
wohnung zu vermieten,herbert fuchs
wohnungssuche,michael werlin
wohnungssuche,alexander wiedl
wohnungstod,michael mackenroth
wohti le kay jani aay,syed noor
woina i mir,thomas schamoni
wojaczek,lech majewski
wojazer,tomasz konecki
wojeck: out of the fire,george bloomfield
wojewodzianka,aleksander hertz
wojna,krzysztof lang
wojna - moja milosc,wojciech nowak
wojna plci,krzysztof lang
wojna zensko-meska,lukasz palkowski
wojny innych ludzi,michal bukojemski
wojownik ninija,krzysztof jaroszynski
wojtek,wadim berestowski
wok star,adam weissman
wokabaut bilong tonten,oliver howes
woke,zoe xandra
woke doctor,anna akana
woke independence,alex r. wagner
woke up lonely,john dahl
woke up with a monster,hiroki hayashi
wol,françois rents
wol-ha: very bad moon rising,in-chun oh
wole soyinka,ahmed rachedi
wole soyinka: child of the forest,akin omotoso
wolf,claudio giovannesi
wolf,stuart brennan
wolf,daisuke nishio
wolf,mike nichols
wolf,jim taihuttu
wolf,miguel courtois
wolf,nicolas vanier
wolf,rod holcomb
wolf,benj thall
wolf,julia ocker
wolf,sisworo gautama putra
wolf,marc evans
wolf,barry shear
wolf,joseph lejtes
wolf,vilius petrikas
wolf,daniel alfredson
wolf 359,laslo benedek
wolf among the flock,leon ichaso
wolf and calf,mikhail kamenetskiy
wolf and cub,chris fisher
wolf and seven kids in a new way,leonid aristov
wolf and sheep,shahrbanoo sadat
wolf blood,reyna young
wolf boys,antoine fuqua
wolf call,rob underhill
wolf call,george waggner
wolf chases pigs,bob wickersham
wolf child,jamie rix
wolf cola: a public relations nightmare,matt shakman
wolf creek,patrick brice
wolf creek,mat williams
wolf cries boy,uisdean murray
wolf cry,robert g. walker
wolf cub,lesley selander
wolf dog,sam newfield
wolf fangs,lewis seiler
wolf girl,thom fitzgerald
wolf head csi fun time,michael aranda
wolf hound,michael b. chait
wolf hounded,joseph barbera
wolf hounded,william hanna
wolf hour,jens ravn
wolf howl at kennebec cliff,joseph l. scanlan
wolf hunt,allan eastman
wolf im schafspelz,rolf liccini
wolf im schafspelz,filippos tsitos
wolf im schafspelz,peter hill
wolf im schafspelz,vera loebner
wolf im schafspelz,hans werner
wolf im schafspelz,wolfgang frank
wolf in the fold,don lusk
wolf in the fold,arthur davis
wolf in the fold,oscar dufau
wolf in the fold,joseph pevney
wolf in the fold,volus jones
wolf kanagushi bares his fangs,osamu dezaki
wolf lake,burt kennedy
wolf larsen,harmon jones
wolf law,stuart paton
wolf lowry,william s. hart
wolf man,casey walker
wolf man,leigh whannell
wolf moon,russell mulcahy
wolf mother: hunted,alexis ramirez
wolf night,guillem morales
wolf of my dreams,gordon kent
wolf of new york,william c. mcgann
wolf ohne halsband,georg stefan troller
wolf pack,leslie goodwins
wolf pack,bill mason
wolf pack,david hugh jones
wolf pack,ian jones
wolf pack,wilfred eades
wolf pack,william james craft
wolf pack: u-boats in the atlantic - 1939-1944,ted childs
wolf pact,neal e. fischer
wolf population growth,tom fox davies
wolf pride,gordon kent
wolf riders,harry s. webb
wolf song,allan eastman
wolf song,victor fleming
wolf tits: an american superlative,kristian day
wolf to the slaughter: part four,john davies
wolf to the slaughter: part one,john davies
wolf to the slaughter: part three,john davies
wolf to the slaughter: part two,john davies
wolf totem,rob minkoff
wolf totem,jean-jacques annaud
wolf town,roel reiné
wolf track,abner biberman
wolf tracks,robert n. bradbury
wolf tracks,mack v. wright
wolf trap,destiny soria
wolf trap presents victor borge: an 80th birthday celebration,stanley dorfman
wolf unter schafen,alex eslam
wolf warrior,jing wu
wolf warrior 2,jing wu
wolf warrior iii,jing wu
wolf wolf,assaf harel
wolf wondratschek,andré heller
wolfbite,cameron mccasland
wolfblood,george chesebro
wolfblood,bruce mitchell
wolfcadet,chris mackey
wolfcop,lowell dean
wolfcop,allison pregler
wolfcop mail bag with lowell dean,paul sanders
wolfe and montcalm,allan wargon
wolfe and montcalm,kenneth s. webb
wolfe at the door,herbert hirschman
wolfe von lenkiewicz,monika k. adler
wolfen,michael wadleigh
wolfenstein,benjamin hardy
wolfenstein ii,joe vargas
wolfenstein: liberation of london,clinton jones
wolferton splash,stephen daldry
wolff - kampf im revier,christian alvart
wolff brothers cry wolf,melanie mayron
wolffs blut,frank strecker
wolffs falle,manuel siebenmann
wolfgang,anders thomas jensen
wolfgang a. mozart,juraj herz
wolfgang amadeus mozart,stéphan aubé
wolfgang amadeus mozart,klaus steindl
wolfgang amadeus mozart: requiem,humphrey burton
wolfgang ambros,rudi dolezal
wolfgang bauer - stets ein fremder in mir,thomas roth
wolfgang clement - ein deutscher politiker,georg stefan troller
wolfgang flatz - der provokateur,boris tomschiczek
wolfgang joop und bill kaulitz,cordula kablitz-post
wolfgang niedecken,robert windisch
wolfgang niedecken,frank wegerhoff
wolfgang puck,jack venturo
wolfgang stumph,constantin pauli
wolfgang und lo,max färberböck
wolfgang und lo,nino jacusso
wolfgang weber - ein neuer fall,corinna liedtke
wolfhound,nikolay lebedev
wolfhunt,bob bralver
wolfie,miguel ángel uriegas
wolfie: prince of the jungle,steve loter
wolfman,anthony barthélémy
wolfman chronicles: a cinematic scrapbook,ted newsom
wolfman vs dracula,james rolfe
wolfpack,joseph manduke
wolfpen principle,jack darcus
wolfs,victor reinier
wolfsbane,declan o'dwyer
wolfsbergen,nanouk leopold
wolfsburg,christian petzold
wolfsburg gegen weiden,ekkehard böhmer
wolfsgrub,nicolas humbert
wolfshead: the legend of robin hood,john hough
wolfsheim,nicole weegmann
wolfskinder,eberhard fechner
wolfskinder,rick ostermann
wolfskinder,hans-christoph blumenberg
wolfsland,ed herzog
wolfsmilch,hajo gies
wolfsnacht,adalbert plica
wolfson park,amit itzcar
wolfsrudel,andreas drost
wolfsspuren,axel barth
wolfsstunde,kilian riedhof
wolfster part 1: the curse of the emo vamp,steve rudzinski
wolfwalkers,tomm moore
wolfy,vasiliy sigarev
wolhaui geom,im kwon-taek
wolke 4,christoph schnee
wolke 7,boris keidies
wolke sieben,daniel drechsel-grau
wolken,herbert ballmann
wolken,kerstin ahlrichs
wolken - die hagelkanone,wolfgang eissler
wolken am himmel,erik ode
wolken am horizont,rolf von sydow
wolken am horizont,karl kases
wolken im paradies,holger gimpel
wolken los,dominik utz
wolken.heim,jossi wieler
wolkenbau und flimmerstern,josef coenen
wolkenspiel,martin rikli
wollckes wagnis,thomas jacob
wolli in paradise,gerd kroske
wollmond,gil alkabetz
wollust oder gutknechts traum,june kovach
wolna elekcja,grzegorz królikiewicz
wolna sobota,juliusz machulski
wolna sobota,leszek staron
wolne chwile,andrzej baranski
wolne media,kasia adamik
wolne miasto,stanislaw rózewicz
wolnosc,greg zglinski
wolny strzelec,wieslaw saniewski
wolo czawienko,mauritz stiller
wolodja,peter hagen
wolontariuszka,maciej pieprzyca
wolontariuszka,krzysztof rogala
wolters trude,gabriele denecke
wolven,timon moll
wolvenpad,stefan van de staak
wolverhampton canal and sour howes,andrew white
wolverine,junaid chundrigar
wolverine at comic-con,josh belford
wolverine at the office,sam macaroni
wolverine origins,joe vargas
wolverine revealed,oliver goetzl
wolverine vs. gladiator in: les miserables,matthew campagna
wolverine vs. predator,aaron schoenke
wolverine xxx: an axel braun parody,axel braun
wolverine: adamantium rage,lewis lovhaug
wolves,david hayter
wolves,kurt smeaton
wolves,pavel kostomarov
wolves,albert de courville
wolves,rafael sommerhalder
wolves,emiliano cunha
wolves,abel roland
wolves,james hanlon
wolves,jean durand
wolves,alvaro rodriguez areny
wolves,michael lehmann
wolves,bart freundlich
wolves,scott montgomery
wolves and a door,dave filoni
wolves and dogs: howls for full moon,cody cameron
wolves at the door,john r. leonetti
wolves at the table,alexander gorelick
wolves cry under the moon,ping ho
wolves from another kingdom,christopher carbone
wolves get eaten too,james ormerod
wolves hunt at night,bernard borderie
wolves in the sheep pen,edward dein
wolves of god,john frankau
wolves of lusatia,michael j. sanderson
wolves of rancho,adam devine
wolves of society,frank lloyd
wolves of the air,francis ford
wolves of the border,clifford smith
wolves of the border,alan james
wolves of the city,leigh jason
wolves of the desert,ben f. wilson
wolves of the night,j. gordon edwards
wolves of the north,norman dawn
wolves of the north,pekka mandart
wolves of the north,william duncan
wolves of the rail,william s. hart
wolves of the range,harry harvey
wolves of the range,sam newfield
wolves of the road,ward hayes
wolves of the sea,elmer clifton
wolves of the street,otis thayer
wolves of the underworld,jay hunt
wolves of the underworld,george a. cooper
wolves of wall street,david decoteau
wolves on a wheelchair,vincent james prendergast
wolves unleashed,andrew simpson
wolves unleashed: against all odds,andrew simpson
wolvesbayne,griff furst
woman,will s. davis
woman,s.s. vasan
woman,ziad h. hamzeh
woman,maurice tourneur
woman,s.s. balan
woman,b.r. ishara
woman,kim ki-young
woman,chano urueta
woman,jeannot szwarc
woman,yann arthus-bertrand
woman,jung jin-woo
woman,adri sola
woman-proof,alfred e. green
woman-wise,allan dwan
woman afraid,richard kinon
woman against the world,david selman
woman against woman,robert b. sinclair
woman against woman,william rowland
woman against woman,paul powell
woman alone,julian biggs
woman and her dolls,esmaeil riyahi
woman and pistol,aram gülyüz
woman and society,risto jarva
woman and the glacier,audrius stonys
woman and the hunter,george p. breakston
woman and wife,edward josé
woman arrested for hiring strippers,katie nolan
woman at her toilette,gabrielle beaumont
woman at sea,james sheldon
woman at sea,james sheldon
woman at the coast,aydin arakon
woman at the crossroads,oldrich kmínek
woman at the well,eddie dew
woman at the wheel,richard kern
woman at the wheel,paul martin
woman at the window,walter grauman
woman at war,jodie foster
woman at war,benedikt erlingsson
woman avenger,tso nam lee
woman behind the decks,mate holdosi
woman below the ice,alla surikova
woman between wolf and dog,andré delvaux
woman breastfeeds her dog,katie nolan
woman bullfighter,patricia verhaegen
woman buried alive,aldo lado
woman came from the street,arsevir alyanak
woman chases man,john g. blystone
woman chasing the butterfly of death,kim ki-young
woman comes in the tropics,harald paulsen
woman crossing brook on stepping-stones with a fishing pole and a can,eadweard muybridge
woman dancing on the roof woman,janina lapinskaite
woman doctor,sidney salkow
woman doctor in vietnam,earle luby
woman escapes,harve foster
woman expert,alvin ganzer
woman for hire,vincent sherman
woman found dead in elevator,adam m. goldstein
woman from alupka,oleg blinov
woman from hog ridge,william f. claxton
woman from nagoya,kôichi mashimo
woman from nagoya,kôji sawai
woman from omaha,hollingsworth morse
woman from sacramento,edward ludwig
woman from skopje,vasilis blioumis
woman from white wing,burt kennedy
woman from wyoming,will jason
woman gambling expert: crooked dice cup,shigeo tanaka
woman gambling expert: gambling den torn apart,yoshio inoue
woman gambling expert: stakes of a game of chance,yoshio inoue
woman gets government-funded boob job,katie nolan
woman gets plastered star gets even,gail mancuso
woman getting into bed,eadweard muybridge
woman handled sluts,bobbi starr
woman hater,terence young
woman haters,archie gottler
woman hopping on one foot,eadweard muybridge
woman hungry,clarence g. badger
woman hunt,david macdonald
woman in a box 2,masaru konuma
woman in a box: virgin sacrifice,masaru konuma
woman in a dressing gown,j. lee thompson
woman in a dressing gown,peter cotes
woman in a fur coat,jan molander
woman in a green dress,andrew koenig
woman in a hat,stanislaw rózewicz
woman in black,norberto barba
woman in chains,basil dean
woman in chains,graham cutts
woman in deep,janicza bravo
woman in disguise,kostas aristopoulos
woman in distress,lynn shores
woman in fragments,quan zhou
woman in gold,simon curtis
woman in grey,ramune cekuolyte
woman in hiding,michael gordon
woman in his life,arthur rosenblum
woman in love,robert mulligan
woman in love,detlev buck
woman in love: a story of madame bovary,kemal horulu
woman in motion,todd thompson
woman in science feature: emily calandrelli and the vomit comet,dianna cowern
woman in the chair,harold d. schuster
woman in the dark,george blair
woman in the dark,ian knox
woman in the dark,phil rosen
woman in the dunes,hiroshi teshigahara
woman in the harbor,bernard l. kowalski
woman in the house,william d. russell
woman in the jungle,dmitriy bukhovetskiy
woman in the meadow,juha lehtola
woman in the mine,stuart gilmore
woman in the mirror,john newland
woman in the moon,fritz lang
woman in the rain,paul hunt
woman in the river,leslie h. martinson
woman in the road,laurence schwab jr.
woman in the rumor: sleep with me until morning,banmei takahashi
woman in the shadows,walter doniger
woman in the shadows,paul krasny
woman in the wall,gaby hoffmann
woman in the whirlpool,mahmoud zulfikar
woman in white,arne mattsson
woman in witness protection,jûzô itami
woman is the future of man,hong sang-soo
woman is the wild card,ansa ikonen
woman is... a tough person,antonis kafetzopoulos
woman jumping from rock to rock,eadweard muybridge
woman man city,manuel octavio gómez
woman next door,yuki tanada
woman obsessed,henry hathaway
woman of a thousand fires,chick strand
woman of action,richard marquand
woman of arles,gerd oswald
woman of breakwater,mario o'hara
woman of desire,robert ginty
woman of dolwyn,emlyn williams
woman of evil,edmond t. gréville
woman of fire,william f. claxton
woman of fire,kim ki-young
woman of importance,allan king
woman of life,alif sankey
woman of malacca,marc allégret
woman of means,jim enright
woman of rome,luigi zampa
woman of steel,lawrence dobkin
woman of steel breaks ankle,abraham alfonso brown
woman of steele,christopher hibler
woman of straw,basil dearden
woman of the day,bakhyt kilibayev
woman of the day,aleksandr baranov
woman of the ganges,marguerite duras
woman of the ghostly lantern,eiichi kudô
woman of the hour,anna kendrick
woman of the house,andrew mccullough
woman of the house,noam pitlik
woman of the morning mist,katsuhito akiyama
woman of the night,jim mitchell
woman of the north country,joseph kane
woman of the port,arturo ripstein
woman of the woods,russell friedenberg
woman of the year,george stevens
woman of the year,radley metzger
woman of the year,gabrielle beaumont
woman of the year,david giles
woman of the year,jud taylor
woman of the year,jason woliner
woman of the year,jeff blyth
woman of the year,janicza bravo
woman of tomorrow,pyotr chardynin
woman of tucson,sidney salkow
woman of water,kim ki-young
woman of wonders,alberto bevilacqua
woman of wrestling unleashed,brian zane
woman on a tin roof,mario o'hara
woman on fire,zia mojabi
woman on fire looks for water,ming jin woo
woman on the asphalt,yeo-song moon
woman on the beach,hong sang-soo
woman on the edge,emil chaberski
woman on the edge,michal waszynski
woman on the ground,michael valverde
woman on the highway,fred jackman jr.
woman on the hilltop,cássio pereira dos santos
woman on the ledge,chris thomson
woman on the move,peter cregeen
woman on the night train,noboru tanaka
woman on the run,harvey hart
woman on the run,norman foster
woman on the verge,tony wharmby
woman on the verge,linda day
woman on the verge of a nervous breakdown,james widdoes
woman on the wire,harry keller
woman on top,andy chukwu
woman on top,fina torres
woman on top,gail mancuso
woman on trial: the lawrencia bembenek story,sandor stern
woman opening umbrella,eadweard muybridge
woman or object,lowell pickett
woman picking up child,eadweard muybridge
woman picking up skirt,eadweard muybridge
woman pouring from jug,eadweard muybridge
woman power: akkavalta,ismo sajakorpi
woman priest,toshiki hirano
woman racket,robert siodmak
woman requiem,cheol-su park
woman setting down jug,eadweard muybridge
woman sitting down,eadweard muybridge
woman stealing,marian deaconu
woman stealing,magdolna cecília eröss
woman struck by meteorite,destin sandlin
woman supreme,j.h. martin
woman they almost lynched,allan dwan
woman thou art loosed,michael schultz
woman throwing baseball,eadweard muybridge
woman times four,bruce seven
woman times seven,vittorio de sica
woman to woman,bobby peoples
woman to woman,graham cutts
woman to woman,martin magner
woman to woman,victor saville
woman to woman,maclean rogers
woman to woman,donna deitch
woman trap,harold young
woman trap,william a. wellman
woman trouble,stuart allen
woman trouble,roy campanella ii
woman trouble,bernard l. kowalski
woman trouble,frank mcdonald
woman trouble,mario camerini
woman turning and walking upstairs,eadweard muybridge
woman unafraid,william j. cowen
woman under glass,chi chi larue
woman unveiled,yûzô kawashima
woman vs. woman,bert haldane
woman walking downstairs,eadweard muybridge
woman walks ahead,susanna white
woman wanted,kiefer sutherland
woman wanted,george b. seitz
woman who arches her back,akira katô
woman who came back,walter colmes
woman who cries,shôgorô nishimura
woman who exposes herself,masaru konuma
woman who hates plants,morgan miller
woman who is used,masaru konuma
woman who wets her fingers,tatsumi kumashiro
woman wise,albert ray
woman with a gun,david lowell rich
woman with a past,mimi leder
woman with a sword,william corrigan
woman with a turban,hanung bramantyo
woman with half a soul,shin sang-ok
woman with pierced nipples,shôgorô nishimura
woman without a face,gustaf molander
woman without a soul,fernando de fuentes
woman without piano,javier rebollo
woman yakuza of kanto,kazuo mori
woman. becoming yoko. a documentary,nell teare
woman: past and present,lem b. parker
womanhandled,gregory la cava
womanhood the glory of the nation,j. stuart blackton
womanhood the glory of the nation,william p.s. earle
womanhunt,maury dexter
womanizer,john blyth barrymore
womanizer,andreas morell
womanlight,costa-gavras
womanpower,harry beaumont
womanship,ray butt
womanspreading,isabel braak
womb,bryan m. ferguson
womb,benedek fliegauf
womb raider,randolph scott
womb raider,mel damski
womb with a view,john bowab
womb with a view,stan lathan
wombats ende,rainer matsutani
womble movie,lee howard
womble summer party,ivor wood
wombles and ladders,ivor wood
wombling free,lionel jeffries
wombo,daniel acht
women,stanley dorfman
women,ben zelevansky
women,david askey
women,stanley kwan
women,rui simoes
women,vic hughes
women,moshé mizrahi
women,georg fenady
women,pavel lyubimov
women above men,shin sang-ok
women affair,andy chukwu
women agree,alan entwistle
women alone,charles denton
women and bloody terror,joy n. houck jr.
women and business never did mix,laurence bourne
women and children,karl zwicky
women and children first,kevin coulston
women and children first,james burrows
women and diamonds,f. martin thornton
women and god,annie griffin
women and gold,james p. hogan
women and hair,chris silva
women and men,geoffrey nottage
women and men: stories of seduction,ken russell
women and men: stories of seduction,frederic raphael
women and men: stories of seduction,tony richardson
women and money,gordon flemyng
women and professions,nasser taghvai
women and roses,wallace reid
women and society,stacy marking
women and soldiers,luigi malerba
women and the guards,una celma
women and walnut trees,chris mcmaster
women and walnut trees,chris mcmaster
women and war,allan dwan
women and wolves,houssam el-din mustafa
women are better diplomats,georg jacoby
women are born twice,yûzô kawashima
women are devils,hasan el-emam
women are funny,jefferson dutton
women are heroes,jr
women are like that,stanley logan
women are talkative,andré hunebelle
women are trouble,errol taggart
women are trumps,ronald wilson
women are warriors,jane marsh
women artists,peter greenaway
women at sea,doreen stephens
women at the petrol station,václav kubásek
women at war,jean negulesco
women at west point,vincent sherman
women at work,julia smith
women beware women,gordon flemyng
women beyond borders,jean khalil chamoun
women by night,mino loy
women chasers,francis corby
women defying barriers,guy davidi
women drivers,seymour robbie
women ducks and the domino theory,vincent mceveety
women engulfed by the abyss,william wauer
women escapees,jack herzberg
women everywhere,alexander korda
women filmmakers in russia,sally potter
women first,b. reeves eason
women for sale,ernst hofbauer
women for sale,jean-claude jean
women for sale,nili tal
women for sale: part 1,vincent mceveety
women for sale: part 2,vincent mceveety
women from antwerp in november,chantal akerman
women from headquarters,george blair
women from mars,wai keung lau
women getting even,jacky st. james
women go on forever,walter lang
women gold medal winners,bud greenspan
women hell song: shakuhachi benten,mamoru watanabe
women hitler and stan,tyler james jacobs
women i love,barbara hammer
women in amazigh music,farida benlyazid
women in arms,sergio corbucci
women in blue,vyvyan donner
women in bondage,steve sekely
women in business,jake szymanski
women in cages,gerardo de leon
women in cell block 7,rino di silvestro
women in chains,bernard l. kowalski
women in charge,errikos thalassinos
women in control,jim holliday
women in film,bruce wagner
women in film,harry thomason
women in fury,michele massimo tarantini
women in hiding,joseph m. newman
women in hollywood,chet forte
women in horror,elric kane
women in hospital,rolf thiele
women in love,ronald marriott
women in love,ken russell
women in love,joan kemp-welch
women in love,julian amyes
women in love,tania lieven
women in love,melanie mayron
women in ministry,bryan kreutz
women in ministry part 2,bryan kreutz
women in new york,rainer werner fassbinder
women in prison,lambert hillyer
women in prison,nobuaki shirai
women in revolt,paul morrissey
women in rock,richard blade
women in rock,wolfgang büld
women in the mirror,yoshishige yoshida
women in the night,william rowland
women in the park,felipe vega
women in the shadows,norma bailey
women in the sun,liliane dreyfus
women in the wind,john farrow
women in the workforce,ally pankiw
women in touch,marie menken
women in tropical places,penny woolcock
women in trouble,sebastian gutierrez
women in uniform,paul thomas
women in war,john h. auer
women in white,jerry london
women kingdom,yusup razykov
women left alone,allan dwan
women lie better. robert,andrius ziurauskas
women lie men lie,daren jackson
women love diamonds,edmund goulding
women love once,edward goodman
women men forget,john m. stahl
women men love,samuel r. brodsky
women men marry,charles hutchison
women men marry,edward dillon
women must dress,reginald barker
women of all nations,raoul walsh
women of bondage,mystery man
women of china,neville kiser
women of color,paul norman
women of color 13,tony t.
women of color 2,sean michaels
women of color 3,lexington steele
women of color 4,lexington steele
women of color 5,lexington steele
women of cyprus,bushra azzouz
women of desire,chi lu
women of faith,afam okereke
women of faith 2,afam okereke
women of glamour,gordon wiles
women of goveli,kkunal shinde
women of india,fali bilimoria
women of iron,scott j.t. frank
women of mafia,patryk vega
women of mafia 2,patryk vega
women of niskavuori,valentin vaala
women of pleasure,niazi mostafa
women of questionable morals,matthew diamond
women of ryazan,olga preobrazhenskaya
women of ryazan,ivan pravov
women of san quentin,william a. graham
women of silure,john peyser
women of sin,marc cushman
women of the beach,aaron fishman
women of the chosun dynasty,shin sang-ok
women of the day,sarah e. dimeo
women of the desert,george nichols
women of the gulag,marianna yarovskaya
women of the jungle,chia-chun wu
women of the middle east,ryan madison
women of the night,zalman king
women of the night,kenji mizoguchi
women of the night,hasan el-emam
women of the prehistoric planet,arthur c. pierce
women of the resistance,liliana cavani
women of the royal harem,rebecca lord
women of the silk road,yassamin maleknasr
women of the white buffalo,deborah anderson
women of the world,paolo cavara
women of the world,gualtiero jacopetti
women of today,ramón peón
women of today,tyler perry
women of tomorrow,francis thompson
women of valor,georg fenady
women of valor,buzz kulik
women of vancouver,jeff macpherson
women of war,max clendaniel
women on death row,sabrina van tassel
women on the edge,masahiro kobayashi
women on the run,corey yuen
women on the run,martin horský
women on the run,david lai
women on the verge,stuart gillard
women on the verge of a nervous breakdown,richard boden
women on the verge of a rhytidectomy,robby benson
women on top,rashida jones
women on top,michael raven
women on top,michael zen
women on top of men 1,lorraine sisco
women on top of men 2,lorraine sisco
women on trial,lee grant
women pirates,david cohen
women prison: the lynching,banmei takahashi
women prisoners of ss camp from hell,jason impey
women recruits,dimis dadiras
women seeking for love,ilias mylonakos
women seeking women 28,nica noelle
women shall not weep,christopher hodson
women strong,rod lopez
women talking dirty,coky giedroyc
women that rock,neil garguilo
women they talk about,lloyd bacon
women transform the world,jonathan brown
women tribbing teens,stoney curtis
women tribbing teens 2,stoney curtis
women vs men,fausto brizzi
women vs. men,chazz palminteri
women want to know,george mendeluk
women who act,barry avrich
women who control the family jewels 2,janus rainer
women who dare,burton l. king
women who do not divorce,tatsumi kumashiro
women who flew,thomas baumann
women who flirt,ho-cheung pang
women who give,reginald barker
women who kill,stephen wallace
women who loved cinema part i,marianne khoury
women who loved cinema part ii,marianne khoury
women who made the movies,wheeler winston dixon
women who passed my way,stavros tsiolis
women who play,arthur rosson
women who rate a 10,mark warren
women who wait,charles f. haas
women who want sex,marc cushman
women who win,percy nash
women who work,julio bracho
women who work,manuel romero
women with balls,charlene prickett
women with cows,peter gerdehag
women without men,youssef chahine
women without men,elmo williams
women without men,stelios tatasopoulos
women without men,bert glazer
women without men,shirin neshat
women without men,penny marshall
women without names,robert florey
women without names,géza von radványi
women without shadows,haifaa al-mansour
women women women,alfred steinhardt
women women women moira,morton m. lewis
women working on mars: science and engineering on the red planet,henry kline ii
women... and women,saâd chraïbi
womyn,domenic migliore
womyn,yvette kaplan
womyn,mike judge
womyn fest,lorraine sevre-richmond
won at the rodeo,lucius henderson
won by a child,edwin j. collins
won by a fish,mack sennett
won by a fluke,cecil birch
won by a foot,hugh fay
won by a fowl,william beaudine
won by a head,percy nash
won by a hold-up,gilbert m. 'broncho billy' anderson
won by a mustache,bruce mitchell
won by a neck,roscoe 'fatty' arbuckle
won by a nose,fred windemere
won by a skirt,al christie
won by a snapshot,bert haldane
won by grit,george marshall
won by law,edward ludwig
won by one,archer macmackin
won by strategy,lewin fitzhamon
won by valor,robert f. hill
won by waiting,sofus wolder
won by warr,edwin j. collins
won in a cabaret,al christie
won in a closet,mabel normand
won in the clouds,bruce mitchell
won in the clouds,otis turner
won in the fifth,william f. haddock
won in the first,allen curtis
won in the stretch,burton l. king
won on the post,alfred rolfe
won through a medium,mack sennett
won through merit,eugene nowland
won ton bombs,mike milo
won ton bombs,eddy houchins
won ton ton: the dog who saved hollywood,michael winner
won with a make-up,henry otto
won with dynamite,allen curtis
won: one flivver,charles reisner
wonach wir suchen,sebastian scherrer
wonach wir suchen,gero von boehm
wonangseon,kim ki-duk
wonder,francesco bori
wonder,manuel de seixas correa
wonder,hal hartley
wonder,stephen chbosky
wonder,irving j. moore
wonder afrika,gérard de boe
wonder bar,lloyd bacon
wonder boy,lucinda mcnary
wonder boy,anissa bonnefont
wonder boy,karl hartl
wonder boys,curtis hanson
wonder city,kent youngblood
wonder con in san francisco,reyna young
wonder con with mr. lobo,reyna young
wonder dog,charles nichols
wonder drug,rob sitch
wonder drugs,asaad kelada
wonder fizz flies again,frank pierson
wonder fun meat world,ciro nieli
wonder girls,edward earl newton
wonder home video event,steve czarnecki
wonder if kogarashi loves cold wintry wind,shin'ichi watanabe
wonder in your eyes,garry simpson
wonder mama,clifton ko
wonder man,h. bruce humberstone
wonder mountain,george bloomfield
wonder of it all,arthur r. dubs
wonder of women,clarence brown
wonder pets save the three little pigs,josh selig
wonder pets save the three little pigs,robert powers
wonder seven,siu-tung ching
wonder spots of the world,e.m. newman
wonder valley,jo graham
wonder valley,andrew van baal
wonder water,william t. hurtz
wonder water,pete burness
wonder water,lew keller
wonder wheel,woody allen
wonder woman,renna nightingale
wonder woman,mathew buck
wonder woman,anastasia pierce
wonder woman,vincent mceveety
wonder woman,doug walker
wonder woman,andy cadiff
wonder woman,mike stoklasa
wonder woman,patty jenkins
wonder woman,junaid chundrigar
wonder woman,lauren montgomery
wonder woman,brad jones
wonder woman - tamara just saw,tamara chambers
wonder woman (2017),torey gerace
wonder woman 1984,patty jenkins
wonder woman 1984 first images - a geeky ramble,vera wylde
wonder woman and female representation in superhero movies,vera wylde
wonder woman and female representation in superhero movies,vera wylde
wonder woman cosplay reveal,vera wylde
wonder woman in hollywood,bruce bilson
wonder woman interactive,robert black
wonder woman meets baroness von gunther,barry crane
wonder woman pitch meeting,ryan george
wonder woman talk,antoine m. dillard
wonder woman trailer impressions,antoine m. dillard
wonder woman unboxing,brett register
wonder woman vs captain marvel,antoine m. dillard
wonder woman vs gargantua,charles r. rondeau
wonder woman vs wolverine,aaron schoenke
wonder woman vs wolverine - alternate ending,aaron schoenke
wonder woman vs. poison ivy,anastasia pierce
wonder woman with miss america and powergirl,anastasia pierce
wonder woman xxx: a hardcore parody,ashlynn brooke
wonder woman xxx: an axel braun parody,axel braun
wonder woman: balance of power,ron santiano
wonder woman: jacqueline,chris r. notarile
wonder women,kwok-leung kam
wonder women,jamaal stone
wonder women,robert vincent o'neil
wonder...,ian fischer
wonderbolts academy,james wootton
wonderboy,leo van der goot
wonderbug express,al schwartz
wonderchamps,chuck vinson
wondercon 1,reyna young
wonderdate,jonathan van tulleken
wonderdog,rob bowman
wondere willibald,thijs chanowski
wondered how i might be able to sing this word,thomas sanders
wonderen van het afrikaanse woud,henry brandt
wonderen van het afrikaanse woud,heinz sielmann
wonderfruit,jérôme de gerlache
wonderful,chris brügge
wonderful,josh roush
wonderful adventures of nils,kenne fant
wonderful bad woman,hideo onchi
wonderful beehive,gaston velle
wonderful bri-nylon,richard taylor
wonderful copenhagen,bo tengberg
wonderful copenhagen,jenö farkas
wonderful day for a wedding,harry keller
wonderful days (sky blue),kaylyn saucedo
wonderful eggs,segundo de chomón
wonderful flames,segundo de chomón
wonderful gitte aus kopenhagen,dieter pröttel
wonderful hat,greg carlson
wonderful land,peter a. gordon
wonderful london: barging through london,harry b. parkinson
wonderful london: barging through london,frank miller
wonderful london: cosmopolitan london,frank miller
wonderful london: cosmopolitan london,harry b. parkinson
wonderful london: flowers of london,frank miller
wonderful london: flowers of london,harry b. parkinson
wonderful london: london off the track,frank miller
wonderful london: london off the track,harry b. parkinson
wonderful losers: a different world,arunas matelis
wonderful memories,saad arafa
wonderful mirrors,camille de morlhon
wonderful news,bruce paltrow
wonderful nights with peter kinema,george pearson
wonderful performing dog,william k.l. dickson
wonderful plates,segundo de chomón
wonderful summer,ryszard brylski
wonderful surprises,steven soderbergh
wonderful things,herbert wilcox
wonderful times,erik ode
wonderful times,günter neumann
wonderful tonight,christine jeffs
wonderful town,aditya assarat
wonderful town,mel ferber
wonderful town,herbert ross
wonderful women,max clendaniel
wonderful world,mait laas
wonderful world,daisuke namikawa
wonderful world end,daigo matsui
wonderfully random,jack venturo
wondering about god,peter getzels
wondering william and the sandman,santiago tapia
wonderland,sergio machado
wonderland,walter lantz
wonderland,michael winterbottom
wonderland,colin teague
wonderland,jim enright
wonderland,carmen jaquier
wonderland,william nolan
wonderland,jace alexander
wonderland,wim serlie
wonderland,robert oey
wonderland,carlos leal
wonderland,sheldon leonard
wonderland,maksim sveshnikov
wonderland,john o'hagan
wonderland,james cox
wonderland,sophia tallon
wonderland murderland,rob traegler
wonderlens presents: aquarium of the aliens,joe clasen
wonderlust,brian james griffo
wonderman,antti peippo
wonders,chris brügge
wonders are many,jon else
wonders behind the fence,yuri mamin
wonders in the broad daylight,mikhail kamenetskiy
wonders of china,jeff blyth
wonders of plant life,f. percy smith
wonders of plant life,f. percy smith
wonders of the sea,j. ernest williamson
wonders of the sea,jean-michel cousteau
wonders of the world,mária horváth
wonders of the world,david von ancken
wonders of time,hasan el-emam
wondershop,frans buyens
wonderstruck,todd haynes
wonderstruck,roberto leoni
wonderstruck,nathan alan bunker
wonderwall,joe massot
wondrous boccaccio,paolo taviani
wondrous boccaccio,vittorio taviani
wondrous oblivion,paul morrison
wondrous woman,chris del sordo
wong ga fan,danny lee
wong ka yan,wai-hang lau
wongar,andrijana stojkovic
wonhanui geori nuni naerinda,im kwon-taek
wonjoi,kim ki-duk
wonky,brandon bartkowiak
wonky whistle,greg tiernan
wonogawa,hiroki yamaguchi
wonogawa,hiroki yamaguchi
woo,tim story
woo-woo blues,richard quine
wood,robert gardner
wood,frank parker
wood,robert black
wood and ava and gil and madeline,david steinberg
wood b. wedd and the microbes,c.j. williams
wood b. wedd goes snipe hunting,c.j. williams
wood chipper,j.a. steel
wood choppers,paul terry
wood climbs to new heights,robert ginty
wood elf,james deen
wood floors,mike gutridge
wood for the trees,ken grieve
wood for the trees,rob sitch
wood for war,arthur h. wolf
wood simps,william watson
woodbine willie,paul furlong
woodchester mansion,karl beattie
woodchester mansion and prestbury village,bruce burgess
woodchipper massacre,tim niverth
woodchipper massacre,brad jones
woodcock,michael leggo
woodcote: evidence of a haunting,juno jakob
woodcrafts of saharanpur,muzaffar ali
woodcroft castle,walter west
woodcutter and dove,sakari rimminen
woodcutters of the deep south,lionel rogosin
wooden athletes,arthur melbourne cooper
wooden boat,rory fraser
wooden bygones,peter croft
wooden crosses,raymond bernard
wooden hand,kaouther ben hania
wooden horse goes to sea,jung jin-woo
wooden it be lovely,roger cheveley
wooden model of a rat,philip leacock
wooden money,john foster
wooden money,paul terry
wooden pistols,shapur gharib
wooden shoes,manny gould
wooden shoes,raymond b. west
wooden shoes,ben harrison
wooden witness,fred jackman jr.
woodentop,peter cregeen
woodfalls,david campion
woodgreen,welket bungué
woodland,frank moser
woodland,timothy fielding
woodland critter christmas,trey parker
woodland heights,samuel gonzalez jr.
woodland pines resort,harrison freed
woodlawn,andrew erwin
woodlawn,jon erwin
woodlot,richard donner
woodman,mike jackson
woodman casting x 111,pierre woodman
woodman casting x 113,pierre woodman
woodman casting x 123,pierre woodman
woodman casting x 127,pierre woodman
woodman casting x 66,pierre woodman
woodman casting x 84,pierre woodman
woodman casting x 85,pierre woodman
woodman casting x 86,pierre woodman
woodman casting x 87,pierre woodman
woodman casting x 88,pierre woodman
woodman casting x 89,pierre woodman
woodman casting x 9,pierre woodman
woodman spare that family tree,david nelson
woodman spare that tree,charles barton
woodman spare that tree,eddie donnelly
woodman x casting 28,pierre woodman
woodman x casting 44,pierre woodman
woodoo,vladimír drha
woodoo oder die rache der schamanen,thomas engel
woodpecker,alex karpovsky
woodpecker,rouzbeh rashidi
woodpecker and friends: holiday favorites,emery hawkins
woodpecker and friends: holiday favorites,walter lantz
woodpecker and friends: holiday favorites,shamus culhane
woodpecker and friends: holiday favorites,alex lovy
woodpecker from mars,paul j. smith
woodpecker in the moon,alex lovy
woodpecker wanted,paul j. smith
woodrow wilson,alexander singer
woodrow wilson,jack haley jr.
woodrow wilson: peace and war and the professor president,ann zane shanks
woodrow without evelyn,daniel hogg
woodrow wolf in filmland: a knight for a princess,daniel ziegler
woods,hiro murai
woods,alejandro gonzález ygoa
woods and birds,john randolph bray
woods are wet,tatsumi kumashiro
woods of horror,marco romano
woods of terror,jason impey
woods spirit co.,oz yilmaz
woodshed,peter hammond
woodshock,laura mulleavy
woodshock,richard linklater
woodshock,lee daniel
woodshock,kate mulleavy
woodshop,peter coggan
woodshop,mike judge
woodshop,yvette kaplan
woodsman bear that tree,david detiege
woodsman bear that tree,edwin rehberg
woodsman bear that tree,edward bernds
woodstock,michael wadleigh
woodstock diary,chris hegedus
woodstock diary,d.a. pennebaker
woodstock diary,erez laufer
woodstock in timbuktu,desiree von trotha
woodstock re-visited,bill carruthers
woodstock und wir,rudi dolezal
woodstock villa,hansal mehta
woodstock: the lost performances,michael wadleigh
woodward and bernstein,leslie h. martinson
woodwoo,jonny phillips
woody,daniel grou
woody allen,mark cousins
woody allen,georg stefan troller
woody allen,paul alter
woody allen,paul alter
woody allen (3),franklin heller
woody allen connie stevens al hirt kathy jean keene the rosarian academy choir,dwight hemion
woody allen criswell gilalan ben grauer mimi hines the muppets,dick schneider
woody allen looks at 1967,dwight hemion
woody allen louise lasser rudy vallee,dick carson
woody allen: a life in film,richard schickel
woody and the beanstalk,paul j. smith
woody dines out,shamus culhane
woody gets an election,james burrows
woody goes belly up,james burrows
woody guidry,james hobson
woody imposter,glenn mcqueen
woody interruptus,james burrows
woody meets davy crewcut,alex lovy
woody quits,jim drake
woody the free-loader,paul j. smith
woody the giant killer,dick lundy
woody the redneck,jack truman
woody tondorf,beau ryan
woody und mr. allen,manfred behrens
woody woodbury: wooden and me,joel bailey
woody woodpecker (2018),doug walker
woody woodpecker and his friends,tex avery
woody woodpecker and his friends,shamus culhane
woody woodpecker and his friends,walter lantz
woody y yo,manuel valdivia
woof,mark fischbach
woof,john henderson
woof,jorge montesi
woof,chris rubeo
woofies goes walkies,william gordon
wooing auntie,edwin j. collins
wookey hole,karl beattie
wookiee hunt,dave filoni
wool,cody bown
woolen under where,phil monroe
woolen under where,richard thompson
woolfert,søren tomas
woolite: the torturer,rob zombie
woolly al walks the kitty back,paul mitchell
woolly bear,david mitton
woolwich ferry,daphne shadwell
wooly booly 2: ang titser kong alien,ben feleo
wooly booly: ang classmate kong alien,ben feleo
wooly bully,howard storm
wooly bully,stan lathan
wooly the great,william hanna
wooly the great,joseph barbera
woolyburger,briston george
woondroom,ben sombogaart
wooops,péter vajda
woops: experiment 600,mike girard
woops: experiment 600,rob laduca
woos whoopee,otto messmer
wooster with a wife (or jeeves the matchmaker),simon langton
woot coach: part 1,derek baynham
woot coach: part 2,derek baynham
wooww,fien troch
wor bobbie,roger cheveley
woran wir uns erinnern...,roland steiner
worauf wir abfahren,detlev buck
word and utopia,manoel de oliveira
word as bond,james l. conway
word from a sealed-off box,franklin j. schaffner
word from home,michael applebaum
word game,brandon acton-bond
word games,boris sagal
word intervention,will hines
word is out,andrew brown
word is out,nancy adair
word is out,rob epstein
word movie,paul sharits
word of god,henrik ruben genz
word of god,julian simpson
word of honor,michael lange
word of honor,hollingsworth morse
word of honor,mel damski
word of honor,charles marquis warren
word of honor,robert markowitz
word of honor,gerald mayer
word of honour,christopher hodson
word of mouth,john mapplebeck
word of mouth,tom lazarus
word of the day - pwned,ryan higa
word pronunciations,james rolfe
word salad days,jeannot szwarc
word to ya mutha,thomas sanders
wordbox,jason santo
wordless,ferran brooks
wordlessness,daryush shokof
wordplay,patrick creadon
wordplay,patrick creadon
wordplay,ross bollinger
wordplay,rondell sheridan
words,darrol blake
words,tim heidecker
words,gregg brown
words,eric wareheim
words,peter levin
words,burt brinckerhoff
words,anup bhandari
words and actions,max anderson
words and deeds,jared chandler
words and deeds,roberto bangura
words and deeds,lawrence gordon clark
words and music,roger englander
words and music,norman taurog
words and music,james tinling
words and music,jon c. andersen
words and music by -,scott r. dunlap
words and pictures,fred schepisi
words and pictures,peter frazer-jones
words are softer than oil,james gatward
words can hurt,darius burke
words fail me,tristram powell
words fail me,susan belbin
words for freedom,cecil holmes
words for the dying,rob nilsson
words from eathon,iginio straffi
words from the heart,peter deluise
words from the mist,jahnu barua
words in your face,mark pellington
words maps secrets and other things,elena trapé
words of action,david cole
words of advice,alan dossor
words of advice: william s. burroughs on the road,lars movin
words of advice: william s. burroughs on the road,steen møller rasmussen
words of courage,greg benoit
words of love,colin nutley
words of lust,jim enright
words of silence,loukia rikaki
words of summer,harry falk
words of truth,fatin abdulwahhab
words of truth heart of lies,iginio straffi
words of wisdom by astrid clover,allisyn snyder
words on bathroom walls,thor freudenthal
words on leisure,carlos nahuel cerutti
words to music,allan arkush
words unspoken,ingeborg c. humphrey
words unspoken,renée o'connor
words unspoken,graham sherrington
words upon the window pane,mary mcguckian
words weapons music video,rod lopez
words with gods,guillermo arriaga
words with gods,álex de la iglesia
words with gods,hector babenco
words with gods,bahman ghobadi
words words words,michaela pavlátová
worek,tadeusz wilkosz
work,bryan maurice
work,colin gilbert
work,armando iannucci
work,margery baker
work,bob carlton
work,nicholas laughland
work,dewi humphreys
work,andrew chaplin
work,sam esmail
work,souleymane cissé
work,jordan hepworth
work,craig gillespie
work,robert gardner
work,dominic brigstocke
work,michael rianda
work,rodney wilson
work,friederike fiek
work-place diversions,sharon kane
work and play,mark baker
work and worship: the legacy of st. benedict,marcia kuyper schneider
work bus,bryan cranston
work day,stephen anthony bailey
work day,david zimmerman iii
work day,don elder
work done,robert beavers
work done,robert beavers
work ethic,allisyn snyder
work ethics,bryan burra
work experience,christine gernon
work experience,ricky gervais
work experience,stephen merchant
work experience,chris lovett
work experience: part 1,bob meillon
work experience: part 2,bob meillon
work farm,jason kupfer
work for me ore die,meosha bean
work hard,heidi kranz
work hard and play hard,brian eggleston
work hard for being a winner,yen-ping chu
work hard play hard,marcel wyss
work hard play hard,pamela fryman
work hard play harder,giorgio bottos
work harder,devon werkheiser
work harder,ethan mechare
work in progress,reinhard jud
work in progress,stan brakhage
work in progress,brian henry martin
work in progress,jay sandrich
work in progress,eric laneuville
work in progress,matt camilleri-brown
work in progress on a work in progress 2,margaret dickinson
work is a four letter word,peter hall
work is death,tony kluck
work is death,yvette kaplan
work is my passion,narugopal mandal
work it out,david de bartolome
work it out,andrew irvin
work life,tim viola
work loads 2,i. que grande
work made easy,j. stuart blackton
work made easy,mark mcqueen
work mom,ted wass
work no more my lady,hy averback
work of art,morten parker
work of art,eddie davis
work of art,john guillermin
work of art,eva-maria leonardou
work of art,lawrence dobkin
work of art,joel sotolongo
work of art: the power within,james a. house
work of the hour,weston lyon
work on the grass,tetsuo shinohara
work or fight,craig hutchinson
work out,michael felker
work party,johnny ramey
work play,stan klimecko
work politics,eddy martin
work related,kelly parks
work sex,jason bateman
work shift,juan josé campanella
work that body for me,andrew mccarthy
work the leg,lynn shelton
work weeping,thomas valle-guatemala
work wife,joely fisher
work wife,todd holland
work wife unhappy life,bentley kyle evans
work with me,eric appel
work work work,geoffrey darby
work: just for the wage - discussion,paul mitchell
workaholic,andrew belling
workaholic,marco polo constandse
workday,christopher james miller
worked,kevin inch
worked out,ian macnaughton
worked up,erik rhodes
worker and war-front magazine issue no. 18,duncan ross
worker and warfront no. 8,duncan ross
workers - pronti a tutto,lorenzo vignolo
workers and jobs,arthur elton
workers for the good lord,jean-claude brisseau
workers in uniform,colm villa
workers leaving brighton railway station,george albert smith
workers leaving the factory (dubai),ben russell
workers peasants,jean-marie straub
workers peasants,danièle huillet
workflow,ulf janssen
workforce,paul ciappessoni
workforce,david zonana
workhorse,michael hayes
workhouse to mansion,walter r. booth
working,kirk browning
working,bruce paltrow
working,stephen schwartz
working,paul hoen
working animals,richard starzak
working arrangement,harold snoad
working arrangements,paul annett
working at it,sam weisman
working boys,mike relon makiling
working callback ilena,dean armstrong
working class,hark tsui
working class,xavier berraondo
working class ballet,roberts vinovskis
working class boy,mark joffe
working class hero,ray butt
working class heroes,milos pusic
working class zero,noam pitlik
working dog,andrew agnew
working dollars,carl urbano
working duck,tony cervone
working duck,matt danner
working for cowboy,bruce mcculloch
working for freedom,peter w. kunhardt
working for jesus,renn reed
working for labour,niek koppen
working for peanuts,jack hannah
working for scales,ken mitchroney
working for the clampdown,karyn kusama
working for the rest,william strohbach
working from home,nicholas prosser
working from home,mandie fletcher
working girl,brad armstrong
working girl,dom magwili
working girl,anson williams
working girl,andy cadiff
working girl,charles e. bastien
working girl,joel bender
working girl,tom trbovich
working girl,miguel courtois
working girl,ted wass
working girl,ian fitzgibbon
working girl,mike nichols
working girl,alan rafkin
working girl,joel zwick
working girls,rodney moore
working girls,dorothy arzner
working girls,lucia aniello
working girls,john hayes
working girls,martin shardlow
working girls,bruce kessler
working girls,steven robman
working girls,david butler
working girls,bob vosse
working girls,christopher cain
working girls,gerren keith
working girls,john reardon
working girls,sheldon epps
working girls,john stroud
working girls,lizzie borden
working girls,james whitmore jr.
working girls,frank bonner
working girls,david decoteau
working girls,ishmael bernal
working girls 2,ishmael bernal
working girls 2,rodney moore
working guy,ted wass
working holiday,fernando jay huerto
working homegirl,stan lathan
working in time,dudley rees
working it,james widdoes
working it,andy cadiff
working it out,james taylor
working it out,asaad kelada
working it out,dane cook
working it out,karen dior
working kids,colin murdock
working late a lot,steven soderbergh
working late again,will mackenzie
working life,bill bixby
working lunge,tania emery
working man,ballard c. boyd
working men,ray dragon
working models of success,julie dash
working mom,jace alexander
working mothers,peter baldwin
working nine to nine-fifteen,ellen gittelsohn
working on my charm,thomas sanders
working on oven seven,yasha aginsky
working on set,scott keebler
working on the dream,ayumu watanabe
working out,joe valenti
working out,charlene prickett
working out with police dog,carl anderson
working out... i need motivation,thomas sanders
working overtime: part 1,alfonso ribeiro
working paynes,chip fields
working relationship,james widdoes
working sakura,kôichi mashimo
working slowly (radio alice),guido chiesa
working stiff,erik a. candiani
working stiffs,henri pachard
working stiffs,jim finitsis
working stiffs,jasun mark
working stiffs,dave willis
working stiffs,matt maiellaro
working stiffs,tony dow
working stiffs,jim drake
working stiffs,art monterastelli
working stiffs,michael legge
working the land,michael grigsby
working the net,piotr szkopiak
working things out,daphne shadwell
working through college,jack arnold
working title,kyle ziton
working title,björn last
working title,tom logan
working title,ashton alexander webb
working to the beat,jean rouch
working together,santi p. choudhury
working up,chris warner
working week,john mackenzie
working weekend,pennant roberts
working winnie,edward ludwig
working with a broadway performer,stuart edge
working with chocolate,russell morash
working with directors,lukas colombo
working with einstein,michael blackwood
working with marilyn manson,david lynch
working with orson welles,gary graver
working with pinter,harry burton
working without a net,martin davidson
working wives,ira stewart
working women,linwood boomer
working women,gary dean orona
working women,piotr szulkin
working women,bill persky
workingthestreets,tonino de bernardi
workmen leaving portsmouth dockyard,esme collings
workoholik,milan cieslar
workout,sidney galanty
workout,jay diaz
workout challenge,sidney galanty
workout kid stage 1 and 2,jason sirotin
workout video: part 1,georg koszulinski
workout with a knockout,caia coley
workout with liane v,bryan howard
workplace,jay diaz
workplace bullying,tristram shapeero
workplace consulting,istván márton
workplace safety,jon jafari
works and days,hollis frampton
works by the great romantics,stéphan aubé
works for me,jordi extremera
works of jamie and van,martín yernazian
works of mercy,adam bernstein
works out,charles e. bastien
works with chess not with life,basil coleman
workshop,jake hurwitz
workshop,amir blumenfeld
workshop - colin davis: life and music,denis moriarty
workshop - espansiva,barrie gavin
workshop - the idealist,barrie gavin
workshop exercises,marcel lozinski
workshop for peace,gábor dettre
workshop for science,gordon burwash
workshop for science,grant mclean
workshop limits,don taylor
workshop: colin davis,denis moriarty
workshop: sense and sensibility,barrie gavin
workshop: sibelius - the master of movement,barrie gavin
workshop: the brandenburgs,barrie gavin
workshopen,john f. lindquist
world,jordan belson
world,alan bloom
world 2 world (rising sun),kôtarô tamura
world affairs are your affairs,jack arnold
world aids day,david caesar
world at war,george bloomfield
world beaters,jonathan hock
world breaker,william eubank
world by night,luigi vanzi
world by night no. 2,gianni proia
world by thetail: the bill hayes story,lee levin
world capitals 1,mark corwin
world capitals 2,mark corwin
world capitals 3,mark corwin
world capitals 4,mark corwin
world capitals 5,mark corwin
world champion,lukasz zal
world champion,kacper lisowski
world champs jr. boy goats and sr. girl barrels,dustin hodge
world champs jr. boys breakaway and jr. girls trail,dustin hodge
world champs jr. boys flag and sr. girls goats,dustin hodge
world champs jr. girls breakaway and sr. team roping,dustin hodge
world champs jr. girls goats and sr. bulls,dustin hodge
world champs jr. girls poles and sr. saddle broncs.,dustin hodge
world champs jr. ribbon and sr. breakaway roping,dustin hodge
world champs jr. team roping and sr. girls trail,dustin hodge
world champs little wrangler barrels and sr. bareback,dustin hodge
world champs little wrangler flags and sr. tie-down ropin,dustin hodge
world champs little wrangler goat s and sr. girls poles,dustin hodge
world champs little wrangler poles and jr. boys bulls,dustin hodge
world cinema,ethan coen
world cinema,joel coen
world class,aina dumlao
world class ass,david luger
world class ass,vince vouyer
world class ass 2,vince vouyer
world class ass 3,david luger
world class ass 4,david luger
world class ass 5,david perry
world class spas 1,mark corwin
world class spas 1,mark corwin
world class spas 1,mark corwin
world class spas 2,mark corwin
world class spas 2,mark corwin
world class spas 2,mark corwin
world class spas 3,mark corwin
world class spas 3,mark corwin
world class spas 3,mark corwin
world class spas 4,mark corwin
world class spas 4,mark corwin
world class spas 4,mark corwin
world class spas 5,mark corwin
world class spas 5,mark corwin
world class spas 5,mark corwin
world crisis,benito perojo
world cruise,max liebman
world cup,dan fraga
world cup,matt walsh
world cup dream on the edge. (the last chance),saif kareem
world cup fever,bob corna
world drums,niv fichman
world enough and time,rachel talalay
world enough and time,marc scott zicree
world famous,zach sands
world famous autistic genius,henriett seth f.
world famous aviators,damiyan evans
world famous dominatrix down on her knees crawling naked through the streets of europe,princess donna
world famous dominatrix triple penetrated in brutal gangbang by 7 men,princess donna
world flesh and the devil,josé díaz morales
world full of hurt,barry crane
world full of nothing,jesse pomeroy
world games,brad jones
world gone mad,dinos katsouridis
world gone wild,lee h. katzin
world heavyweight championship fight: muhammad ali vs. oscar bonavena,andy sidaris
world heritage,sebastian mihailescu
world in a hat,tony charmoli
world in a marsh,william h. carrick
world in a room,chapman c.h. kan
world in changes,jim johnston
world in my corner,jesse hibbs
world in white,robert stevens
world killer,reza badiyi
world kitchen,d.a. pennebaker
world kitchen,shirley clarke
world math,kevin clash
world meets girl,joel zwick
world mirror cinema,gustav deutsch
world of bangbros: hardcore 1,miles long
world of bangbros: she likes it rough vol. 1,miles long
world of bees,fred r. krug
world of blabs-a-lot: the sappiest place on earth,hiroki shibata
world of boxes,ruben fleischer
world of cars online,william butler
world of comedy - die besten comedians der welt,daniel drechsel-grau
world of comedy - die besten comedians der welt,marco musienko
world of comedy - die besten comedians der welt,volker weicker
world of communication,michael orrom
world of craftmine,luke lerdwichagul
world of darkness,elizabeth skochil
world of darkness,giles alderson
world of death,marc fiorini
world of disbelief,john frankau
world of giants,ciro nieli
world of henry paris,radley metzger
world of his own,godfrey grayson
world of kids,robert youngson
world of little ig,john halas
world of love,nobuo aoyagi
world of magic,walter c. miller
world of magic,walter c. miller
world of man,michael collyer
world of perversions,elizabeth starr
world of pets - 1,stephen armourae
world of plenty,paul rotha
world of sholom aleichem,don richardson
world of silence,derek bennett
world of sport,marek kanievska
world of sports: bowling kings,harry foster
world of storks,fred r. krug
world of tanks review,pauli janhunen calderón
world of the drunken master,joseph kuo
world of the lonely,anton leader
world of tomorrow,juan josé campanella
world of tomorrow,don hertzfeldt
world of trouble,alan myerson
world of warcraft,terran gregory
world of warcraft,frédéric molas
world of warcraft almost ruined my life,noah humphrey
world of wargames,tarek albaba
world of warriors mystery box,stuart ashen
world of water,don medford
world of wonders,david leland
world on a string,brendon devore
world on a string,steve zuckerman
world peace,antoine mcknight
world peace,david wechter
world peace,shin'ya kawatsura
world premiere,ted tetzlaff
world record,eduardo lucatero
world religions,jacob tierney
world rhino day,katie cleary
world rowing championships: feel it,richard janes
world safari,phil chilvers
world safari,alby mangels
world safari ii: the final adventure,alby mangels
world second,chao feng
world series of poker tournament of champions,brian talbot
world series of video games: project gotham racing 3 finals presented by intel,matthew c. mills
world series open 2006,bryan johnson
world sex festival,andrei feher
world sex tour 24: canada,mike john
world sex tour 25: canada,mike john
world ski championships 1978 lahti finland,veikko laihanen
world splash orgy 2005,doug jeffries
world to rights,graham theakston
world tour,james hobson
world tour 1966: the home movies,mickey jones
world tour 1966: the home movies,joel gilbert
world tour: duggars abroad,sean overbeeke
world tour: royal duggars,sean overbeeke
world trade,kenneth glenaan
world trade center,oliver stone
world traveler,bart freundlich
world travelers,allisyn snyder
world upon her shoulder,dani minnick
world vs. ackerman,jack shea
world war 3,sam raimi
world war d,alex hunter
world war hulk,lewis lovhaug
world war ii,mike milo
world war ii,herb moore
world war ii and me,francis lee
world war ii memorial,michael lemley
world war ii memorial dedication,george ratliff
world war ii: attack without warning,chris d. nebe
world war ii: breadlines to boomtimes,wesley emerson
world war iii,alan bergmann
world war iii,michael tobias
world war iii,ahmed al-gendy
world war in kidland,james a. fitzpatrick
world war mud,tasciotti
world war one aces,leon thau
world war p,tim drake
world war three,valerie landsburg
world war z,andy signore
world war z,benjamin daniel
world war z,paul-william mawhinney
world war z,marc forster
world war zimmerman,trey parker
world wide wabbit,craig kellman
world wide wabbit,craig mccracken
world wide wannabes,sara botsford
world wide whoppers,john graham
world wild web,john a. davis
world wind,tetsurô amino
world wind,nobuyoshi habara
world without borders,thomas mead
world without end,edward bernds
world without end (no reported incidents),jem cohen
world without heroes,marcus lim
world without shame,donovan winter
world without sun,jacques-yves cousteau
world wrestling all-stars,brian zane
world youth day krakow: a pilgrimage of mercy,branden j. stanley
worldair,aurelio del portillo
worldlines,karlos alastruey
worldlines ii,karlos alastruey
worldly desires,apichatpong weerasethakul
worldly goods,paul bern
worldly goods,phil rosen
worldly possessions,robert w. filion
worldrevolution,klaus hundsbichler
worlds apart,niels arden oplev
worlds apart,greg beeman
worlds apart,christopher papakaliatis
worlds apart,bethany rooney
worlds apart,ron satlof
worlds apart,alan crosland
worlds apart,charles beeson
worlds apart,grant martin
worlds apart,len wiseman
worlds apart,michael schultz
worlds away: hound of the night,vic hughes
worlds away: hound of the night,dennis kirkland
worlds away: more for the burning,dennis kirkland
worlds away: more for the burning,vic hughes
worlds away: secret of the pyramid,vic hughes
worlds away: secret of the pyramid,dennis kirkland
worlds collide,p. david ebersole
worlds collide,bryan goeres
worlds collide,dennis dimster
worlds finest,nick gomez
worlds of amusement,kevin r. hershberger
worlds we created,nicholas santos
worlds within worlds,myrna bushman
worlds without love,arvin brown
worldwide sex 1: cannes festival du film 2000,misty rain
worldwide sex 2: wild in paris,misty rain
worldwide sex 3: amsterdammed,misty rain
worldwide sex 4: sexo en barcelona,misty rain
worldwide sex 5,misty rain
worldwide sex 6,misty rain
worldwide sex 7: budapest babes,misty rain
worm,steven greenstreet
worm,isabella rossellini
worm,andrew bowser
worm,jay rosenblatt
worm,caveh zahedi
worm,lasha dardagany
worm and fuzzy,ross bollinger
worm and web love,stan brakhage
worm bin,niki yang
worm in the apple,sheldon leonard
worm in the bud,charles jarrott
worm movie,lung leg
wormchild,kellen pembleton
wormchild 2: fresh flesh,kellen pembleton
wormchild 3: darkest destiny,kellen pembleton
wormgat,tim kamps
wormhole,trevor moore
wormhole,chris reccardi
wormholes,stephen hillenburg
worms,hana kukal
worms,yoshitomo yonetani
worms 4: mayhem,martyn brown
worms armegeddon,sean becker
worms reloaded,martyn brown
worms will turn,frank griffin
wormwood,james maynard
wormwood,rosemary hill
wormwood,marshall farnum
worn out souls,brian maurer
worpswede,ruprecht essberger
worried about jim,lawrence gordon clark
worried about the boy,julian jarrold
worried friends,neil schell
worried heart,noam pitlik
worried si lolay,ricky davao
worries,michael custance
worries and wobbles,larry semon
worry,michael lindsay-hogg
worry dolls,neill fearnley
worry for maggie,john chester
worry wart,thomas schlamme
worrying,matthew robinson
worrying about the future,tian boothe
worse for the wear,christopher warre smets
worse than his byte,dan harmon
worse than liver,noah king
worse than murder,mitchell leisen
worse than wild beasts,arturo martínez
worse than worse,john johnson
worse things a woman can say to a man,john purzycki
worship,donald mcwhinnie
worship,mark kausler
worship,nick jennings
worship my giant black ass 4,david christopher
worship my schoolgirl ass,tom byron
worship of fire,anthony caleca
worship of the flesh,anthony caleca
worship of ufos,anthony caleca
worship of voodoo,anthony caleca
worship the son,dana jordan rothschild
worshipping beretta james,maitresse madeline
worshipping my favorite part of your cock,xev bellringer
worst 10 films of 2011,dennis alink
worst babysitter ever: relax,lp
worst block,richard compton
worst cable car disasters,marco romano
worst case - ein tag in der werbung,bernd schaarmann
worst case scenario,salli richardson-whitfield
worst case scenario,alexander singer
worst case scenario,franz müller
worst case scenario,john smith
worst case we get married,léa pool
worst comedy sequels,andy signore
worst contact,gen sekiguchi
worst day,brynn thayer
worst day,james cairns
worst day,shahaub roudbari
worst enemy,lake bell
worst episode ever,matthew nastuk
worst fears,derek lister
worst films of 2014 part 2,lukas nathaniel
worst first date ever,ken whittingham
worst game ever,matt raub
worst halloween ever,nick murphy
worst houseguest of all time,nigel w. tierney
worst in show,alan kirschenbaum
worst in show,james krenzke
worst lyrics of april (lil uzi vert papoose rick ross),daren jackson
worst lyrics of august 2015,daren jackson
worst lyrics of june 2016,daren jackson
worst lyrics of march 2016,daren jackson
worst lyrics of november 2016,daren jackson
worst lyrics of october 2016,daren jackson
worst marriage,ernest obi
worst marriage 2,ernest obi
worst moments,seth chitwood
worst movies ever,caillou pettis
worst night whenever,bob koherr
worst nightmare,tony wharmby
worst nightmare,jordan doww
worst of november 2015,daren jackson
worst online date ever,anthony padilla
worst online date ever,ian hecox
worst parents ever,ian hecox
worst parents ever,anthony padilla
worst presidents of the united states,stan mcclintock
worst presidents of the united states part ii,stan mcclintock
worst presidents of the united states part iii,stan mcclintock
worst presidents of the united states part iv,stan mcclintock
worst proposals ever,anthony padilla
worst proposals ever,ian hecox
worst sarah palin impression,will hines
worst security ever: the trail cam motel,dan bell
worst shark attack ever,veronica grey
worst teacher ever: dodgeball,nic stanich
worst thing about coming out,rob schmidt
worst to first: the final battle,dax rhorer
worst verses in the new testament,stan mcclintock
worst way to go,aaron proctor
worst werewolf ever,brett register
worst. prom. ever.,dan eckman
worst.dates.ever.,joshua d. krohn
worst.poet.ever.,scott calonico
worsties parade part four,todd robert anderson
worsties parade part four,stephen falk
worsties parade part one,todd robert anderson
worsties parade part one,stephen falk
worsties parade part three,todd robert anderson
worsties parade part three,stephen falk
worsties parade part two,stephen falk
worsties parade part two,todd robert anderson
wort und tat,fritz hippler
wort und tat,eugen york
wort und tat,gustav ucicky
wort und totschlag,kai s. pieck
worte statt taten,thomas pauli
worte und musik,rainer horbelt
worte und musik,ulrich stark
worte und spiele,harun farocki
worteltrekken,hiroshi sasagawa
wortgefechte,mathias luther
worth,nic barker
worth,alexander holt
worth a deuce,edward peghin
worth a million,matthew robinson
worth a plugged nickel,arnold wester
worth dying for,dennis kirkland
worth fighting for,chip fields
worth fighting for,usher morgan
worth fighting for,charlotte pence
worth fighting for,dan neira
worth her weight in gold,charles nichols
worth it,thomas sanders
worth it,peter rowe
worth it all,brad ayres
worth several cities,guy ferland
worth the fight,sean mcnamara
worth the price,michael copon
worth the wait,tom lin
worth the weight,ross k. foad
worth the weight,francisco campos-lopez
worth their waste in gold,george erschbamer
worth waiting for,judge whitaker
worth waiting for,clement baptista
worth while,e.h. calvert
worth winning,will mackenzie
worthless slut cock sucking,xev bellringer
worthy of all my love,thom fitzgerald
worthy to stand,judge whitaker
wortspiele,borislav sajtinac
worzel and saucy nancy,james hill
worzel gummidge: aunt sally,paul ciani
worzel gummidge: gummidge gives a party,paul ciani
worzel gummidge: gummidge goes for a walk,paul ciani
worzel gummidge: the battle of the scarecrows,paul ciani
worzel in revolt,james hill
worzel in the limelight,james hill
worzel pays a visit,james hill
worzel the brave,james hill
worzel to the rescue,james hill
wos nu,thomas renoldner
wossamotta u: parts 1-2,william t. hurtz
wossamotta u: parts 1-2,pete burness
wossamotta u: parts 1-2,gerard baldwin
wossamotta u: parts 11-12,gerard baldwin
wossamotta u: parts 11-12,pete burness
wossamotta u: parts 11-12,william t. hurtz
wossamotta u: parts 3-4,william t. hurtz
wossamotta u: parts 3-4,pete burness
wossamotta u: parts 3-4,gerard baldwin
wossamotta u: parts 5-6,gerard baldwin
wossamotta u: parts 5-6,pete burness
wossamotta u: parts 5-6,william t. hurtz
wossamotta u: parts 7-8,william t. hurtz
wossamotta u: parts 7-8,pete burness
wossamotta u: parts 7-8,gerard baldwin
wossamotta u: parts 9-10,gerard baldwin
wossamotta u: parts 9-10,pete burness
wossamotta u: parts 9-10,william t. hurtz
wossea mtotom,manfred neuwirth
wossea mtotom,gustav deutsch
wot a night,vernon stallings
wot a night,john foster
wotakoi: love is hard for otaku,yûichi fukuda
wotans tochter,rudolf del zopp
wotruba,thomas draschan
wotta knight,izzy sparber
wotta nitemare,dave fleischer
wottabango corn elixer,lew keller
wottabango corn elixer,pete burness
wottabango corn elixer,william t. hurtz
woubi cheri,laurent bocahut
woubi cheri,philip brooks
woud famous,péter vajda
woudrichem,rudolf spoor
would-be gentleman,jean meyer
would be dragonslayer,warren batchelder
would be dragonslayer,bob bemiller
would be dragonslayer,brad case
would be ghosts,laura beason
would i ever like to work,kathleen shannon
would i lie to you,pino amenta
would just kill me,giovanni capitello
would the real max hammer please log on,pino amenta
would the world be kind,louise friedberg
would you,brian mcginn
would you,rod blackhurst
would you believe...,steve zuckerman
would you like to stargaze,emir baigazin
would you like to swing on a star,robin nash
would you look at her,goran stolevski
would you rather - naughty edition,marcus butler
wound,david blyth
wound-up penguin,todd holland
wound footage,thorsten fleisch
wound: the struggle for trost part 8,tetsurô araki
wounded,randy nundlall jr.
wounded,richard martin
wounded,paul guilfoyle
wounded,kenneth biller
wounded animals,ventura pons
wounded by the beauty,wallace a. carlson
wounded by the wind,juan carlos rubio
wounded flyboy and the nurse who gave him reason to live,linda day
wounded heart,daniel lahr
wounded heart,vic sarin
wounded hearts,j.d. hawkins
wounded hearts and wedding rings,j.a. howe
wounded knee,stanley nelson
wounded land,dragoslav lazic
wounded land,erez tadmor
wounded wolf,norma bailey
wounderland,mattias löw
woundings,roberta hanley
wounds,mu-ryong choi
wounds of hunger,george sherman
wounds to lick,preston michael simpson
wounds: part 1,sam miller
wounds: part 2,sam miller
wout r the movie,patrick brouwers
wovon die menschen leben,thomas fantl
wovon wir leben und woran wir sterben,oswald döpke
wow,brian levant
wow,claude jutra
wow,péter vajda
wow 2,pedro maccarone
wow disney got dark,thomas sanders
wow macdonalds knows how to throw it back,thomas sanders
wow me,tom dicillo
wow mom,andie bolt
wow thanks,thomas sanders
wow women of the world,faith hubley
wow wow wow,rodrigo garcía
wow wow wubbzy: wubb idol,steve daye
wowschwitz,rob schrab
woyzeck,nuran calis
woyzeck,thomas ostermeier
woyzeck,giancarlo cobelli
woyzeck,roger justafré
woyzeck,annemarie prins
woyzeck,lothar bellag
woyzeck,julio castronuovo
woyzeck,håkan ersgård
woyzeck,ralf långbacka
woyzeck,jános szász
woyzeck,laco adamik
woyzeck,alexander tuschinski
woyzeck,marcel bluwal
woyzeck,rui pedro sousa
woyzeck,kaspar rostrup
woyzeck,rudolf noelte
woyzeck,aleksandra korewa
woyzeck,werner herzog
woyzeck: the making of,alexander tuschinski
woyzeckproben,johannes rosenberger
woz,david mcleod
wozonko,abelard giza
wozzeck,brian large
wozzeck,patrice chéreau
wozzeck,peter mussbach
wozzeck,joachim hess
wozzeck,georg c. klaren
wpink-tv 4,fred j. lincoln
wpink-tv 5,fred j. lincoln
wplyw marsa,piotr weresniak
wplyw merkurego,piotr weresniak
wqxr: the cool breeze,dan eckman
wr: mysteries of the organism,dusan makavejev
wraak,nico knapper
wraak,thomas schoffelen
wraak,ronnie commissaris
wraakengel,aram van de rest
wraith,justin groetsch
wraith of the umbra and eidolon,morten k. vebjørnsen
wraith of the umbra and eidolon ii,morten k. vebjørnsen
wraiths,john johnson
wraiths of the broken land,ridley scott
wraki,czeslaw petelski
wraki,ewa petelska
wrangler: anatomy of an icon,jeffrey schwarz
wranglers of death,ben dobyns
wrangling dudes,c.l. chester
wrap,juan soto
wrap-up,mike meyer
wrap and behind the scenes,r.d. alba
wrap around the clock - part 1,andrew mccullough
wrap around the clock - part 2,matthew diamond
wrap dazzling,kazuya konaka
wrap it up,john bertholon
wrap party,peter macaluso
wrap party,michael kennedy
wrap party,james bachman
wrap up,kimble rendall
wrapped,florian wittmann
wrapped,tim mccann
wrapped,matt west
wrapped up,michael schear
wrapped up in you,tosca musk
wrapped up vol. 1,lewis lovhaug
wrapping paper,michael robert austin
wrapping piece,yoko ono
wrath,julian pringle
wrath,charles beeson
wrath,theodore marston
wrath,stefan schwartz
wrath,sam hendi
wrath,nicolai fuglsig
wrath,jeffrey g. hunt
wrath,scott spiegel
wrath,greg nicotero
wrath,jonathan neil dixon
wrath,maria sødahl
wrath of con,jefery levy
wrath of con,kenn navarro
wrath of con,neil d'monte
wrath of con,kenn navarro
wrath of eagles,iraj ghaderi
wrath of god,russell mulcahy
wrath of jealousy,campbell gullan
wrath of jealousy,alex bryce
wrath of love,james vincent
wrath of silence,yukun xin
wrath of the blood angel,justin morales
wrath of the dead,joseph winter
wrath of the dead: prologue,milan todorovic
wrath of the emperor,noriaki yuasa
wrath of the empire,ichirô itano
wrath of the mountain god,masayuki akehi
wrath of the northmen,johan renck
wrath of the seas,manfred noa
wrath of the sith part 1,alex medtlek
wrath of the sith part 2,alex medtlek
wrath of the sith part 3,alex medtlek
wrath of the sith part 4,alex medtlek
wrath of the sith part 5,alex medtlek
wrath of the sith part 6,alex medtlek
wrath of the spectre,lewis lovhaug
wrath of the spider queen,gordon kent
wrath of the spider queen,juli murphy
wrath of the spider queen,matt engstrom
wrath of the sun demon,donald f. glut
wrath of the titans,jonathan liebesman
wrath of the villains: a dead man feels no cold,eagle egilsson
wrath of the villains: azrael,larysa kondracki
wrath of the villains: into the woods,oz scott
wrath of the villains: transference,eagle egilsson
wreak,kelly weaver
wreaths at the foot of the mountain,jin xie
wreck-it-ralph,tamara chambers
wreck-it ralph,doug walker
wreck-it ralph,doug walker
wreck-it ralph,rich moore
wreck-it ralph,mat brunet
wreck-it ralph 2 trailer - review and thoughts,vera wylde
wreck-it ralph pitch meeting,ryan george
wreck-it ralph vs angry birds,doug walker
wreck and ruin,wilfred noy
wreck beach butoh,pascal jean provost
wreck it ralph 2: ralph breaks the internet,torey gerace
wreck of the robot,nathan juran
wreck raisers,harold orton
wreck room revamp,christopher lee
wreck the halls,steve boyum
wreck the malls,daniel kwan
wreck the malls,daniel scheinert
wreckage,rafael ceribelli
wreckage,spyder dobrofsky
wreckage,peter paige
wreckage,manuel montenegro
wreckage,john asher
wreckage,scott r. dunlap
wrecked,justin benson
wrecked,selena v. raffaele
wrecked,aaron moorhead
wrecked,mathieu mortelmans
wrecker: part 1,jonathan wright-miller
wreckers,lutz stützner
wreckers,tony loeser
wreckety wrecks,del lord
wrecking ball,don scardino
wrecking ball,christopher selby
wrecking ball by miley cyrus,todd nathanson
wrecking ball wrestling 1,dustin hodge
wrecking ball wrestling 2,dustin hodge
wrecking ball wrestling 3,dustin hodge
wrecking crew,christian owen
wrecking crew,frank mcdonald
wrecking crew (black box nes game),mike matei
wrecks,fred hibbard
wrecks,hans hass
wrecks of the abyss,gary johnstone
wrenching,les chatfield
wrestle club,chris bruno
wrestle in peace,bruno bianchi
wrestle it up,joel zwick
wrestle maniacs,chuck sheetz
wrestle maniacs,bob jaques
wrestle maniacs,ray patterson
wrestle maniacs,don lusk
wrestle maniacs,paul sommer
wrestlecon,vince russo
wrestlecrap radio roast,blade braxton
wrestlecrap radio shoot interview,blade braxton
wrestlecrate unboxing,brian zane
wrestlemania the album,brian zane
wrestlemaniac,brian zane
wrestlers get bribed with anal pain to throw the match of the century,ariel x.
wrestlers in commercials,brian zane
wrestlers in music videos part 1,brian zane
wrestlers in music videos part 2,brian zane
wrestlers in sitcoms,brian zane
wrestlicious,brian zane
wrestling,eric wareheim
wrestling,william k.l. dickson
wrestling,mohan dayaram bhavnani
wrestling,tim heidecker
wrestling,marie menken
wrestling,jeremy o'keefe
wrestling,les chatfield
wrestling and athletic tournaments poona 1919,dhundiraj govind phalke
wrestling bears,joe dietl
wrestling commercials part 3,brian zane
wrestling demons,lou antonio
wrestling ernest hemingway,randa haines
wrestling food taste test,brian zane
wrestling food taste test: the return,brian zane
wrestling for love,keith samples
wrestling games,james rolfe
wrestling in cartoons,brian zane
wrestling is the least important thing about the wrestling business,vince russo
wrestling jerusalem,dylan kussman
wrestling madness board game,brian zane
wrestling match,william k.l. dickson
wrestling opera,ted wass
wrestling season,samuel mcauley
wrestling society x,brian zane
wrestling story,frank mcdonald
wrestling studs,joe tiffenbach
wrestling weekly presents: no second chances,jason 'doc' young
wrestling with alligators,laurie weltz
wrestling with cavemen,john sjogren
wrestling with destiny: the life and times of daniel igali,joel gordon
wrestling with parenthood,america young
wrestling with the truth,perry rosemond
wrestling wrecks,don patterson
wreszcie razem,tomasz szafranski
wretched beautiful,alan rafkin
wretched rice cakes of love,junji nishimura
wretched things,gage oxley
wriggling past,naohito takahashi
wrigley and king,neil murphy
wring out the welcome mat,gary nelson
wrinkle,michael mcnamara
wrinkles,eric quizon
wrinkles,alejandro chomski
wrinkles: in need of cuddles,lee mendelson
wrist,matthew harrison
wrist trick,paul sharits
wrist watch,claes olsson
wrists out,kevan moezzi
writ of terror,henry s. kesler
write-along with nathan fillion,rob bowman
write-off,ken hannam
write a lonely soldier,bethany rooney
write a song,chao-jen hsu
write and wrong,john bowab
write down i am an arab,ibtisam mara'ana
write her a letter,jessa zarubica
write is wrong,john rich
write it right,shantaram athavale
write me - postcards to copacabana,thomas kronthaler
write me a love scene,harvey marlowe
write me a murder,henri safran
write me a murder,alan gibson
write off,don leaver
write on,jack donohue
write on brother,terry becker
write on thelma,gerren keith
write the future,alejandro g. iñárritu
write this way,peter segal
write to privacy,dick martin
write where it hurts,guy moore
write your own ending,shaun springer
writer,matthew hill
writers,nick harris
writers block,basil schneeberger
writers in revolt,david heycock
writers killed the business,vince russo
writers meeting,neil casey
writersklok,brendon small
writing,gail levin
writing a wrong,james widdoes
writing again,kaelan strouse
writing block,elizabeth duong
writing desire,ursula biemann
writing for time,shaun costello
writing heads: hablan los guionistas,alfonso s. suárez
writing kim,luvia petersen
writing movies for fun and profit,robert ben garant
writing movies for fun and profit,thomas lennon
writing on snow,rashid masharawi
writing on the wall,tensai okamura
writing on the wall,tadashi hiramatsu
writing on the wall,nick peterson
writing on the wall,stan daniels
writing on the wall,sonetta duncan
writing on the wall,nick peterson
writing on the wall,antonia bird
writing on water,peter greenaway
writing partners,max winkler
writing the egos,alex r. wagner
writing the end,massimiliano mauceri
writing the president,john rich
writing the wrongs,ted wass
writing tickets for makeup violations,russell arch
writing to reach you,patrik-ian polk
writing with light: vittorio storaro,david m. thompson
writing wrongs,jim drake
writing wrongs,stephen peet
writing: an homage to james and abbas,matthew clayfield
written,byung-woo kim
written by,ka-fai wai
written by franklin mann,l. marcus williams
written future,tony calle
written in blood,john terlesky
written in blood,j. darin wales
written in blood,jeremy silberston
written in dust,peter h. hunt
written in the dust,montgomery tully
written in the fog,silvio f. balbuena
written in the sand,charles l. gaskill
written in the stars,renny rye
written in the stars,kenny ortega
written off,aleksandar djordjevic
written off,cameron berner
written on my skin,rod roberts
written on the body of night,jaime humberto hermosillo
written on the wind,douglas sirk
written sounds,merlijn remmig
written with the left hand,julia smith
wrobiony,piotr smigasiewicz
wroclaw - breslau,gordian maugg
wroclaw lezy nad odra,marceli matraszek
wroclawska opowiesc,witold lesiewicz
wroclawski eksperyment,wladyslaw forbert
wrogowie i przyjaciele,gordian maugg
wrong,quentin dupieux
wrong again,leo mccarey
wrong all around,edward dillon
wrong and wronger,tony dean smith
wrong answer,ryan coogler
wrong arm of the law,milton ingley
wrong bad dumb stinks,peter bonerz
wrong beds,frank currier
wrong call,bonginhlanhla ncube
wrong classroom,thomas sanders
wrong cops,quentin dupieux
wrong cops: chapter 1,quentin dupieux
wrong desire,lancelot oduwa imasuen
wrong desire 2,lancelot oduwa imasuen
wrong direction,tomas spencer
wrong direction,alfred j. goulding
wrong elements,jonathan littell
wrong email recipients,benita robledo
wrong fight,james sheldon
wrong for each other,kevin dobson
wrong harmonies,paul vecchiali
wrong house,brandon vivian
wrong is right,richard brooks
wrong is right,ted kotcheff
wrong man,andrew v. mclaglen
wrong move,wim wenders
wrong move,francis xavier pasion
wrong name,amy paffrath
wrong no.,yasir nawaz
wrong number,christian i. nyby ii
wrong number,neill fearnley
wrong number,matin rahman
wrong number,terri hanauer
wrong number,tiago teixeira
wrong number,andrew allan
wrong number,joshua funk
wrong number,kevin inch
wrong number,vernon sewell
wrong number,patrick rea
wrong number,david o'reilly
wrong number,patrick rea
wrong number,burt brinckerhoff
wrong number,sean michael beyer
wrong numbers,alex holdridge
wrong odds,william witney
wrong phi wrong,roger m. bobb
wrong pigeon,howard w. koch
wrong place at the right time,christopher menaul
wrong place wrong crime,florian puchert
wrong place wrong time,robert knights
wrong place wrong time,rick rosenthal
wrong place wrong time,john johnson
wrong place wrong time,steven stiller
wrong place wrong time: part 1,warren clarke
wrong place wrong time: part 2,warren clarke
wrong plan,timoth conrad
wrong rembrandt,philip rapp
wrong road,david mitton
wrong romance,leslie goodwins
wrong rope,jean yarbrough
wrong rosary,mahmut fazil coskun
wrong side,vadia potenza
wrong side of a love song,mario azzopardi
wrong side of the road,jennifer lynch
wrong side of the road,ned lander
wrong side of the tracks,dustin ferguson
wrong side of the tracks,jeffrey walker
wrong side of the tracks,jeff mccracken
wrong side of the tracks: part one,chi chi larue
wrong side of the tracks: part two,chi chi larue
wrong side of the wall,matt clark
wrong side of town,mathew buck
wrong side up,henry darrow mccomas
wrong somebody,vural uzundag
wrong son,gunther von fritsch
wrong song,jerry levine
wrong suspect,ricky davao
wrong time murder,ernest morris
wrong time wrong place,tamara milosevic
wrong time wrong place,john appel
wrong timing,rory b. quintos
wrong timing,frasco mortiz
wrong track,david cameron
wrong track: jack the hammer serial killer,stanley nallem
wrong train to brimstone,jeffrey hayden
wrong turn,rob schmidt
wrong turn 3: left for dead,declan o'brien
wrong turn 4: bloody beginnings,declan o'brien
wrong turn 5: bloodlines,declan o'brien
wrong turn 6: last resort,valeri milev
wrong turn 6: last resort,phelan porteous
wrong turn at tahoe,franck khalfoun
wrong way,anna condo
wrong way butch,dave o'brien
wrong way down,leon benson
wrong way kid,sam weiss
wrong way right,nicholas colla
wrong way right,daniel daperis
wrong way to sundance,dan settani
wrong woman mad,william corrigan
wronged,kevin inch
wronged,fanya runkat
wronged by mistake,reggie morris
wrongful curse,apostolos tegopoulos
wrongful death: hattori vs. peairs,christine choy
wrongful life,darnell martin
wrongfully accused,pat proft
wrongly accused,ulysses davis
wrongo starr and the lady in black,charles r. rondeau
wrongorilla,alfred j. goulding
wrongs,larry marinelli
wrongville,ugur uludag
wrongway feldman,ida lupino
wrozka,maciej wojtyszko
wrzeciono czasu,andrzej kondratiuk
wrzesien - tak bylo...,waclaw kazmierczak
wrzesien - tak bylo...,jerzy bossak
wrzesien 1939,jacek lusinski
wrzos,juliusz gardan
wschody i zachody miasta,jacek glomb
wsciekle zwierze,krzysztof jaroszynski
wsciekly,roman zaluski
wsciekly kibic,krzysztof jaroszynski
wshh presents the field: miami,mandon lovett
wsim: what suffered inside me,jennifer hardy ck
wspanialy kumpel,agnieszka glinska
wspolnicy,maciej pieprzyca
wspolnicy,monika figura
wspolny prezent,janusz leski
wspolny wrog,maciej wojtyszko
wsrod indian,maciej slesicki
wsteczny bieg,laco adamik
wstep do wiedzy o sztuce - artysta,konrad nalecki
wstyd,piotr matwiejczyk
wstydliwe tajemnice,kordian piwowarski
wszyscy bylismy dziecmi,marcel lozinski
wszyscy i nikt,konrad nalecki
wszyscy jestesmy ordynatorami,krzysztof jaroszynski
wszyscy swieci,andrzej baranski
wszyscy za jednego,monika figura
wszyscy za jednego,krzysztof rogala
wszystkie kobiety mateusza,artur wiecek
wszystkie lekcje odwolane,agnieszka glinska
wszystkie szczesliwe rodziny,sylwester jakimow
wszystko,piotr szulkin
wszystko albo nic,tomasz szafranski
wszystko albo nic,wojciech adamczyk
wszystko bedzie dobrze,anna jadowska
wszystko co mam,piotr weresniak
wszystko co najwazniejsze...,robert glinski
wszystko dla syna. rok 1905,zbigniew chmielewski
wszystko i kazdy ma swoja cene,kinga lewinska
wszystko jest,grzegorz jaroszuk
wszystko jest liczba,stefan schabenbeck
wszystko jest poezja,andrzej brzozowski
wszystko jest teatrem,wojciech adamczyk
wszystko o mojej rodzinie,kuba czekaj
wszystko po drodze,andrzej titkow
wszystko pod kontrola,adam guzinski
wszystko pod kontrola,bartosz konopka
wszystko sie kreci,danny kaden
wszystko sie ulozy,grzegorz lewandowski
wszystko w rodzinie,krzysztof lang
wszystko zostaje w rodzinie,adam guzinski
wtc haikus,jonas mekas
wtf,felix stienz
wtf,deepak reddy
wtf,allisyn snyder
wtf,j. miller tobin
wtf,jaymes camery
wtf,keishawn blackstone
wtf,oskari sipola
wtf,kyle gehring
wtf super bowl ads,katie nolan
wtf: work time fun,pierre taki
wtf: world thumbwrestling federation,enrico natale
wtfk radio,akello stone
wtit in boobsville,skye blue
wtorki czwartki i soboty,krystyna gryczelowska
wu,cécile vernant
wu-tang clan: this shit is from the heart,eckhart schmidt
wu da han,hsueh-li pao
wu di fan dou xing,yen-ping chu
wu di lian huan biao,tian-lin wang
wu di tie sha zhang,mu chu
wu du mang mang,jin wang
wu feng,wancang bu
wu fung chao yang,tien-yung hsu
wu gu niang,jingbo chen
wu gui,shih-han liao
wu gui duo hun,joseph kuo
wu hai ye hang,hui shi
wu hu ping xi,chung-ho hung
wu hu si hai,yen-ping chu
wu jia zhi bao,yao-chi chen
wu jiao wa,ti shih
wu jie,baochang guo
wu li chang,nick grinde
wu li chang,carlos f. borcosque
wu lin da jue dou,sang siu
wu lin sheng huo ling xia ji,sang siu
wu long hun yin,wui ng
wu long ji gong,fung wong
wu long jiang jun,wui ng
wu long q wang,bong luk
wu mang mang,tien-yung hsu
wu mei ren,wan chan
wu ming,james whitney
wu ming shi,yunwei ying
wu ming xiao zu,karl maka
wu niu,allen fong
wu pan an,chung-ho hung
wu pan an,sau-kei lee
wu qian zhang,chi hsin
wu qiang qiang shou,mei hu
wu qing da hai you qing tian,wui ng
wu qing dao,chi lo
wu qing han,chi lo
wu qing huang di you qing tian,yao-chi chen
wu qiong dong,ying ning
wu ru xiao lei yin,jie yang
wu san gui yu chen yuan yuan,lawrence cheng
wu shan meng,chun yen
wu shan meng duan xiang si lei,cheuk-hon wong
wu shan meng hui,feng yueh
wu sheng guan gong,hsiang-hsiung liao
wu shi meng,mei-chun chang
wu song,yunwei ying
wu song,zhongying yu
wu song and pan jianlin,cun wu
wu tang magic kick,chung ting
wu tang swordsman,shao-peng chen
wu tang: revealed,the gza
wu ting,kirk wong
wu tou an,ching doe
wu wang guo chi,wan laiming
wu wang wo,cheuk-hon wong
wu xia: a martial arts tango,johnny k. wu
wu xian en qing wu xian hen,wui ng
wu xian xun zong: shang ji,da ying
wu xian xun zong: xia ji,da ying
wu ya wei shen me shi hei de,jiajun qian
wu ye de che zhan,namio yuasa
wu ye jing hun,weibang ma-xu
wu ye li ren,david lai
wu ye qing sha an,wui ng
wu ye zhao hun,ying cheung
wu yen,johnnie to
wu yen,ka-fai wai
wu yi,yuen chor
wu yu wen can tian,wei lo
wu yue yu zhong hua,kim chun
wu yue yu zhong hua xia ji,kim chun
wu zhai,jianzhong huang
wu zhao sheng you zhao,ricky lau
wu zi mei,kim chun
wucher,karin hercher
wucht,anna porzelt
wucht des panoramas,michael trabitzsch
wuff,detlev buck
wugged wocks,nicholas spargo
wuj karlik,stanislaw dülz
wujek.81. czarna ballada,robert talarczyk
wumbata,matti grönberg
wundbrand,dagmar von chappuis
wunde punkte,frank strecker
wunden,esther wenger
wunden,claus peter witt
wunden der vergangenheit,dagmar von chappuis
wunden und narben,erwin keusch
wunder,george moorse
wunder,imogen kimmel
wunder,guido pieters
wunder,rubén arnaiz
wunder,bettina braun
wunder 74,erich neureuther
wunder am see genezareth,uwe frießner
wunder der technik,arend agthe
wunder der technik,marco musienko
wunder der wirklichkeit,thomas frickel
wunder des fliegens: der film eines deutschen fliegers,heinz paul
wunder des lebens - mit liebe gemacht,wolfgang eissler
wunder einer nacht,konrad sabrautzky
wunder gibt es immer wieder,dennis satin
wunder gibt es immer wieder,nico zingelmann
wunder gibt es immer wieder,felix dünnemann
wunder heilung,kurt langbein
wunder punkt,adalbert plica
wunder wiederholen sich nicht,helmut krätzig
wunderbare tage,matthias kiefersauer
wunderbare zukunft,sören senn
wunderbares wrodow,rosa von praunheim
wunderbaum,marja pensala
wunderheiler,andi niessner
wunderjahre,arend agthe
wunderkammer,andrea pallaoro
wunderkind,ivan vesselinov
wunderkind,hans-christoph blumenberg
wunderkinder,marcus o. rosenmüller
wunderkinder,thomas nennstiel
wunderkinder,ulrich zrenner
wunderkinder,karsten wichniarz
wunderland,bob rooyens
wunderland,oliver muth
wunderlich,claus lund
wunderliche dinge,ilse hofmann
wundermittel,sönke wortmann
wunderpark,bob camp
wunderpille,wolfgang f. henschel
wundersame geldvermehrung,michaela zschiechow
wundersame heilung,peter vogel
wundersame heilungen,wolf dietrich
wundersame heilungen,gunter friedrich
wunderschein,guillaume cailleau
wundervolle zweite chance,wolfgang münstermann
wunderwelt garten - die heimliche wildnis,jan haft
wunderwerk kristall,heinz bütler
wunderwerk penis,liz wieskerstrauch
wundkanal,thomas heise
wundkanal,thomas harlan
wunnigel,oswald döpke
wunsch,byambasuren davaa
wunsch nach der wahrheit,janis rattenni
wunsch oder wirklichkeit,jürgen brauer
wunsch und wirklichkeit,sophie allet-coche
wunsch und wirklichkeit,wolfgang frank
wunsch und wirklichkeit,andreas weiß
wunschbild,nicolai rohde
wunschdenken,markus imboden
wunschfrauen,moritz boerner
wunschkind,jorgo papavassiliou
wunschkind,sven fehrensen
wunschkind,stephan meyer
wunschkind,nico zingelmann
wunschkinder,esther wenger
wunschkinder,emily atef
wunschlos tot,kurt junek
wunschtraum kinder: albtraum adoption,susanna fanzun
wuphf.com,danny leiner
wupke en wopke,hans somers
wuppertal,anne linsel
wuppertal,dominikus probst
wuppertal - 24 stunden aus dem leben einer deutschen industriestadt,gero priemel
wuppertal lebt - aufbau einer deutschen stadt,gero priemel
wurdilak,robert sigl
wurds,jack gattanella
wurm im bau,joachim roering
wurmstichig,eugen illés
wurra-wurra,william beaudine
wurzel,claus peter witt
wurzeln,ulli baumann
wurzeln,klaus wirbitzky
wusa,stuart rosenberg
wushu cannes 2008,derek hui
wuss,clay liford
wut,andreas prochaska
wut,andreas stenschke
wut,kai meyer-ricks
wut auf mariella,andreas morell
wut auf toni,olaf götz
wut im bauch,claus-michael rohne
wut im bauch,klaus knoesel
wut im bauch,christiane balthasar
wut und sorge,esther wenger
wutai chunse,xiaodan tang
wuthering heights,yoshishige yoshida
wuthering heights,lamont johnson
wuthering heights,robert fuest
wuthering heights,suri krishnamma
wuthering heights,alan burke
wuthering heights,paul nickell
wuthering heights,rudolph cartier
wuthering heights,rudolph cartier
wuthering heights,william wyler
wuthering heights,a.v. bramble
wuthering heights,david skynner
wuthering heights,andrea arnold
wuthering heights,jacques rivette
wuthering heights,paul almond
wuthering heights,fabrizio costa
wuthering heights,peter kosminsky
wuthering heights,daniel petrie
wuthering heights: a radio play,stuart j. parkins
wuthering heights: part 1,kunihiko ikuhara
wutzkes privat,bernd böhlich
wuuthrad,adam koralik
wuxia knight,ernie reyes jr.
ww,gregory allen gabroy
ww 3,robert mandel
ww iii,tom six
ww laserz,eric wareheim
ww laserz,tim heidecker
ww livestock: hard working equipment,dustin hodge
wwe alumni,john purzycki
wwe birthday punches,danny philippou
wwe birthday punches,michael philippou
wwe entertainment center,mike l. taylor
wwe extreme rules 2015 review,brian zane
wwe gang beasts rematch,matt raub
wwe impersonations part 1,john purzycki
wwe impersonations part 2,john purzycki
wwe impersonations part 3,john purzycki
wwe impersonations part 4,john purzycki
wwe impersonations part 5,john purzycki
wwe impersonations part 6,john purzycki
wwe impersonations: redone,john purzycki
wwe impersonations: redone part 2,john purzycki
wwe lost a fan,antoine m. dillard
wwe network one year later,brian zane
wwe originals,brian zane
wwe payback 2015 review,brian zane
wwe slam city,brian zane
wwe smackdown vs. raw 2007,keith arem
wwe smackdown vs. raw 2008,chris bores
wwe unauthorized,brian zane
wwe wrestlemania 31 review,brian zane
wwe: mcmahon,vince mcmahon
wwe: the best of raw - 15th anniversary 1993-2008,vince mcmahon
wwf aggression,brian zane
wwf backlash,vince mcmahon
wwf grudge matches,vince mcmahon
wwf royal rumble (snes),mike matei
wwf super wrestlemania (super genesis),mike matei
wwf wrestlemania,isaac viana tapias
wwii battle of the bulge,hayden t. mauk
wwii in,gabriel rotello
wwii memorial: a testament to freedom,robert uth
wwii: introduction,manny velazquez
wwiii pre-game show,benny wills
wwjd,lon haber
www girl fight xiv,rick michaels
www.blowyourheadoff.com,aleksi salmenperä
www.eenzaam.nl,marc van uchelen
www.maedchenkiller.de - todesfalle internet,mark von seydlitz
www.mord.de,hans werner
www.murder,james lemmo
www.raydragon.com presents...,ray dragon
www.roccofunclub.com,rocco siffredi
www.themonkeyspaw.net,mitch yapko
www.vermisst-auf-dem-oktoberfest.de,charly weller
www.webcam,lionel soukaz
www.wickedgirl.com,brad armstrong
www.xxx.com,tikoy aguiluz
www: what a wonderful world,faouzi bensaïdi
wwwyzzerdd,christian frates
wwyd,tavishya
wyatt and the captain,frank mcdonald
wyatt cenac: brooklyn,wyatt cenac
wyatt earp,lawrence kasdan
wyatt earp becomes a marshal,lewis r. foster
wyatt earp comes to wichita,frank mcdonald
wyatt earp rides again,alan rafkin
wyatt earp rides shotgun,frank mcdonald
wyatt earp syndrome,robert l. collins
wyatt earp to the rescue,arnold laven
wyatt earp visits the williamses,sheldon leonard
wyatt earp: return to tombstone,paul landres
wyatt earp: return to tombstone,frank mcdonald
wyatt fights,frank mcdonald
wyatt loves bonnie,harvey medlinsky
wyatt meets doc holliday,frank mcdonald
wyatt presents: avatar in 3d,michael robison
wyatt takes the primrose path,paul landres
wyatt wins one,roy rowland
wybacz mi,grzegorz lewandowski
wybacz mnie,wojciech adamczyk
wybory,radoslaw piwowarski
wybory,andrzej kostenko
wybory serca,wojciech nowak
wybraniec,michal wegrzyn
wybuch,pawel karpinski
wybuch,maciej dejczer
wybuch,monika figura
wyciagnac wnioski,michal rogalski
wyciagnac wnioski,xawery zulawski
wycieczka,andrzej kostenko
wycieczka kajakiem,edward wator
wycieczka kajakiem,romuald klys
wycieczka na kanary,krzysztof jaroszynski
wycieczka w nieznane,jerzy ziarnik
wyciezka,bartosz kruhlik
wyclef jean: all star jam at carnegie hall,james yukich
wycliffe and the cycle of death,pennant roberts
wygrac przegrac,tadeusz palka
wyjatek i regula,konrad swinarski
wyjatkowy koncert,kordian piwowarski
wyjazd,maciej dutkiewicz
wyjazd do afryki,krzysztof jaroszynski
wyjazd integracyjny,przemyslaw angerman
wyjazd na weekend,krzysztof jaroszynski
wyjazd sluzbowy,andrzej jerzy piotrowski
wyjscie,grzegorz królikiewicz
wyjscie awaryjne,michal gazda
wyjscie awaryjne,lukasz kosmicki
wyjscie awaryjne,roman zaluski
wykapany ojciec,wojciech adamczyk
wykolejeni,kazimierz kaminski
wykopaliska,stanislaw loth
wykradziona tajemnica,krzysztof jaroszynski
wykrywacz,marek sledziewski
wylap,henryk dederko
wyliczanka,haider rizvi
wymarzone wakacje,tomasz konecki
wymiana miedzypokoleniowa,wojciech adamczyk
wynalazek czesciowo zepsuty,krzysztof jaroszynski
wyniki nie klamia,kinga debska
wynn hammer: photographer,jay nefcy
wynonna: revelations,james yukich
wynton marsalis and john besh,bruce sinofsky
wynton marsalis: a youngarts masterclass,kirk simon
wynwood,fro rojas
wyoming,adam cook
wyoming,joseph kane
wyoming,w.s. van dyke
wyoming,richard thorpe
wyoming,david grubin
wyoming hurricane,william berke
wyoming mail,reginald le borg
wyoming outlaw,george sherman
wyoming renegades,fred f. sears
wyoming roundup,thomas carr
wyoming tornado,j.p. mcgowan
wyoming usa,rob sitch
wyoming wildcat,george sherman
wypad za miasto,irena sobierajska
wypadek,monika figura
wypadek,stanislaw jedryka
wypadek,maciej migas
wypadek,lech majewski
wypadek,piotr weresniak
wypadek,janusz dymek
wypadek,bartosz konopka
wypadek,andrzej kostenko
wypadek,maciej dejczer
wypadek,maciej dejczer
wypadek na boisku,grzegorz pacek
wypadek na boisku,monika figura
wypadki chodza po ludziach,wojciech adamczyk
wypowiedzenie,artur urbanski
wypozyczalnia ludzi,maciej dejczer
wyprawa,pawel maslona
wyprawa do lasu,eugeniusz kotowski
wyrd sisters,hana buresová
wyrd sisters,jan brichcín
wyrdoes,nat luurtsema
wyreczony zareczony,piotr matwiejczyk
wyrok,maciej dejczer
wyrok,teresa kotlarczyk
wyrok,monika figura
wyrok losu,monika figura
wyrok na franciszka klosa,andrzej wajda
wyrok smierci,witold orzechowski
wyscig,kuba czekaj
wyscig,pawel józwiak-rodan
wyscig,tomasz jurkiewicz
wyscig o wszystko,kordian piwowarski
wyscig pokoju 1952. warszawa-berlin-praga,joris ivens
wyscig z czasem,patryk vega
wyscig z czasem,wojciech nowak
wyscigi,kazimierz prószynski
wyscigi konne na polu mokotowskim,boleslaw matuszewski
wysoki komisarz z unii,tomasz wiszniewski
wysokie loty,ryszard filipski
wyspa,marcin wladyniak
wyspa r.o.,jan lenica
wyspy szczesliwe,stanislaw brejdygant
wyspy szczesliwe,maciej pieprzyca
wystrzal,jerzy antczak
wystrzalowy bal,krzysztof jaroszynski
wyszedl w jasny pogodny dzien,krzysztof wojciechowski
wytches,lewis lovhaug
wytches,arif khan
wyvern,steven r. monroe
wywiad,pawel karpinski
wyznanie,pawel karpinski
wyznanie,monika figura
wyzwolenie,maciej prus
wyzwolenie,okil khamidov
wyzwolenie lazarza,filip zylber
wyzwolony,jacqueline audry
wyzwolony,wojciech solarz
wzbuch,filip zylber
x,josh brolin
x,max hattler
x,bruno stagnaro
x,glenn kershaw
x,kees van iersel
x,ian fordyce
x,alex winter
x,yara shahidi
x,jonathan alwyn
x,oddvar einarson
x,janne kuusi
x,henrik martin dahlsbakken
x,yoshio sakamoto
x,richard c. sarafian
x,jon hewitt
x,rintarô
x-15,richard donner
x-22,richard lang
x-25 reports,frantisek cáp
x-3,jay hunt
x-apes,michael mercy
x-apes,matthew crandall
x-bike,steve lafuma
x-cessive behavior,otto bauer
x-cessive behavior 2,otto bauer
x-day,katsutoshi sasaki
x-ecosystem,alireza rabie moghadam
x-games guardians,rich arons
x-happily ever after,linda day
x-isle,darren bolton
x-large,sherif arafa
x-man,james rolfe
x-mans,jim field smith
x-mas,harry harris
x-mas inc.,fernando rovzar
x-mas: santa gets down,anthony padilla
x-mas: santa gets down,ian hecox
x-meh apocaslip - benzaie vs 20th century fox,benjamin daniel
x-men,ferdinando carcavallo
x-men,jason pullara
x-men,walter banasiak
x-men,junaid chundrigar
x-men,doug walker
x-men,bryan singer
x-men,christian frates
x-men,chris bores
x-men,james rolfe
x-men (2000) pitch meeting,ryan george
x-men 3,jared bentley
x-men and superhero overload in 2018,vera wylde
x-men apocalypse,andrew michael spence
x-men apocalypse,jonn blanchard
x-men days of future past,benjamin daniel
x-men legends,sean becker
x-men legends: part 2,sean becker
x-men origins wolverine,mathew buck
x-men origins: wolverine,robert setlock iii
x-men origins: wolverine,gavin hood
x-men origins: wolverine,christian frates
x-men origins: wolverine,andy signore
x-men origins: wolverine,doug walker
x-men origins: wolverine pitch meeting,ryan george
x-men reboot,antoine m. dillard
x-men revolt,travis landry
x-men wolverine claws (the wolverine),andy signore
x-men xxx: an axel braun parody,axel braun
x-men: apocalypse,bryan singer
x-men: apocalypse,mathew buck
x-men: apocalypse,mike stoklasa
x-men: apocalypse impressions,antoine m. dillard
x-men: apocalypse official trailer impressions,antoine m. dillard
x-men: apocalypse pitch meeting,ryan george
x-men: dark phoenix,simon kinberg
x-men: dark phoenix trailer - old mistakes made new,vera wylde
x-men: days of future past,junaid chundrigar
x-men: days of future past,doug walker
x-men: days of future past,bryan singer
x-men: days of future past - minor spoilers review,vera wylde
x-men: days of future past pitch meeting,ryan george
x-men: destiny angry review,joe vargas
x-men: first class,matthew vaughn
x-men: first class,brad jones
x-men: first class,doug walker
x-men: first class 35mm special,tim postins
x-men: first class pitch meeting,ryan george
x-men: first class rejects,colin a. borden
x-men: mutant apocalypse,mike matei
x-men: the animated series,lindsay ellis
x-men: the animated series (with the creators),doug walker
x-men: the last stand,mike jeavons
x-men: the last stand,doug walker
x-men: the last stand,brett ratner
x-men: the last stand pitch meeting,ryan george
x-men: wolverine,doug walker
x-mess detritus,aurelio voltaire
x-mission,ursula biemann
x-pac: part 1,vince russo
x-pac: part ii,vince russo
x-paroni,jaakko pakkasvirta
x-paroni,spede pasanen
x-paroni,risto jarva
x-perts - megadrive,frédéric molas
x-rated,jenn barlow
x-rated,kit hood
x-rated bloopers and outtakes,bobby hollander
x-rated education,norman abbott
x-rated games,benjamin hardy
x-rated girl,pasquale festa campanile
x-rated: the greatest adult movies of all time,bryn pryor
x-ray,ana mendieta
x-ray,bernhard jasper
x-ray,krzysztof kieslowski
x-ray,james frawley
x-ray,matthias schweighöfer
x-ray,boaz davidson
x-ray eyes,mike van diem
x-ray fashion,francesco carrozzini
x-ray film into silver coins old factories to speaker cabinets and road bikes to race cars,andrew kenneth martin
x-ray marks the spot,stan harris
x-ray of a killer,jean maley
x-rays,richard boden
x-runners,conrad son
x-scape,dylan cuthbert
x-sports,casey walker
x-tales,wesley emerson
x-treme distractions,robert sizemore
x-treme farrah,marc cushman
x-treme love,nikoloz khomasuridze
x-treme measures,tensai okamura
x-treme pumping,gunner de medici
x-treme sadie,marc cushman
x-treme tabitha,marc cushman
x-treme torture,todd kauffman
x-treme violation,otto bauer
x-treme weekend,mark herrier
x-ville,jordi colomer
x - the exploited,károly ujj mészáros
x 1 pulsra,guillermo fernández groizard
x 15 - schneller als die zeit,dagobert lindlau
x art,cedric godin
x certificate,mark stuart
x chiama y,mario masini
x direct,jesper maintz andersen
x direct,bo dalum
x does not mark the spot,sheldon epps
x equals murder,robert stevens
x factor,hal freeman
x is not herself,rod hardy
x is the unknown factor,richard donner
x is y,richard kern
x marks the dot,james bogle
x marks the murder: part 1,christian i. nyby ii
x marks the murder: part 2,christian i. nyby ii
x marks the period,emmeline kim
x marks the spot,ross bollinger
x marks the spot,joseph barbera
x marks the spot,chi chi larue
x marks the spot,erle c. kenton
x marks the spot,jack arnold
x marks the spot,marc cushman
x marks the spot,bill podmore
x marks the spot,mark romanek
x marks the spot,nick hurran
x marks the spot,rick green
x marks the spot,william hanna
x marks the spot,george sherman
x mix,david sís
x pour xana,dominic gould
x premios goya,manuel gómez pereira
x rays,george albert smith
x the series vol. 1: anal,axel braun
x the series vol. 2: anal,axel braun
x the series vol. 3: internal,axel braun
x the series vol. 4,axel braun
x the unknown,leslie norman
x two,bartosz paduch
x vision 2,miles long
x wins,clay borris
x x x la fura dels baus,àlex ollé
x x x la fura dels baus,carlus padrissa
x y,haro senft
x y z,hans-dieter schwarze
x. years of imagination,morten k. vebjørnsen
x: an omen,yoshiaki kawajiri
x: past is present,pratim d. gupta
x: past is present,nalan kumarasamy
x: planet xxx,david c. lovelace
x: the baby cinema,robert c. banks
x: the man with the x-ray eyes,roger corman
x: the orchestra of disturbia,morten k. vebjørnsen
x: the unknown factor,rod hardy
x:et,curt strömblad
x2: x-men united,doug walker
x2: x-men united,bryan singer
x2: x-men united,christian frates
x2: x-men united pitch meeting,ryan george
x2000,françois ozon
x2000: the collected shorts of francois ozon,françois ozon
x9,mario d'anna
xa,anxo fernández rodríguez
xabungle graffiti,yoshiyuki tomino
xadrez e vodka,jorge marecos duarte
xagu txiki xagu maite,eneko olasagasti
xala,ousmane sembene
xam und der vogel,peter schubert
xanadu,robert greenwald
xanadu,peter graham scott
xanadu,brad jones
xanadu,rose troche
xanadu,lindsay ellis
xanax and a baby duck,jon cryer
xanaxk - x,nick peterson
xander,monroe hayden
xander says goodbye,bob koherr
xandir and tim sitting in a tree...,raymie muzquiz
xantipa and socrates,josef kluge
xaritwmeni taratsa boys no.1,leonardo thimo
xaritwmeni taratsa boys no.2,leonardo thimo
xaritwmeni taratsa boys no.3,leonardo thimo
xaritwmeni taratsa boys no.4,leonardo thimo
xarop i magdalenes,jordi frades
xaveer de zoon van rietje rans gaat trouwen,anton peters
xavemeplease,wesley taylor
xaver,werner possardt
xaver bekommt ein wenig schmeichelhaftes angebot,carsten meyer-grohbrügge
xaver erpresst martin,carsten meyer-grohbrügge
xaver nimmt abschied,alexander wiedl
xaver schummelt,carsten meyer-grohbrügge
xaver spielt falsch,bernhard helfrich
xavers freundin zenzi,michaela zschiechow
xavi comienza a sentir amor por marisol,héctor bonilla
xavier,manuel mozos
xavier becerra art,abraham alfonso brown
xavier cugat,herbert hirschman
xavier cugat,franklin heller
xavier cugat and his orchestra,will cowan
xavier malisse,rob stone
xavier schoppel,jimmy star
xaviera hollander the happy hooker: portrait of a sexual revolutionary,robert dunlap
xazonrezgi,zulfikar musakov
xbox,michael blieden
xbox girls strike back,josh ruben
xbox one date night,nick snow
xbox scorpio the last console ever,antoine m. dillard
xbox vs ps4,adam hall
xbox: xbox one invitation,bryan buckley
xc cross country,kristian widmer
xcalibur the lords of sex,pierre woodman
xcalibur: the lords of sex 2,pierre woodman
xcalibur: the lords of sex 3,pierre woodman
xchange,allan moyle
xcom enemy unknown,joe vargas
xcu: extreme close up,sean s. cunningham
xcuse me,n. chandra
xe ijzerbedevaart kaaskerke,clemens de landtsheer
xelerate,bill duke
xena,jan matejovský
xenesis,maximilian winnberg
xenia na gostovanju,filip robar dorin
xenia of st. petersburg,katariina lillqvist
xenia: confessions of a hauler,iben haahr andersen
xenias anziehungskraft,steffen nowak
xenias spielchen,carsten meyer-grohbrügge
xenobites,michael fredianelli
xenoblade chronicles,tetsuya takahashi
xenoblade chronicles 2,tetsuya takahashi
xenoblade chronicles 3d,tetsuya takahashi
xenodoheio o paradeisos,kostas kazakos
xenogears,tetsuya takahashi
xenogenesis,james cameron
xenon,isaac viana tapias
xenophilia,zbigniew bzymek
xenophobia,thomas j. churchill
xenophobia,joe castro
xenophobia,steven j. escobar
xenophon and penelope,yannis dimolitsas
xenos,mahdi fleifel
xenos anamesa mas,manousos manousakis
xenosaga episode 1: der wille zur macht,tetsuya takahashi
xenosaga episode i: der wille zur macht,tetsuya takahashi
xenosphere,michael schachtner
xente con sorte,chema fernández
xeque-mate,manuel amaro da costa
xeque-mate,pedro martins
xeque-mate.,gustavo rosa de moura
xeque mate,silvio guindane
xerex,mel chionglo
xerox-uv,till kleinert
xev and leia double blowjob,xev bellringer
xev and leia fuck a fan,xev bellringer
xev bellringer is your captive,xev bellringer
xev bellringer is yours,xev bellringer
xev lives for cock,xev bellringer
xhale,steven worsley
xhale,jordan wood
xhorhas,matthew mercer
xhu,aaron sanchez rubio
xi,juan josé campanella
xi,kees van iersel
xi avant,kenji kamiyama
xi bo li ya feng yun,shûsuke kaneko
xi chun tu,feng yueh
xi cong tian shang lai,tian-lin wang
xi feng de gu xiang,chin-liang hsu
xi film project: a polytope for iannis xenakis,stephan talneau
xi gong tai bei gao xiong,fu-ti lin
xi he,wei zhang
xi kongres skj,svetolik mitic
xi lin men,ching doe
xi ling men,feng yueh
xi lu xiang,fung fung
xi premios goya,pilar miró
xi shi,sun-fung lee
xi shi zhong zhong,yue-ting wang
xi taihou yu zhen fei,wen yi
xi wang jia yuan,mengfan he
xi wang zai ren jian: shang,da ying
xi wang zai ren jian: xia,da ying
xi xi wat jij niet ziet,peter gorissen
xi xiang feng,wancang bu
xi xiang ji,hou yao
xi xiang ji,minwei li
xi xiang ji,feng yueh
xi xiao nu ma,kang cheng
xi xue shen bian,fung wong
xi yang shan wai shan,chin-liang hsu
xi yang tang,wang bing
xi ying chun,yunwei ying
xi you ji lian hua dong,pingqian li
xi you ji nu er guo,pingqian li
xi.,stefan schwartz
xia liu she hui,pao-shu kao
xia ri chu lian,liuzhao wang
xia ri de mei gui,chen lo
xia ri jia qi mei gui hua,dao yang
xia shi zhui ming ke,tseng-chai chang
xia si gui,feng-pan yao
xiadao qinghua,fung fung
xian dai fu qi,shilin zhu
xian dai qing nian,weibang ma-xu
xian dai yi nu xing,pingqian li
xian du tong tian he,jie yang
xian guo ti tou,fung chu
xian he shen zhen,kangshi mo
xian he shen zhen xin zhuan shang ji,kangshi mo
xian hua can lei,kim chun
xian luo zhong,zhigang feng
xian mu dan,guang bai
xian mu dan,chen lo
xian qi,tien-yung hsu
xian shen,tso nam lee
xian sheng tai tai xia nu,shan-hsi ting
xiang cheng xiong ying,tit lee
xiang cheng yan shi,wui ng
xiang dao mei ren yu,ying li
xiang dou bu yong xiang,adam tsuei
xiang fei,shilin zhu
xiang fei: ao kong shen ying,chin ao-hsin
xiang gang qi an 5: jian mo,chih-hung kuei
xiang gang qi an 5: jian mo,tun-fei mou
xiang gang shi de tou qing,chi lu
xiang gang wu zhan xia,sun-fung lee
xiang ji er,yin wang
xiang mu you xiang hua,shan-hsi ting
xiang ni xiang dao kuai feng le,adam tsuei
xiang pen pen xiao jie,bong luk
xiang shou gu du,da ying
xiang si he pan,kim chun
xiang si hu pan,yuen chor
xiang si tian ru mi,bong luk
xiang xi gan shi ji,tian-lin wang
xiang xi jian huo you hun,joseph kuo
xiang xia bi ye sheng,yao-chi chen
xiang xiang pen xiao jie,pingqian li
xiangang xiao jiao fu,see-yuen ng
xiangxialao youbu,runje shaw
xiangxialao youbu disanji,runje shaw
xiangxialao youbu xuji,runje shaw
xiangxialaotan qinjia,run run shaw
xiao bai cai,wen yi
xiao cui,hsiang-hsiung liao
xiao dao,kea tso
xiao dao,zero chou
xiao du long,feng yueh
xiao er hei jie hun,xuewei gan
xiao fan zhuo,da ying
xiao fang zi,feng yueh
xiao feng can yue,ching doe
xiao feng xian xu ji,tian-lin wang
xiao feng xian xu ji,wen yi
xiao fu geng,pengnian ren
xiao fu qi,yin wang
xiao fu ren,feng yueh
xiao fu ren,wui ng
xiao gan luo bai xiang,fung fung
xiao gan luo bai xiang da jie ju,fung fung
xiao guang dong,xiaodan tang
xiao he shang zhuo yao,chia-chun wu
xiao hu xian,frankie chan
xiao hua,zheng zhang
xiao jiao qi mou sheng ji,shujun shi
xiao jie de zhang fu,kangshi mo
xiao jie xia sheng shi nai,wui ng
xiao jie xia sheng shi nai,ying cheung
xiao ju,zero chou
xiao kang,tsai ming-liang
xiao kang zhi jia,yuen chor
xiao lao hu,feng yueh
xiao lin: part 1,zero chou
xiao lin: part 2,zero chou
xiao lou chun xiao,feng yueh
xiao lun,zero chou
xiao mei,maren hwang
xiao mei,joseph kuo
xiao mei xiao zi niu zai ku,yang-ming tsai
xiao mi qu shi,wui ng
xiao mian xia,chiang nan
xiao mingxing zhuan,kim chun
xiao nai nai zhi mi,shilin zhu
xiao niao yi ren,tian-lin wang
xiao niu da dao wo,yang-ming tsai
xiao nu de yuan wang,fu-ti lin
xiao nu zhu zhu,wan chan
xiao qi ji,kenneth bi
xiao qing,zero chou
xiao qing ren,ching doe
xiao qing ren yu dai tao fan,ying chang
xiao ren wu chu tou ji,chia li
xiao sa zou yi hui: shang ji,da ying
xiao sa zou yi hui: xia ji,da ying
xiao sheng lei ying,chun yen
xiao sheng xian chou,eric tsang
xiao sheng xian chou,wu ma
xiao tang,zero chou
xiao tou dou da zei,chi lo
xiao wei,chien-hsin wu
xiao wu niang,yang'an yuan
xiao wu shi,tit lee
xiao wu yi da po tong wang zhen,chi lo
xiao xiang ye yu xi shi,wancang bu
xiao xiao xi jie miao miao miao,shan-hsi ting
xiao ying xiong da nao tang ren jie,wei lo
xiao ying xiong liu jin,bugao cheng
xiao yu si si,yang-ming tsai
xiao yuan jia,fung fung
xiao yuan qing chun le,ching-chieh lin
xiao yue liang,shilin zhu
xiao yun que,chun hsieh
xiao zhen tan,wancang bu
xiao zhuang yuan,fung fung
xiao zi xian sun ci hou zhe,peisi chen
xiaocun wu gushi,xiangyuan yu
xiaohunliu,tit lee
xiaoshan going home,jia zhang-ke
xiaozi luan jingtang,hou yao
xica,carlos diegues
xie dou chuan,bong luk
xie hen jing,ching doe
xie pi ai cha ren,chun-ku lu
xie qian,wan laiming
xie ran gu cheng,pengnian ren
xie zheng,chih-hung kuei
xie zi,kwok-lap li
xiguan si meiren,xiaodan tang
xihu nu,man-ching kwan
xii,juan josé campanella
xii evropski sampionat u kosarci,miodrag paskuci
xii juegos centroamericanos y del caribe,eduardo palmer
xii premios goya,isabel coixet
xii844,diego bonuccelli
xiii,juan josé campanella
xiii baran,zofia oraczewska
xiii premios goya,rosa maria sardà
xiii.,alik sakharov
xile,miquel calçada
xilitla,rafa devillamagallón
xime,sana na n'hada
ximei,gaylen ross
ximei,andy cohen
ximena besa a richard en el taller,herval rossano abreu
ximena decide cederle a max su parte del taller,herval rossano abreu
ximena le ofrece dinero a karla para que deje a borja,herval rossano abreu
ximena se entera de que max quiere quitarle el taller,herval rossano abreu
ximena va a la casa de karla para aclarar algunas cosas,herval rossano abreu
xin a li ba ba,chun-liang chen
xin a li ba ba,yang-ming tsai
xin bing,da ying
xin cha hua,pingqian li
xin cha hua nu,feng yueh
xin chen san wu niang,li kao
xin de yi ye,da ying
xin er lu ying xiong zhuan,dongshan shi
xin er lu ying xiong zhuan,ban lü
xin gu sao jie,kim chun
xin gua,shilin zhu
xin gua,jingbo chen
xin hong lou meng,han chin
xin hong lou meng,feng yueh
xin hu bu gui,wui ng
xin hun da xue an,yin wang
xin hun di yi ye,shilin zhu
xin hun fu qi,kim chun
xin hun ji,wui ng
xin lian,chi yin
xin roushan cang da ji,fung fung
xin shaengming xian,man-ching kwan
xin shang ren,hsin-yen chang
xin tang bohu dian qiuxiang,wui ng
xin ti xiao yin yuan,chun hsieh
xin ti xiao yin yuan,chen lo
xin ti xiao yin yuan,meng-hua ho
xin ti xiao yin yuan,yuen chor
xin ti xiao yin yuan,ching doe
xin tianmen dajie,fan popo
xin wen ren wu,pingqian li
xin xi xiang ji,kuang-chi tu
xin xi you ji di san ji,bugao cheng
xin xin xiang yin,wen yi
xin yu guang qu,weibang ma-xu
xin zhong de ming xing,da ying
xina i,miquel calçada
xina ii,miquel calçada
xinca,ian gilmour
xinetes na tormenta,ricardo llovo
xing dao fang zong,rolf bayer
xing hua xi zhi lian,yin wang
xing mu shuang xing xiang gang tao jin ji,chung sun
xing qi tian,mustafa ozgun
xing qi tian bu fang jia,huang tang
xing yi quan: techniques and applications,jon truei
xing yue zheng hui,chun hsieh
xing zai shui shang,tsai ming-liang
xing zuo qi qu lu,wui ng
xingdao hongchuan,wen-chung ku
xingo,colin heck
xingu,cao hamburger
xinjiang kid in guangzhou,jin wang
xiong di xing ye lai xiang,bugao cheng
xiong shou,pingqian li
xiong xin bao dan,feng-pan yao
xiong xin tai zi,fung wong
xipre,miquel calçada
xirinacs al palau,joel joan
xishi,kim chun
xishuai huangdi,fong pau
xiu xiu: the sent-down girl,joan chen
xiv premios anuales iris de la academia de tv,valentín carrera
xiv premios goya,rosa vergés
xiv.,michael nankin
xivth olympiad: the glory of sport,castleton knight
xix premios goya,juan luis iborra
xix premios max,fernando bernués
xix winter olympics opening ceremony,kenny ortega
xix.,alik sakharov
xixa pangma. cota 7.700 metres,jordi pons
xixiang ji,shichuan zhang
xko 20,john johns
xl commercial 2016: dance war,emmanuel itier
xl commercial 2016: ice,emmanuel itier
xl files,marty stevens
xl love,jana poctová
xl: extra large - antara aku kau dan mak erot,monty tiwa
xl5 - tosi iso vitonen,heli nevakare
xliv,helmut zenker
xmas creep tales,dean sills
xmas creep tales,john h. shelton
xmas cuts,petr zacharias
xmas decorations fail,allisyn snyder
xmas giving,dave hoey
xmas greeting film,w. harold speer
xmas marks the spot,richard raynis
xmas night - boxing day 1939,rod hardy
xmas party,liddy oldroyd
xmas show,mike mansfield
xmas special (standalone),andrew dymond
xmas story,nakshatra bagwe
xmas story,bret haaland
xmas story,rich moore
xmas tilt,tom cottey
xo tour llif3,irv gotti
xo tour llif3 - lil uzi vert,daren jackson
xoanon,dore o.
xochimilco,eduardo maldonaldo
xochimilco,arcady boytler
xochimilco,pola weiss
xochimilco historia de un paisaje,guita schyfter
xochimilco la lucha por la supervivencia,julio pliego
xochityl jauregui,shari rigby
xogadores,álex sampayo
xogando con lume,chema gagino
xogo de nenos,pachi baranda
xogos de mans,emilio mcgregor
xol: journey to south africa,martin l. davis jr.
xonor,paulo abreu
xoom,joe pastore
xoxo,clement virgo
xoxo,gabriel fowler
xoxo joanna angel,james deen
xoxoak beleari ipurbeltz...,ozkar galán
xoxontla,alberto mariscal
xperi-mental,donna marie
xperiment,dietrich mangold
xploitation,james kenelm clarke
xploring xtro,jake west
xpress yourself,gerren keith
xpz-bibliotek,eric m. nilsson
xq super school live,hamish hamilton
xr-2 longku,ryôsuke takahashi
xristos anesth,giannis bezos
xristougenna stin kolasi,nikos zapatinas
xs and os,martin gero
xs: la peor talla,jorge lópez sotomayor
xscape,aaron michael lacey
xstv america,adam christian clark
xtabai,adrian shergold
xtacy,thomas degrezia
xtasy: the real story - part 1,michael klaumann
xtasy: the real story - part 2,michael klaumann
xtra credit,martin jay weiss
xtracted,jim hanks
xtracurricular,tim t. cunningham
xtreme janine,paul thomas
xtreme players,emilio ferrari
xtreme rubber girls,skye blue
xtreme sleepover,anthony padilla
xtreme sleepover,ian hecox
xtreme warriors,phillip ko
xtreme xmas,savage steve holland
xtreme: sports to die for,rob epstein
xtrems,abel folk
xtrems,joan riedweg
xtrmntr,andrew peter milner
xtro,fidel lorite
xtro,harry bromley davenport
xtro,brad jones
xtro 3: watch the skies,harry bromley davenport
xtro ii: the second encounter,harry bromley davenport
xu gu du chun meng,wancang bu
xu niuwenchai,chung-ho hung
xu qiuying case,yanfu yu
xuan ji,feng-pan yao
xuan zang,jianqi huo
xue bao,lung chien
xue di qing chou,pingqian li
xue fu xin chao,wui ng
xue hai zheng xiong,wui ng
xue hua pian pian,chia-chang liu
xue jian jialaman,suqi jin
xue jian jin sha wan,tian-lin wang
xue lei huang hua,bugao cheng
xue lei huang hua,zhengqiu zheng
xue li hong,han hsiang li
xue lu xue lu,fu-ti lin
xue niang,feng-pan yao
xue ran du juan hong,sun-fung lee
xue ran hai tang hong,feng yueh
xue ran hong chen,chi-lien yu
xue ran xiang si gu,yuen chor
xue ran xiang si gu,kim chun
xue rengui yu liu yingchun,cilong wang
xue sa hong mei gui,tian-lin wang
xue sa qing hua,wen yi
xue sheng wang zi,kangshi mo
xue sheng zhi ai,ching-chieh lin
xue shou tao,kangshi mo
xue wu jing hun,tit lee
xue xi ai he qiao,sau-kei lee
xue yan niang,shilin zhu
xue ye hua,feng-pan yao
xue ying han mei,wui ng
xue zhai xue zhai,wui ng
xue zhan da er dan,pei-cheng chang
xue zhi ren,tit lee
xue zhong lian,yi zhi ren
xue zhong lian,dao yang
xue zhong lian,yi-min wen
xue zi di yi hao,wui ng
xuegong chunse,yau-yu sek
xuehua shenjian shang ji,lipin chen
xueiv,patrick brunie
xuejian baoshan cheng,huimin situ
xuerou changcheng,hou yao
xuese qingchen,shaohong li
xueshu,pengnian ren
xun meng ji,huang tang
xunan - mutter der lakandonen,peter von gunten
xuoi nguoc duong tran,linh nga
xustiza pola man,emilio mcgregor
xuxa 20 anos,jorge fernando
xuxa and the elves,paulo sérgio de almeida
xuxa and the elves 2,paulo sérgio de almeida
xuxa em sonho de menina,rudi lagemann
xuxa in abracadabra,moacyr góes
xuxa in crystal moon,tizuka yamasaki
xuxa popstar,tizuka yamasaki
xuxa popstar,paulo sérgio de almeida
xuxa requebra,tizuka yamasaki
xuxeta,zaga martelletto
xv premios goya,juan luis iborra
xv premios goya,yolanda garcía serrano
xv.,alik sakharov
xve ijzerbedevaart (hulde l. de boninghe en fr. van der linden),clemens de landtsheer
xvi premios goya,rosa maria sardà
xvi.,steve boyum
xvie ijzerbedevaart (hulde aan het driemanschap van de ijzer),clemens de landtsheer
xvii premios goya,andrés lima
xvii.,lukas ettlin
xviie ijzerbedevaart (hulde aan de heldenhuldezerkjes),clemens de landtsheer
xviii premios goya,juan luis iborra
xviii.,steve boyum
xvizion 1,miles long
xwf,brian zane
xx,st. vincent
xx,karyn kusama
xx,alex beltman
xx,cristián jiménez
xx-xx-xx-gewobenes papier,michel klöfkorn
xx premios goya,fernando méndez-leite
xx ray,aziz m. osman
xx ray ii,aziz m. osman
xx small,panos kokkinopoulos
xx to xy: fighting to be jake,emily atef
xx.,lukas ettlin
xx: beautiful beast,toshiharu ikeda
xx: beautiful hunter,masaru konuma
xx: beautiful prey,toshiharu ikeda
xxi life,nikita belomestnykh
xxi premios anuales de la academia,josé corbacho
xxi.,stefan schwartz
xxii olympia 1980 - moscow,yuriy ozerov
xxii premios anuales de la academia,josé corbacho
xxii.,steve boyum
xxiii boss,philip marlatt
xxiii.,alik sakharov
xxiv - 0024,helmut zenker
xxiv premios anuales de la academia,patricia ferreira
xxiv premios anuales de la academia,andreu buenafuente
xxiv.,lukas ettlin
xxix.,lukas ettlin
xxkisskissxx,marcello daciano
xxl,ariel zeitoun
xxl,lucie gukkertová
xxl,jean-noel rene clair
xxvi.,stefan schwartz
xxvii.,steve boyum
xxviii.,alik sakharov
xxx,mathew buck
xxx,marie lanna
xxx,rob cohen
xxx,joão alves
xxx 2: state of the union,mike jeavons
xxx 4,d.j. caruso
xxx avengers,jonathan morgan
xxx box,evan seinfeld
xxx channel,fred j. lincoln
xxx factor,jonathan morgan
xxx fucktory,rocco siffredi
xxx fucktory: the auditions,rocco siffredi
xxx homemovies,viv thomas
xxx lesbian 2,terry stephens
xxx live,dimitris andjus
xxx medico,basil wrangell
xxx pinups,otto bauer
xxx platinum blondes,jewel de'nyle
xxx platinum blondes 2,jewel de'nyle
xxx platinum blondes 3,jewel de'nyle
xxx rays,max cortés
xxx road trip 1,vince vouyer
xxx road trip 2,vince vouyer
xxx road trip 3,brandon iron
xxx road trip 4,vince vouyer
xxx shades 2,andy stone
xxx training,stoney curtis
xxx training,jonathan morgan
xxx trek: the final orgasm,marc cushman
xxx volta a portugal em bicicleta,manuel guimarães
xxx.,alik sakharov
xxx: kiss kiss kiss,hitoshi yazaki
xxx: return of the banana man,lukas disparrow
xxx: return of xander cage,d.j. caruso
xxx: return of xander cage,mathew buck
xxx: state of the union,lee tamahori
xxxholic: chapter 14,lewis lovhaug
xxxi.,roel reiné
xxxiii.,alik sakharov
xxxiv.,steve boyum
xxxl,jonathan van tulleken
xxxmas eve with mommy,xev bellringer
xxxpress yourself,matthew byori mann
xxxtortion,frank thring
xxxv aniversario imss,alfredo gurrola
xxxv.,lukas ettlin
xxxvii.,steve boyum
xxxx or asa,mikk rand
xxxxxxxxxxxx,miroslav lekic
xxy,lucía puenzo
xy,mathieu kassovitz
xy,rob bowman
xy chromosome project,mark street
xy chromosome project,lynne sachs
xylol,ronnie commissaris
xypna koroido...,errikos thalassinos
xyteysi texniki,vassilis mazomenos
xyz,john b. root
xyz,philippe lifchitz
xyz - ein spiel zu dreien,robert trösch
xyz no machi,toshiki hirano
xzibit: restless xposed,gregory dark
xzibit: restless xposed,michael lucero
y,gina wenzel
y a des jours,marie-céline ollier
y a du coeur au programme,michel moreau
y ahora una de ladrones,eduardo garcía maroto
y comieron perdices,antonio mercero
y decirte alguna estupidez por ejemplo te quiero,antonio del real
y dime tonta,alfonso arandia
y dios quiso,flavio florencio
y el abogado es,gastón tuset
y el cine marcha. una historia del cine al servicio de los derechos humanos,manuel huerga
y el cuerpo sigue aguantando,león klimovsky
y el viento se interpuso,silvana lopa
y ellas... quieren que las quiera,nicolás del boca
y eso no es lo peor,jesús del cerro
y ja mirri,pia andell
y la vida sigue...,sebastián junyent
y la vida sigue...,manuel gómez pereira
y los ganadores son,álvaro curiel
y los ganadores son,gustavo loza
y mapiwr,endaf emlyn
y me,rachel talalay
y me gasto la vida,jorge luis sánchez
y no se casaron y no tuvieron hijos y no fueron felices,jonny semeco
y not,michael trim
y pensar que podemos,sergio garcia
y por eso estoy soltero...,german garmendia
y se hizo justicia 2,alejandro todd
y se hizo la luz,jorge ortiz de pinedo
y si ella volviera,vicente oroná
y si lupita se fuera con otro,vicente escrivá
y si te vi no me acuerdo,miguel barreda-delgado
y story,lee jang-ho
y syrcas,kevin allen
y todo por un osito,gustavo cova
y todo va bien,guillermo zapata
y tu junior tambien,albert calleros
y tu junior tambien,anthony lioi
y tu nana tambien,don early
y uno y dos,josetxo san mateo
y viceversa,miguel alcantud
y vino el remolino (1910-1914),manuel gonzalez casanova
y viviremos felices,ignacio ortiz
y volver volver...,jacobo martos
y yo que la quiero tanto,juan pablo villaseñor
y..o..r..d..,leon benson
y.m.c.a. on wheels,jay lewis
y.m.i.,marek probosz
y.m.i. yeh mera india,n. chandra
y.m.i.a.n,thomas greenhaf
y.m.i.d.,ronin lee
y: the last man,ryan o'leary
y: the last man rising,christian cardona
y2dick,terry hughes
y2k,dick lowry
y2k,stan lathan
y2k,bob hathcock
y2k,seth kearsley
y2k millennium mania,aaron matthew kaiser
y2o,dominique t. skoltz
ya - aktrisa,viktor sokolov
ya - imperator,svetlana druzhinina
ya - russkiy soldat,andrey malyukov
ya - vozhatyy forposta,gennadi poloka
ya azizi kullena lusoos,ahmed yehia
ya bolshe ne budu,evgeniy sherstobitov
ya bon les blancs,marco ferreri
ya budu zhdat...,viktor zhivolub
ya chupo faros,aarón i. campos
ya cortale,manolo garcía
ya devlet basa ya kuzgun lese,çagatay tosun
ya donia ya gharami,magdi ahmed ali
ya ego nevesta,naum trakhtenberg
ya es navidad,ángel martín
ya es tarde,álvaro curiel
ya ey nravlyus,anvar turaev
ya frantsisk skorina...,boris stepanov
ya gotov prinyat vyzov,valeriu gagiu
ya gotta believe,ron masak
ya gotta have heart,peter baldwin
ya idu iskat,michislav yuzovsky
ya idu iskat,vasiliy chiginskiy
ya idu k tebe,anna melikyan
ya khochu pet,valeriu jereghi
ya khochu tufli,anna simakova
ya koo,franco rubartelli
ya kukla,yuriy kara
ya kukla - review,evgeniy bazhenov
ya la hicimos,rafael montero
ya lyublyu,leonid lukov
ya lyublyu,aleksandr chernykh
ya me gusta la escuela,césar costa
ya mhallabiyyah ya,sherif arafa
ya nabil,mohamed zran
ya nauchu vas mechtat...,yuri shvyryov
ya nauchu vas mechtat...,grigoriy chukhray
ya ne vernus,ilmar raag
ya ni pedro pablo,jorge michel grau
ya no es antes,lester hamlet
ya no los hacen como antes,juan fernando pérez gavilán
ya no me busques,benjamín cann
ya no me sirves pepe,salvador garcini
ya no quiero disneylandia,alfonso pineda ulloa
ya no se sabe,alberto cortés
ya no temas,víctor mallarino
ya no tiene escapatoria,benjamín cann
ya nos saquearon (1980-1984),fernando de fuentes hijo
ya obeshchala ya uydu...,valeri akhadov
ya obyavlyayu vam voynu,yaropolk lapshin
ya pervyy tebya uvidel,valeri bychenkov
ya pokazhu tebe moskvu,aleksandr kott
ya que tu no estas,javier beltran
ya rayah,claudio pazienza
ya rodom iz detstva,viktor turov
ya sang,marian deaconu
ya sdelal vsyo chto mog,dmitri salynsky
ya sen,özgür sevimli
ya sen,sinan ozturk
ya sharr mout,sabine gisiger
ya shivu v bolshom dome na kholme,amy sherman-palladino
ya sluzhil v okhrane stalina ili opyt dokumentalnoy mifologii,semyon aranovich
ya sluzhu na granitse,naum birman
ya soldat mama,manos zacharias
ya somos abuelos,mariano ozores
ya somos hombres,gilberto gazcón
ya sonra,özcan deniz
ya sukhano ya,rajdutt
ya sundadir ya bunda,çetin inanç
ya svoboden ya nichey,valeriy pendrakovskiy
ya syn trudovogo naroda,vladimir strelkov
ya tebya ne lyublyu,pavel kostomarov
ya tebya ne lyublyu,aleksandr rastorguev
ya tebya nenavizhu,sergei bodrov
ya tebya nikogda ne zabudu,pavel kadochnikov
ya tebya obozhayu...,hussein erkenov
ya tebya znayu,andrei korshunov
ya tenemos churri para el neng,andreu buenafuente
ya tenemos coche,julio salvador
ya tiene comisario el pueblo,enrique carreras
ya tiene comisario el pueblo,eduardo morera
ya tiene comisario el pueblo,claudio martínez payva
ya tyan-shan,irina poplavskaya
ya u kno,akil williams
ya umeyu vyazat,sergey ivanov
ya v polnom poryadke,nikolay dostal
ya vam bolshe ne veryu,ivan shchyogolev
ya vam bolshe ne veryu,marina sakharova
ya vam pishu...,mikhail izrailev
ya vas dozhdus,yakov segel
ya vas lyubil...,ilya frez
ya veremos,pitipol ybarra
ya viene el cortejo...,carlos arévalo
ya viene santa claus,josepmaria anglès
ya vienen los reyes,iñaki mercero
ya vstretil devushku,rafail perelshteyn
ya ya ya sa sa sa,ümit efekan
ya yu xia yang,yuen chor
ya za tebya otvechayu,boris yashin
ya zabudu etot den,alina rudnitskaya
ya zhen,zero chou
ya: granitsa,ravshan turabekov
ya: vash rodstvennik,sharip beisembayev
yaaba,idrissa ouedraogo
yaadein,narugopal mandal
yaadein...,subhash ghai
yaadgaar,dasari narayana rao
yaadon ki baraat,nag ashwin
yaadon ki zanjeer,shibu mitra
yaan,ravi k. chandran
yaar anmulle,anurag singh
yaar des punjab de,iqbal kashmiri
yaar di kamli,nitish chandra
yaar gaddar,umesh mehra
yaar ivargal,balaji sakthivel
yaar mera,atma ram
yaar vs pyaar,ashish chanchlani
yaara,tigmanshu dhulia
yaaradi nee mohini,mithran jawahar
yaarana,rakesh kumar
yaari jatt di,veerendra
yaari zindabad,joginder shelly
yaariyan,divya khossla
yaarp: experiment 613,mike girard
yaarron ka yaar,a. bhimsingh
yaathra,balu mahendra
yabalkata,stoian doukov
yabalkata,todor dinov
yaban,nihat durak
yaban,osman f. seden
yaban ali,bilge olgaç
yabanci,filiz alpgezmen
yabanci,yücel uçanoglu
yabanci,yavuz figenli
yabanci,osman f. seden
yabanci,yavuz yalinkiliç
yabanci kiz,mehmet muhtar
yabanci olduk simdi,ülkü erakalin
yabanjin no youni,tôru kawashima
yabloki sorok pervogo goda,ravil batyrov
yabloko luny,aleksey turovich
yabloko na ladoni,nikolai rasheyev
yabloko razdora,sergey repetsky
yabloko razdora,valentin pluchek
yabloko razdora,yuriy popovich
yabloko razdora,ekaterina stashevskaya-naroditskaya
yabo degozatta,tomomi mochizuki
yabu no naka,hisayasu satô
yabu o tsutsuite hebi o dasu,akiyuki shinbô
yabunirami nippon,hideo suzuki
yaburareta taibu todoke,fumio kurokawa
yaburareta taiki meirei,takeyuki kanda
yabure kabure,koreyoshi kurahara
yabure kabure no ragu,yoshiyuki tomino
yabure shamisen,gengo ôbora
yacht challenge,michael mcquarn
yacht club,roger kay
yacht club,jacob rosen
yacht on the high sea,ted post
yacht orgy,josé bénazéraf
yacht rock,neil garguilo
yacht rock,justin coloma
yacht rocky,dominic bianchi
yacht rocky,james purdum
yacht: utopia,rene daalder
yachting,george albert smith
yachts and hearts or the opium smugglers,charles byers coates
yachtsaison,oren schmuckler
yacout,willy rozier
yacuna amor a la vida,eustaquio del rio
yacuna love to life,eustaquio del rio
yad,evgeniy ivanov-barkov
yad hanna: the collective man,gergely lászló
yaddda yadda yada... stochastically self-similar replication,kimberly laux
yaddie and dah,arlene hazzan green
yadhtrib,r.j. weyant
yadokarin,tsutomu shibayama
yadovitye tsvety,pavel malkov
yae no shiokaze,eizô tanaka
yaeko no hamingu,kiyoshi sasabe
yael,nj silva
yael hides rex in his house away from his family,cathy garcia-sampana
yael is filled with happiness when he saw jerry again,cathy garcia-sampana
yag yagmur,sahin gök
yaga,chris bucher
yagai play: nozoki no nureba,tetsuya takehora
yagam,santosh sivan
yagami yasuko onanii,mamoru watanabe
yagarena,yûji moriyama
yagate aozora,motoyoshi oda
yagi no akachan,isao takahata
yagi no bouken,ryûgo nakamura
yagis beklenmiyor,yalçin yelence
yagmalama,yalçin yelence
yagmur,orhan elmas
yagmur altinda,yalçin yelence
yagmur altindaki kedi,yücel uçanoglu
yagmur basladi,eser zorlu
yagmur damlalari,oksal pekmezoglu
yagmurdan sonra,görkem turgut
yagmurlarda yikansam,gülten taranç
yagodka lyubvi,aleksandr dovzhenko
yagua,pál fejös
yaguar,sebastián alarcón
yagunthaya,lester james peries
yagura daiko,eisuke takizawa
yagura daiko,masahiro makino
yagyu bugeicho: jubei ansatsu-ken,junji kurata
yagyu chronicles 7: the cloud of disorder,kôkichi uchide
yahaira: mis vacaciones,emilio ramon vidal
yahalom yahalom,uri barbash
yahaluwo,sumitra peries
yahaya,peter stierlin
yahoo,david lowell rich
yahoo for school,greg robbins
yahoo millionaire,lancelot oduwa imasuen
yahoo millionaire 2,lancelot oduwa imasuen
yahoo sports matt perrault,david kano
yahrzeit,norberto barba
yahsi bati - the ottoman cowboys,ömer faruk sorak
yahudi,bimal roy
yahudi ki beti,nanubhai vakil
yahudi ki ladki,s.d. narang
yahudi ki ladki,premankur attorthy
yahulu yeheli,sumitra peries
yahya peygamber,hüseyin peyda
yai nee romba azhaga irukey,vasanth
yaiba no morosa,yoshiyuki tomino
yair from the past,oded ruskin
yaiza del mar soraya angels alys emy jorge y terry,terry kemaco
yaiza del mar soraya angels alys y emy,terry kemaco
yaji-kita jigoku gokuraku,noburô ôfuji
yaji and kita: the battle of toba fushimi,tomiyasu ikeda
yaji and kita: the midnight pilgrims,kankurô kudô
yaji to kitahachi: daiippen,shôzô makino
yaji to kitahachi: dainihen,shôzô makino
yajikita,jirô yoshino
yajirobee,yukio fukamachi
yajiuma antena,tsutomu shibayama
yaju-deka,eiichi kudô
yaju: zenpen,takuji furumi
yak-a-hula-hick-a-doola,dave fleischer
yak bir sigara,agah hün
yak koval shchastia shukav,radomir vasilevsky
yak kozak shchastia shukav,vladimir dakhno
yak posvaryvsa ivan ivanovych z ivanom nykyforovychem,vladimir karasyov
yakalarsam severim,semih evin
yakantalisa,yair lev
yakapin mo akong muli,elwood perez
yakapsule,ricky davao
yakeato ni karate wa unatta,osamu dezaki
yakeen,brij
yakhtsmen,dmitriy brusnikin
yakilacak kadin,osman f. seden
yakilacak kitap,süreyya duru
yakima washington,josh hodgins
yakimochi kenka,hôzô nakajima
yakimono,michael rymer
yakiniku bugyou,justin carmical
yakiniku dragon,wui-sin chong
yakiniku her way,michihito fujii
yakisikli,orhan aksoy
yakko dochu,ryûtarô nakane
yakko niji shoku no sukyatto,yûgo serikawa
yakko no koman,shirô nakagawa
yakko no koman,jirô yoshino
yakko no takohei: otomo wa tsuyoi ne,kenzô masaoka
yakko no takohei: otomo wa tsuyoi ne,noburô ôfuji
yako cazador de malditos,rubén galindo
yakobana ginzasyojo hostess,yasushi koshizaka
yakoo 9 999,christiano dias
yakov protazanov,andrey istratov
yakov sverdlov,sergei yutkevich
yaksha 3d,sridhar ranganath
yaksha gaanam,sheela
yakshagana,adoor gopalakrishnan
yakshi,k.s. sethumadhavan
yakshiyum njanum,vinayan
yakti beni,melih gülgen
yakubyougami,takashi minamoto
yakudatsu mono hanbai ki,tsutomu shibayama
yakumo,daisuke nishio
yakun,andré badalo
yakusoku,jun'ichi satô
yakusoku,hiroaki gôda
yakusoku,kôichi mashimo
yakusoku,takafumi hatano
yakusoku,takao nagaishi
yakusoku,hiroshi saitô
yakusoku,keita amemiya
yakusoku no ashita part 1,masaharu okuwaki
yakusoku no ashita part 2,masaharu okuwaki
yakusoku no gonin,tomomi mochizuki
yakusoku no haresugata,dieter jansen
yakusoku no heya,kôichi mashimo
yakusoku no hi,yasuhiro irie
yakusoku no omosa to yume no karusa,tomomi mochizuki
yakusoku no shima,hidefumi kimura
yakusoku no sugoi basho he,jun'ichi satô
yakusoku ringu,tsutomu shibayama
yakusoku wo mamorenai to dame da. 2 ten,hiroshi negishi
yakusoku: mori no bannin,kinji yoshimoto
yakuwari,umanosuke iida
yakuza,sigi rothemund
yakuza,juan schnitman
yakuza,simone silvestri
yakuza 0,joe vargas
yakuza bangaichi,shôgorô nishimura
yakuza deka: kyofu no doku gasu,ryûichi takamori
yakuza deka: oretachi ni haka wa nai,ryûichi takamori
yakuza g-men: meiji ankokugai,eiichi kudô
yakuza geisha,kyôko ôgimachi
yakuza graveyard,kinji fukasaku
yakuza graveyard,andrew p. kirkham
yakuza gurentai,sadao nakajima
yakuza hijoshi - mushyo kyodai,akinori matsuo
yakuza jingi,takuji furumi
yakuza justice: erotic code of honor,tatsumi kumashiro
yakuza ladies 3,yasuo furuhata
yakuza ladies 6,sadao nakajima
yakuza ladies revisited,sadao nakajima
yakuza ladies revisited 2,kôsaku yamashita
yakuza ladies revisited: love is hell,yasuo furuhata
yakuza ladies: blood ties,ikuo sekimoto
yakuza ladies: decision,sadao nakajima
yakuza ladies: the final battle,kôsaku yamashita
yakuza no sekai,hideto hayafusa
yakuza no uta,toshio masuda
yakuza on foot,jun'ya satô
yakuza sensei,akinori matsuo
yakuza senso: nihon no don,sadao nakajima
yakuza vs mafia,f. paul benz
yakuza zombie,hirohisa sasaki
yakuzamono,reinosuke aku
yala jeevan aise naav,raja nene
yalan,ibrahim tatlises
yalan,cem akyoldas
yalan,ramiz azizbayli
yalan,çetin inanç
yalan yillar,nejat saydam
yalanchi pahlavan,ahmad shamlu
yalanci,mehmet dinler
yalanci damat,bora onur
yalanci yarim,ertem egilmez
yalancinin mumu,semih evin
yalancinin mumu,sirri gültekin
yalda night story,samuel khachikian
yalda: a night for forgivness,massoud bakhshi
yale russian chorus,michael ingrams
yale vs. harvard,robert f. mcgowan
yalgaar,feroz khan
yalgaar 2017,c.s. prakhyat
yali,safa önal
yalis la vergine del roncador,francesco de robertis
yalla yaana,moussa sene absa
yaller,stuart e. mcgowan
yalniz adam,feridun kete
yalniz adam,natuk baytan
yalniz adam,seyfi havaeri
yalniz bir adam,uluç bayraktar
yalniz birakmam,emre kavuk
yalniz birakmam,hasan tolga pulat
yalniz degiliz,yücel uçanoglu
yalniz degilsin,çagri vila lostuvali
yalniz degilsin,hakan arslan
yalniz degilsin,akif özkan
yalniz degilsin,metin günay
yalniz degilsin,ender mihlar
yalniz degilsiniz,mesut uçakan
yalniz efe,zafer par
yalniz efe,semih evin
yalniz kalmak,uluç bayraktar
yalniz kalp,yücel uçanoglu
yalniz sen,baris yös
yalnizlar,yalçin yelence
yalnizlik bir sarkidir,yücel uçanoglu
yalnizlik duygusu,nejat gürsoy
yalnizlik gunleri,yalçin yelence
yalnizlik gunleri,yalçin yelence
yalnizlik korkusu,yavuz figenli
yalnizlik sarkisi,oguz gözen
yalp,philip singh
yalvaris,yilmaz atadeniz
yam daabo,idrissa ouedraogo
yama,svetlana ilyinskaya
yama-neko sakusen,senkichi taniguchi
yama deka: nihon hyaku meisan satsujin jiken,toshiyuki mizutani
yama e kaeru,kiyohiko ushihara
yama katarazu,sugisaku aoyama
yama kururu,kiyohiko ushihara
yama ni atta kujira,gisaburô sugii
yama no akuma,osamu wakayama
yama no anata,aya koretzky
yama no ikka,seika shiba
yama no kanata e,nobutaka nishizawa
yama no kanata ni - dai ichi-bu: ringo no hoo,yasuki chiba
yama no kanata ni - dai ichi-bu: ringo no hoo: dai ni-bu: sakana no seppun,eizô sugawa
yama no kanata ni - dai ni-bu: sakana no seppun,yasuki chiba
yama no kotachi,isao takahata
yama no naka no kao: zenpen,genjirô saegusa
yama no senroban,yasujirô shimazu
yama no shinpi,kajirô yamamoto
yama to kawa no aru machi,seiji maruyama
yama wo mamoru kyodai: zenpen,kyôtarô namiki
yamabiko tomodachi,shigeyasu yamauchi
yamabiko yama,tsutomu shibayama
yamadamura waltz,shûsuke kaneko
yamagola,rama rao tatineni
yamaguchi-gumi san-daime,kôsaku yamashita
yamakagashi,nobuhiro aihara
yamamatsuri bonten-uta,tamizô ishida
yamamoto kansuke,shirô nakagawa
yamamoto kansuke,kunio watanabe
yaman delikanli,yavuz figenli
yaman delikanli,engin temizer
yaman gazeteci,oguz gözen
yaman gazeteci,burhan bolan
yamanaka kouta,tokuji ozawa
yamanaka shikanosuke,shôzô makino
yamanaka tokiwa,sumiko haneda
yamanam,bharat gopy
yamanouchi kazuyoyo no tsuma,shôzô makino
yamanukku yaman,yoganand
yamaotoko no koi,hiroshi shimizu
yamaotoko no uta,mitsuo murayama
yamata,alexander korda
yamaterasu country of vision,kôichi mashimo
yamato,jun'ya satô
yamato (california),daisuke miyazaki
yamato damashii,tadashi oguchi
yamato damashii,hôtei nomura
yamato yo mahoroba nageki no wakasa,shin'ya sadamitsu
yamato zakura,takuji furumi
yamato: the mirror of my eternal memory,mahiro maeda
yamazakura the cherry tree in the hillss,tetsuo shinohara
yamcha the desert bandit,minoru okazaki
yamcha vs. jackie chun,minoru okazaki
yamekraw,murray roth
yami,katsuhito akiyama
yami,minoru inuzuka
yami iro no yume wo mita,mahiro maeda
yami kara no shisha sukurandaa hissatsu,tomoharu katsumata
yami ni hikaru kage,shigeo tanaka
yami ni hikaru me,masahisa sunohara
yami ni mabataku,yasuhiro irie
yami ni mau,toshiki hirano
yami ni mukau futatsu no hikari,akitarô daichi
yami ni sakebu koe,hôzô nakajima
yami ni shiroki kemonotachi no kanshoku,terumi azuma
yami ni ugoku tenmondai,mizuho nishikubo
yami ni ugoku tenmondai,yûji nunokawa
yami ni ugoku tenmondai,mamoru oshii
yami ni ugoku tenmondai,kôichi mashimo
yami ni warau neon kyojin,hideo nishimaki
yami ni warau neon kyojin,fumio kurokawa
yami ni warau neon kyojin,hiroshi sasagawa
yami ni warau neon kyojin,noboru ishiguro
yami ni warau tekkamen,junji kurata
yami no hate kara,takashi nakamura
yami no homon sha - fukamaru nazo,noriyuki abe
yami no kioku,toshiki hirano
yami no michi,henry kotani
yami no mori,shôzô makino
yami no naka no chimimoryo,kô nakahira
yami no naka no hikari,ryôsuke takahashi
yami no naka no kako no yume,yoshiyuki tomino
yami no naka no neko,shin itagaki
yami no robotto hantaa,kazuya konaka
yami no shisha,yasuhiro irie
yami no tobari,christopher sabat
yami no tobari,todd haberkorn
yami no tobira,takuya igarashi
yami no tobira,yasuhiro irie
yami no utage,jun'ichi satô
yami no wataridori,hideto hayafusa
yami of darkness,martin billany
yami to shi no ummei,ichirô itano
yami to shi no ummei,hiroshi negishi
yami wo yobu mono,mitsuru hongô
yami wo yuku,yoshinobu ikeda
yami yami no shimai,nobutaka nishizawa
yami yo ni hibiku akuma no beru,tomoharu katsumata
yamikin gurentai,shinji imaoka
yamikin no teiou gin to kin,shun nakahara
yamikin no teiou gin to kin 2,shun nakahara
yamini,m. krishnan nair
yamirukka bayamen,r.c. sakthi
yamiuchi no yume,yasushi koshizaka
yamla jat,moti b. gidwani
yamla pagla deewana 2,sangeeth sivan
yamn shralh mn hlalh ellah,amer al-hamoud
yampa crossing,joseph lejtes
yamumi yori miru me,akiyuki shinbô
yan birch,jimmy star
yan bo jiang shang,cheng-ying lai
yan chu chu,michel manini
yan chuang,bingjian liu
yan diga - ils traverseront des pays comme des jardins,serge moati
yan er gui,fu-ti lin
yan er zai lin shao,li-li liu
yan etki,can akdag
yan gui lai,weibang ma-xu
yan gui ye ku,feng-pan yao
yan gui yuan,kea tso
yan jun de li cheng,li su
yan ling dao,kuang-chi tu
yan mei er,xiaofeng hu
yan nu,joseph kuo
yan ruisheng,pengnian ren
yan ruisheng,man-ching kwan
yan shi huan hun ji,sun-fung lee
yan shuang fei,shilin zhu
yan wang de xi yan,shan-hsi ting
yan wu xiao hun,sze-luk chow
yan xi jiao,feng yueh
yan xi jiao,chun yen
yan yang tian,chun hsieh
yan yu,pingqian li
yan zhi,jen wan
yan zhi,beihai li
yan zhi hu,kim chun
yan zhi lei,yonggang wu
yan zi dao,feng yueh
yana,saule bliuvaite
yanagase buruusu,shinji murayama
yanapanakuna,santiago álvarez
yanasma,duygu sagiroglu
yancha musume gyojoki,kunio watanabe
yanco,servando gonzález
yancy the yo-yo boy,matthew senreich
yanda kartavya aahe,kedar shinde
yandim,baris yös
yandym,bairam abdullayev
yane-ura no sanpo-sha,akitaka kimata
yane no shita no pari,masayuki kojima
yaneura no sanposha,mitsuhiro mihara
yang,ami priyono
yang-xun the peasant painter,deepa mehta
yang 3 in 2d,mel damski
yang ban xi: the 8 modelworks,yan ting yuen
yang cheng hen shi,dun lo
yang e,wen yi
yang nai wu yu xiao bai cai,han hsiang li
yang yang,cheng yu-chieh
yang yue lou zhuan,tso nam lee
yang zean,namio yuasa
yang zi dang zhi fu mu en,wui ng
yangambi,gérard de boe
yangdon celebrates for the return of princess areeyah,francis xavier pasion
yangin,atif yilmaz
yangin,ahmet can tekin
yangin,orhan elmas
yangin var,yalçin yelence
yangin var: eski istanbul kabadayilari,lütfi ö. akad
yangol smerti,volodymyr tykhyy
yangrilla,mohan dayaram bhavnani
yangsan province,kim ki-young
yangtze damned,michael geoffrey smith
yangzhou: a city of timeless culture,chris d. nebe
yanik efe,semih evin
yanik kalpler,duygu sagiroglu
yanik kaval,ülkü erakalin
yanik kaval,baha gelenbevi
yanik kezban,muharrem gürses
yanik kezban,muharrem gürses
yanilgi,sadullah sentürk
yanilgi,serdar akar
yanilsama,çagri vila lostuvali
yanimda kal,senol sönmez
yanimda kal,sadullah celen
yanimda ol,ender mihlar
yanimda ol,çagri vila lostuvali
yanimdasin,çagatay tosun
yanina zheymo,andrey istratov
yanindara,lluís quílez
yanindayim hep,emre kavuk
yanindayim hep,hasan tolga pulat
yanis,varante soudjian
yanise,milcho
yankale,gil alkabetz
yankee,tinto brass
yankee,keith gordon
yankee-doodle micelli,asaad kelada
yankee boodle dandy,seymour robbie
yankee buccaneer,frederick de cordova
yankee come home,paul bogart
yankee confederate,boris sagal
yankee dollar,william conrad
yankee don,noel m. smith
yankee dood it,friz freleng
yankee doodle,jules bass
yankee doodle,arthur rankin jr.
yankee doodle,ulysses davis
yankee doodle andy,jules white
yankee doodle boy,dave fleischer
yankee doodle bugs,friz freleng
yankee doodle daffy,friz freleng
yankee doodle dandy,michael curtiz
yankee doodle daughters,dave gould
yankee doodle dixie,henry macrae
yankee doodle doctor,lee philips
yankee doodle donkey,izzy sparber
yankee doodle goes to town,jacques tourneur
yankee doodle home,arthur dreifuss
yankee doodle in berlin,f. richard jones
yankee doodle pink,sid marcus
yankee doodle rhapsody,fred waller
yankee doodle swing shift,alex lovy
yankee doodler,arthur hiller
yankee dudler,volker vogeler
yankee fakir,w. lee wilder
yankee hankee,klay hall
yankee madness,charles r. seeling
yankee pasha,joseph pevney
yankee pirate,stuart e. mcgowan
yankee pluck,george archainbaud
yankee sails across europe,george sluizer
yankee speed,robert n. bradbury
yankee spy,sydney pollack
yankee stadium,matthew carr
yankee stadium,denise prichard
yankee stay here,john peyser
yankee tornado,lee sholem
yankee trader,earl bellamy
yankee white,donald p. bellisario
yankees vs. the cubs,john llewellyn moxey
yankesici,naki yurter
yankesici kiz,türker inanoglu
yanks,john schlesinger
yanks ahoy,kurt neumann
yankton,vincent mceveety
yanky clippers,walter lantz
yanky clippers,tom palmer
yanlis anlama,ulas cihan simsek
yanlis numara,zeki alasya
yanlis zaman yolculari,aren perdeci
yann,jean sagols
yanni: a living legacy,matthew levin
yanni: live at el morro,matthew levin
yanni: world without borders,matthew levin
yannick dahan und xavier gens,hasko baumann
yannick noah,andré flédérick
yannick: kerstschmerz,yannick van puymbroeck
yannis moralis painter,stelios charalampopoulos
yannis ritsos,pantelis voulgaris
yanqui go home,david lowell rich
yantarniy,sergey a.
yantarnye krylya,andrey razenkov
yantra,james whitney
yanzhi hun,xiaofeng hu
yanzhi zei,man chan
yao bai de hun yue,po yan
yao chi yuan yang,bugao cheng
yao nu he yueer,kuang-chi tu
yao nu men shi gong,ricky lau
yao of the jungle,claude vermorel
yao tiao shu nu,han hsiang li
yao yuan de ai,liting chen
yaoguang xiaying,xiao-zhong yang
yaotome no uta,eiichi koishi
yaouled,rachid benallal
yaourt bulgare,jean-pierre spiero
yaowen,p.j. ochlan
yappari niku ga suki: 120-l no oppai to shiri ni umoretai,akira takatsuki
yappari sugoi layla-san,jun'ichi satô
yapper: experiment 007,mike girard
yappy endings,jason reilly
yaprak,bariscan asik
yaprak,akif emre senel
yaprak 2,akif emre senel
yaprak sarma,yalçin yelence
yaps and yokels,noel m. smith
yaqui drums,jean yarbrough
yaqui indomable,fernando durán rojas
yar,mert kizilay
yar,khabib faiziyev
yar-e dar,sina ataeian dena
yar paiyan,t.r. raghunath
yar vallavan,b. vittalacharya
yara,ümit utku
yara izi,çagri vila lostuvali
yaraana,david dhawan
yarabbim,temel gürsu
yarali,nazif tunç
yarali can,remzi a. jöntürk
yarali ceylan,o. nuri ergün
yarali kurt,artun yeres
yarali kus,mert baykal
yarali kus,yalçin yelence
yarali kus,mehmet aslan
yarali kus,yagiz alp akaydin
yarasa adam betmen,günay kosova
yaratilan kadin,aram gülyüz
yard,bob sabiston
yard,mirac atabey
yard boyz,paul barresi
yard dud,jaymes camery
yard limit,harold tichenor
yard of the kings,nasrin pakkho
yard party,ian aryeh
yard sale,phill lewis
yard sale,allisyn snyder
yard sale,mike judge
yard sale,anika poitier
yard sale,kelsey grammer
yard sale,gail mancuso
yardbird,greg herman
yardie,idris elba
yardwork in the morning,thomas sanders
yardy,andrey korytko
yari-goro joshidai: nama tsuyo garina chibusa,tetsuya takehora
yari hitosuji nihon bare,nobuo aoyagi
yari no hanzo,jirô yoshino
yari no meijin paashibaru,masayuki akehi
yari yari: black women writers and the future,jayne cortez
yari yol,mehmet ali gündogdu
yarim dusuk,yalçin yelence
yarim kalan mucize,biket ilhan
yarim kalan saadet,türker inanoglu
yarim kalmis hesaplar,dogan ümit karaca
yarim kalmis hesaplar,serdar akar
yarimasu daietto,shûji iuchi
yarimdunya,osman albayrak
yarimshtat,yasar nuriyev
yarin aglayacagim,orhan aksoy
yarin aglayacagim,halit refig
yarin bizimdir,atif yilmaz
yarin biziz,çagan irmak
yarin biziz,evrim yöney
yarin biziz,dogan ümit karaca
yarin cumartesi,bilge olgaç
yarin olmaz simdi,mehmet aslan
yarin yarin,sami güçlü
yarina bosver,baki çallioglu
yarini olmayanlar,kemal kan
yarinige jinsei kemono michi-hen,yusuke narita
yarinko chie,ryûichi hiroki
yarinko chie: ichijiku shinsatsu-dai,ryûichi hiroki
yarinlar bizim,yalçin yelence
yarinlar bizim,safa önal
yarinlar kimin,mehmet aslan
yarinsiz adam,ümit efekan
yaris ati,yalçin yelence
yaritagaru onna yon-nin,minoru inao
yaritai hitozumatachi,sachi hamano
yaritai ol: jun-nama de hageshiku,kazuyoshi sekine
yarmarka,boris galanter
yarn,michael lindsay-hogg
yarns to be spun on the way to the happy home,daniel kremer
yaro ezhuthia kavithai,c.v. sridhar
yaro oraal,v.k. pavithran
yaroslav mudry,grigoriy kokhan
yaroslavna koroleva frantsii,igor maslennikov
yarost,ilian simeonov
yarost,nikolai ilyinsky
yarost titanov. shakhmatniye voiny,danil andreev
yarrahappini,ron way
yarrukkum vetkam illai,cho ramaswamy
yaru no wa yatsura da: zenpen,yoshikata nitta
yaru otoko,daisuke yamanouchi
yaruki no mondai,yasuhiro takemoto
yarukku maappillai yaro,s.p. muthuraman
yas gunu,sibel kocatas
yas i yanina,yuri tsvetkov
yasagure seifuku,kazuyoshi sekine
yasak ask,halit refig
yasak ask,aram gülyüz
yasak ask,nejat gürsoy
yasak ask,ümit efekan
yasak hayatlar,cem sürücü
yasak hayatlar,biray dalkiran
yasak iliski,orhan elmas
yasaklar,zeki alasya
yasaklarini sultani,çagatay tosun
yasam kavgasi,halit refig
yasama hakki,nurettin özel
yasama sebebi,uluç bayraktar
yasamak,nurettin irisen
yasamak bu degil,temel gürsu
yasamak guzel,yalçin yelence
yasamak hakkimdir,atif yilmaz
yasamak hakkimdir,yücel uçanoglu
yasamak haram oldu,çetin karamanbey
yasamak haram oldu,remzi a. jöntürk
yasamak haram oldu,temel gürsu
yasamak istiyorum,semih evin
yasamak kolay degil,ülkü erakalin
yasamayanlar,alphan eseli
yasamin kiyisinda,metin balekoglu
yasanmamis hayatlar,uluç bayraktar
yasar is neither alive nor dead,atil inaç
yasar is neither alive nor dead,ergin orbey
yasar is neither alive nor dead,ulas inan inaç
yasashii hito,masahiro hosoda
yasashii kaori ni kurumareta ni na no de,jun'ichi satô
yasashii musume,akihiko shiota
yasashii te,kazuyoshi sekine
yasashii toubousha,hiroshi shidara
yasashisa no chikara umi no fukaku ni negai yo todoke,noriyuki abe
yasashisa sayonara,noboru ishiguro
yasashisa wo oboete imasu ka,naohito takahashi
yasashisugiru kedamono: omoi wa anatadake ni,yukio kitazawa
yasasin hayat,sirri gültekin
yasayan hatiralar,semih evin
yasei no kokoro,mamoru hamatsu
yasei no umi o oyogu (swimming in the sea of love),hiroyuki kitakubo
yasemin,hark bohm
yasemin,erdogan tokatli
yaseminin tatli aski,atif yilmaz
yasemins behauptung,gunter krää
yasen gungakutai,masahiro makino
yasen kangofu,hiromasa nomura
yasen luobin,pingqian li
yasha,yasuo furuhata
yasha midori no ji ni shisu,hiroki shibata
yasha toporkov,yevgeni karelov
yashao: zenpen,shôzô makino
yashiki: sagiso no omoide,mahiro maeda
yashima no gassen,rintarô mayuzumi
yashinomi,kazugoro arai
yashoda,hara patnaik
yashoda krishna,rao c.s.r.
yashoda krishna,rao c.s.r.
yashodevi,nagendra majumder
yasli gelin,orhan elmas
yaslilik,sibel kocatas
yasmeen,virgil l. fabian
yasmin,abdul rashid kardar
yasmin,kenneth glenaan
yasmin-san,edmund yeo
yasmin raees,shady ishak
yasmina,andré hugon
yasmine,nizar hassan
yasmine: pornochic 14,hervé bodilis
yasnovidyashchaya,ilya khotinenko
yassamossa,minoru shibuya
yassin falafel,mohammad gorjestani
yasss queen,nick gomez
yasu manshon no nazo,naohito takahashi
yasubei ohako giri,hôzô nakajima
yasuda sakubei,jirô yoshino
yasukuni jinja no megami,shirô nakagawa
yasuni,nicolas entel
yasuni man,ryan killackey
yasuyuki okamura: viva namida,sayo yamamoto
yatagan gunlukleri,akif emre senel
yatak hikayemiz,vural pakel
yatatzi,oskar kristanov
yatchaba no onna,keigo kimura
yatchan,vishnuvardhan
yateem,zia sarhadi
yateem,j.p. dutta
yates castle,edgar wright
yatheem,m. krishnan nair
yathrakarude sradhakku,sathyan anthikad
yathrayudhe anthyam,k.g. george
yatim mustapha,b. narayan rao
yatinsotests,dmitriy vasiliev
yatota shoten,reinosuke aku
yatoware butai,yoshikata nitta
yatra,mahi v raghav
yatra,goutam ghose
yatrik,mani kaul
yatrik,kartick chattopadhyay
yatrinskaya vedma,boris shadurskiy
yatsuatari no tensai,minoru okazaki
yatsuatari no tensai,yûgo serikawa
yatsuhaka mura part 1,kazuo ikehiro
yatsuhaka mura part 2,kazuo ikehiro
yatsuhaka mura part 3,kazuo ikehiro
yatsuhaka mura part 4,kazuo ikehiro
yatsuhaka mura part 5,kazuo ikehiro
yatsura ga yomigaeru,kenzô maihara
yatta ki,tsutomu shibayama
yattaran: song of the model lover,rintarô
yatte kimashita hankouki,yûgo serikawa
yatte kimashita oomukashi,masamitsu hidaka
yatte kimashita oomukashi,shûji iuchi
yatte kita go senzo-sama,tsutomu shibayama
yatto aeta papa to mama,osamu dezaki
yatto mitsuketa oya no kataki,sadatsugu matsuda
yatto mitsuketa oya no kataki,mitsuo kaminashi
yatzi,davor radic
yauvan chakra,naval gandhi
yauwan,ranjan bose
yav he he,volkan özgümüs
yavanam katesindi,dasari narayana rao
yavanika,k.g. george
yavar-sari,ahmad shamlu
yaverland isle of wight,graham dixon
yavka s povinnoy,dina lukova
yavlenie prirody,aleksandr lungin
yavne street,david perlov
yavru ile katip,feyzi tuna
yavru kus,hulki saner
yavru kus,mehmet aslan
yavrularim,bilge olgaç
yavrum,orhan aksoy
yavrumu kurtarin,aram gülyüz
yavuz sultan selim agliyor,sami ayanoglu
yawahada iro-kurabe,masaru konuma
yawahada urimasu,sôjirô motoki
yawahada zange,jirô tsurumaki
yawar fiesta: fiesta de sangre,luis figueroa
yawaraka na hou,shunichi nagasaki
yawarakai hada,hisayasu satô
yawkey,stuart heisler
yawn of the dead,duke johnson
yawn of the dead,david tuber
yawn of the dead,jacob dudman
yay for girlfriends,kyle newacheck
yay no polyps,james widdoes
yaya,adolfo alix jr.
yaya 4,chamara janaraj peiris
yaya maya has a new cell phone care of sir chief,jeffrey jeturian
yayaboru no chiisa na sekai: kohen,nobutaka nishizawa
yayaboru no chiisa na sekai: zenpen,nobutaka nishizawa
yayati,vikramaditya motwane
yayati,dhirendranath ganguly
yayati,anurag kashyap
yayaya coco jambo,philipp kässbohrer
yaygara 87,kartal tibet
yayla kartali,ülkü erakalin
yayla kizi,ertem göreç
yayla kizi yildiz,semih evin
yayla meselesi,yusuf ömer sinav
yayla meselesi,mustafa sevki dogan
yayoi ga tenmondai o saru hi,nobutaka nishizawa
yayoi ga tenmondai o saru hi,leiji matsumoto
yaz,jace alexander
yaz aski,tarkan karlidag
yaz aski,eda teksöz
yaz askim,cem akyoldas
yaz bekari,osman f. seden
yaz bitiyor,sibel kocatas
yaz bitti,zeki alasya
yaz guzeli,yalçin yelence
yaz kokulari,yalçin yelence
yazgi,savas esici
yazi mi tura mi,melih gülgen
yazik oldu yarinlara,nejat saydam
yazin,sercan sezgin
yazlik,sibel kocatas
yazovetzat,pavel pavlov
ybarra,morten parker
ybris,gavino ledda
ycare,benjamin charles
ycpt: a personal retrospective - pokemon,justin carmical
ydessa the bears and etc...,agnès varda
ydinperhe,petri hanttu
ydinvoimaa loviisasta,lauri törhönen
ydobemos,ron krauss
ye-zai,ying-ting tseng
ye ban de gui ying,wui ng
ye ban ge sheng xu ji,weibang ma-xu
ye ban jing hun,kuang-chi tu
ye ban qiang sheng,man-ching kwan
ye beni mahmut,yücel uçanoglu
ye confounded wheels,simon wincer
ye diao bai fu rong,sze-luk chow
ye er liang kai geting,peisi chen
ye gu niang,chia-hsiang wu
ye gu niang,chun yen
ye gu niang,meng-hua ho
ye he hua,chen lo
ye hua lian,huang tang
ye hua na you jia hua xiang,shilin zhu
ye hua xiang,wei lo
ye hui,pingqian li
ye huo,cheh chang
ye huo,helen li mei
ye ji qing,fan ho
ye lai xiang,wancang bu
ye lin ye,kim chun
ye lin ye,yuen chor
ye maaya chesave,gautham vasudev menon
ye mei gui,yi-min wen
ye mei gui,shilin zhu
ye mei gui,jun xiong luo
ye must,dave christiano
ye olde colonial episode,joshua seftel
ye olde dating game,matthew diamond
ye olde fighting cocks,charlotte smith
ye olde kings head chester,karl beattie
ye olde melodies,dave fleischer
ye olde minstrels,edward l. cahn
ye olde saw mill,mack sennett
ye olde shoppe teacher,andy cadiff
ye olde songs,frank moser
ye olde swap shoppe,ub iwerks
ye olde toy shop,frank moser
ye olde toy shop,paul terry
ye olden grafter,david kirkland
ye po cang xian dong,wui ng
ye qiao gao fei,yi chang
ye re ye re paisa 2,hemant dhome
ye saccha swabhimaan sahi sangharsh,rohit aarrya
ye shen qing geng shen,lei pan
ye suan shi lian,da ying
ye turn of ye worm,ian davidson
ye vengeful vagabonds,edward lesaint
ye wai de zao yu,wan laiming
ye who enter here,antonio negret
ye xing de qing chun,chin-liang hsu
ye ye wang niang gui,wui ng
ye zou luo to ling,tao xu
ye zou luo to ling,zheng zhang
yea kore biye,yousuf zahir
yea though we walk through the valley of the shadow of death,laura reichwald
yeah i was bored...,thomas sanders
yeah like tomatoes,craig zisk
yeah maybe,terry hughes
yeah presents,dennie gordon
yeah stewie after the gym,thomas sanders
yeah yeah... rautalangat laulaa,jarmo porola
year 1,eduard huis in 't veld
year 1863,edward puchalski
year 1977,ümmü burhan
year 1977,halenur uzunoglu
year 1978,halenur uzunoglu
year 1978,ümmü burhan
year 1990,iglika triffonova
year eight,michael fredianelli
year end recap,america young
year flood,phil paul call
year in review,jon watts
year of change,eric martinez
year of destiny,stuart e. mcgowan
year of fear,jason harlow
year of grace,george waggner
year of hell part ii,michael vejar
year of the birds,bill bain
year of the buttmonkey,nash bozard
year of the caribou,fred meader
year of the comet,peter yates
year of the dog,dave thomas
year of the dog,karen arthur
year of the dog,mike white
year of the dog,paul rudish
year of the dragon,hollingsworth morse
year of the dragon,portman paget
year of the dragon,michael cimino
year of the dragon: part 1,virgil w. vogel
year of the dragon: part 2,virgil w. vogel
year of the duck,seth kearsley
year of the fox,michael lange
year of the gentle tiger,dennis kane
year of the gun,john frankenheimer
year of the horse,jim jarmusch
year of the kingboxer,ridley tsui
year of the monkey,vladimir blazevski
year of the phoenix,arthur pierson
year of the rat,ken whittingham
year of the rooster,david caesar
year of the snake,guri alfi
year of the tiger,perry lang
year of the tiger,michael ferguson
year of the woman,sandra hochman
year of the worf,john carchietta
year on the throne,tony buba
year one,roberto rossellini
year one,harold ramis
year one,martin munthe
year one in the north,isao yukisada
year one: 1st semester,chris ryons
year one: day one,scott napolitano
year round fun,mike mitchell
year without a summer,chui mui tan
year zero,joseph pitchhadze
year zero: the silent death of cambodia,david munro
yearbook,bryan woods
yearbook,scott beck
yearbook,jj garvine
yearbook,fred savage
yearbook madness,peter rida michail
yearbook madness,jeff mednikow
yearbook photo shoot,xev bellringer
yearbook: class of 1967,stan harris
yearbooks,charles hood
yearn,daniel boneville
yearning,faruk kenç
yearning,frunze dovlatyan
yearning,mikio naruse
yearning,zeki ökten
yearning,art dielhenn
yearning for karim,jasmin durakovic
yearning for love,edward ludwig
yearning for sodom,hans hirschmüller
yearning for sodom,hanno baethe
yearning for sodom,kurt raab
yearning for the shadows,hiromasa nomura
yearning secret,shôji kawamori
yearning slut,maitresse madeline
yearning to breathe free,peter w. kunhardt
yearning to tease,barry mahon
yearning when looking up at the sky,hiroshi shidara
years,ondrej hudecek
years ago,alex segal
years ago,marc daniels
years gone bye,eric martinez
years later,juliy stoyanov
years of construction,heinz emigholz
years of eruption,lyn goldfarb
years of hope and anger,marquise lepage
years of love,matti geschonneck
years of service,paul feig
years of tears,afam okereke
years of tears 2,afam okereke
years of trial,lyn goldfarb
years of youth,igor savchenko
years of youth,grigori gritscher-tscherikower
years to come,charley chase
yeast,mary bronstein
yeats country,patrick carey
yebala,javier de rivera
yedanthasthula meda,dasari narayana rao
yedao hongxiao,nam hoi sap-sam long
yedi adim sonra,yücel uçanoglu
yedi bela,remzi a. jöntürk
yedi belalilar,irfan atasoy
yedi dagin aslani,yilmaz atadeniz
yedi kocali,ülkü erakalin
yedi kursun,yagiz alp akaydin
yedi uyuyanlar,zafer par
yediao bei furong,yi-min wen
yedinci bolum,fatih aksoy
yedinitsa s obmanom,andrei prachenko
yedinstvennyy svidetel,mariya muat
yedinstvennyy svidetel,viktor stanitsyn
yee hoo polka,william forest crouch
yee yan saam chuk,derek chiu
yeelen,kyle kallgren
yeelen,souleymane cissé
yefim kopelyan,andrey istratov
yego,kenneth sorento
yego otpusk,yuriy dubrovin
yego otpusk,gennadi poloka
yego prizyv,yakov protazanov
yego zovut sukhe-bator,iosif kheifits
yego zovut sukhe-bator,aleksandr zarkhi
yegor bulychyov i drugiye,boris zakhava
yegor bulychyov i drugiye,yuliya solntseva
yegor bulychyov i drugiye,sergey solovyov
yeguas y cotorras,natalia garagiola
yeh-shen: a cinderella story from china,ray patterson
yeh aag kab bujhegi,sunil dutt
yeh aman,riaz shahid
yeh desh,rama rao tatineni
yeh dil aap ka huwa,jawed sheikh
yeh dooriyan,deepshikha nagpal
yeh gulistan hamara,atma ram
yeh hai india,lom harsh
yeh hai jalwa,david dhawan
yeh hai lollipop,manoj sharma
yeh hai mumbai meri jaan,mahesh bhatt
yeh hai zindagi,s.d. narang
yeh hain basti badmashon ki,joginder shelly
yeh hui na mardon wali baat,farjad nabi
yeh ishq nahin aasaan,tinnu anand
yeh jawaani hai deewani,ayan mukerji
yeh kahan aa gaye hum,k. raj srivastava
yeh kahani nahi,biplab roy chowdhury
yeh kaisa tigdam,ismail darbar
yeh majhdhaar,esmayeel shroff
yeh mohabbat hai,umesh mehra
yeh raat phir na aaygi,brij
yeh rastey hain pyar ke,r.k. nayyar
yeh saali zindagi,sudhir mishra
yeh sach hai,b.r. ishara
yeh such hai,atma ram
yeh teraa ghar yeh meraa ghar,priyadarshan
yeh to kamaal ho gaya,rama rao tatineni
yeh woh manzil to nahin,sudhir mishra
yeh zindagi ka safar,tanuja chandra
yeh zindagi kitni haseen hai,r.k. nayyar
yehi hai zindagi,k.s. sethumadhavan
yehuda,daniel syrkin
yehuda hameshukhreret,ya'ackov ben-dov
yehuda poliker - face to face,erez laufer
yehudi menuhin,franklin heller
yehudi menuhin budapesten,endre lászló
yehudi menuhin budapesten,endre lászló
yehudi menuhin: a family portrait,tony palmer
yehudi menuhin: the swiss years,felice zenoni
yehypetskyy husak,vitali vasilevsky
yek esfahani dar sarzamin-e hitler,nosratolah vahdat
yek rooz-e khoob,mehran modiri
yek rooz zendegi ba aseer,majid majidi
yek tir-o do neshan,mehran modiri
yeki talab-e man,mehran modiri
yeled al hakefak,keren margalit
yelema,mahamadou cissé
yelema ii,mahamadou cissé
yelema iii,mahamadou cissé
yelena the fair,pavel malkov
yella,christian petzold
yella hengasirinda,subba rao b.a.
yello,justin staple
yello,anka schmid
yello: the video race,dieter meier
yellow,richard bradley
yellow,robert zemeckis
yellow,paul j. lane
yellow,neill blomkamp
yellow,oluwadamilola .o. oshodi
yellow,nick cassavetes
yellow,rowyn mottershead
yellow,simon beaufoy
yellow,vladimir tadej
yellow,semih tareen
yellow,gibson frazier
yellow-faced tiger,wei lo
yellow and red make orange,jay hollinsworth
yellow baby,rory b. quintos
yellow bird,rodolphe pauly
yellow bird,david alexander
yellow bird,william v. ranous
yellow bird,jessie wallace
yellow bird,tom hooper
yellow brick road,ryuta tasaki
yellow brick road,leigh scott
yellow caesar,alberto cavalcanti
yellow canary,herbert wilcox
yellow cape town,flo lackner
yellow card,daisuke nishio
yellow cargo,crane wilbur
yellow contraband,leo d. maloney
yellow deli,francesco bori
yellow dog,terence donovan
yellow drop,dominic houghton
yellow dust,wallace fox
yellow earth,kaige chen
yellow elephant,vladimir danilevich
yellow emanuelle,bitto albertini
yellow fella,ivan sen
yellow fever,burnie burns
yellow fin,frank mcdonald
yellow fingers,emmett j. flynn
yellow flag,ted post
yellow flame,charles giblyn
yellow flower,ji-sang lee
yellow for courage,harry harris
yellow gold and men,ford beebe
yellow hair,irvin kershner
yellow hair and the fortress of gold,matt cimber
yellow haired kid,frank mcdonald
yellow he,zbynek brynych
yellow heat,fikret reyhan
yellow horse,bruce baillie
yellow in the eyes,giovanni aloisio
yellow jack,george b. seitz
yellow jack,david sullivan proudfoot
yellow jack,peter graham scott
yellow jack,alex segal
yellow jack,cyril coke
yellow jack,delbert mann
yellow jacket,christian dines
yellow lights,kevin tostado
yellow lily,alexander korda
yellow lotus,tony bui
yellow mellow,nicolas provost
yellow men and gold,irvin willat
yellow moon,zvonimir juric
yellow mums,firas khoury
yellow ox mountain,miao wang
yellow pass,fyodor otsep
yellow queen in the fires of hell,kristoffer tabori
yellow rain,wies andersen
yellow river,david lowell rich
yellow river fighter,hsin-yen chang
yellow sands,herbert brenon
yellow sands,brandon acton-bond
yellow sands,william avenell
yellow skin,wang kuan-hsiung
yellow sky,william a. wellman
yellow sofa,jeffrey jeturian
yellow spiderman,sachin aggarwal
yellow stockings,theodor komisarjevsky
yellow submarine,george dunning
yellow submarine,asaad kelada
yellow sunglasses,iván mora manzano
yellow tail 3,tyce bune
yellow tail super bowl commercial,harald zwart
yellow tale,guillaume tauveron
yellow tears,isshin inudô
yellow terror,herbert l. strock
yellow the follow rick broad,marcus mortimer
yellow wood,dan meaden
yellow zholtik,yuriy prytkov
yellow: the cousins,gianfranco baldanello
yellowbacks,roy battersby
yellowbeard,mel damski
yellowbelly,laslo benedek
yellowcake,brock williams
yellowjacket,boyd kirkland
yellowneck,r. john hugh
yellowstone,kieth merrill
yellowstone,arthur lubin
yellowstone,oliver goetzl
yellowstone in winter,fred heiman
yellowstone kelly,gordon douglas
yellowstone national park wyoming u.s.,j. searle dawley
yellowstone park: scenic no. 1,carl gregory
yellowstone park: scenic no. 2,carl gregory
yellowstone park: scenic no. 3,carl gregory
yellowstone park: scenic no. 4,carl gregory
yellowstone park: scenic no. 5,carl gregory
yellowstone park: scenic no. 6,carl gregory
yelp wanted,dick huemer
yemaindi ee vela,sampath nandi
yemandi avida vachindi,e.v.v. satyanarayana
yemekteydik ve karar verdim,görkem yeltan
yemen party,anthony lioi
yemen party,albert calleros
yemen: arabie heureuse,raymond depardon
yemeniettes,shawn david thompson
yemin,nazif tunç
yemin,melih gülgen
yemin ettim bir kere,orhan elmas
yemito ee kshanam,mocherla pradeep
yen,jeffrey jeturian
yen ku horowitz,jerry hopper
yenda thalaiyila yenna vekkala,vignesh karthick
yenendi de yantalla,jean rouch
yenendi di simiri,jean rouch
yenendi gengel,jean rouch
yengen,ülkü erakalin
yeni arayislar,yalçin yelence
yeni basliyoruz,sinan ozturk
yeni bir is yeni bir ask,rasit çelikezer
yeni bir soluk,yalçin yelence
yeni bir umut,selçuk aydemir
yeni bir yil,jale incekol
yeni bir yildiz,oguz yalçin
yeni dalga,yalçin yelence
yeni damat,sibel kocatas
yeni gelin,ersoy güler
yeni hayat,murat onbul
yeni hayat,volkan kocatürk
yeni hayat,mestan sakalli
yeni hayat,umur turagay
yeni hayat,uluç bayraktar
yeni hikaye,metin balekoglu
yeni horizont,aga-rza kuliyev
yeni horizont,grigoriy braginsky
yeni imaj,yalçin yelence
yeni kiracilar,yalçin yelence
yeni kiracilar,yalçin yelence
yeni konuklar,yalçin yelence
yeni sezon,cevdet mercan
yeni sezon,ulas cihan simsek
yeni umutlar,yalçin yelence
yeni yil,sadullah celen
yeniden baslasak,ender mihlar
yeniden baslasak,çagatay tosun
yeniden baslasak,çagri vila lostuvali
yeniden basliyalim,sadullah celen
yeniden dogus,yalçin yelence
yennai arindhaal,gautham vasudev menon
yentl,barbra streisand
yentl en de boer - de snoepwinkel is gesloten,brian op de dijk
yenu kade,alberto masliah
yeo moor,andrew dymond
yeobaewoo,moon so-ri
yeodaesaeng sajang,kim ki-duk
yeojaga sumneun sup,jeong ji-yeong
yeolahob jeolmanggeute buleuneun hanaui salangnolae,kang woo-suk
yeolahob sunjeong,kim ki-duk
yeoman hunkle yeoman hunkle part 1,john astin
yeoman hunkle yeoman hunkle part 2,john astin
yeonaeneun pro gyeolhoneun amateur,lee doo-yong
yeonggwangui 9 hoimal,kim ki-duk
yeonghwa mama,im kwon-taek
yeonhwa,mu-ryong choi
yeovil,paul smith
yepeto,eduardo calcagno
yer anus in the a.m.,donald meyers
yer tink it easy,nic phillips
yeraishyang,chang-hwa jeong
yerankyuni,henrik malyan
yerazahan,lyudmila sahakyants
yerba buena,andrew mccarthy
yerdeki kan,serdar akar
yerdeki kan,dogan ümit karaca
yere majhya maglya,bhalji pendharkar
yerinde duramiyor,yalçin yelence
yerku gisher,patvakan barkhudaryan
yerli dallas: kasirga,kadir akgün
yerli mali haftasi,efe aydal
yerma,imre gyöngyössy
yerma,david stivel
yerma,leo orenstein
yerma,david stivel
yerma,barna kabay
yerma,magne bleness
yerma,franz marijnen
yerma,jan retèl
yerma,ferrão katzenstein
yerma,oswald döpke
yerma,alberto cavalcanti
yerma,marco ferreri
yermak timofeievitch,vasili goncharov
yerman clan,yoshiyuki tomino
yerushalaim,dan geva
yerushalayim lo mechaka,chaim yavin
yeryuzu,yalçin yelence
yes,larry teng
yes,tony goldwyn
yes,sally potter
yes,géza m. tóth
yes,györgy révész
yes,per hanefjord
yes,naje lataillade
yes,oren rehany
yes,joe swanberg
yes,tony cash
yes,craig zisk
yes,janicza bravo
yes,ned benson
yes-woman,fred savage
yes all men,alex r. wagner
yes and,jack reda
yes and,harald zwart
yes and,bob woolsey
yes and,markus baldwin
yes and no,liddy oldroyd
yes aunt,john reardon
yes australia is a country,nash bozard
yes danvers there is a santa claus,john benjamin faust
yes darling,yves lavandier
yes day,miguel arteta
yes dear,grim natwick
yes dude yes,john davis infantino
yes galen there is a herman,norman abbott
yes giorgio,franklin j. schaffner
yes god yes,karen maine
yes god yes,karen maine
yes goodbye for today,lee jang-ho
yes i said yes i will yes,philip s. solomon
yes is the only living thing,charles beeson
yes it is,giorgio comaschi
yes it is preachy,gregory elsasser-chavez
yes lillian there is a santa claus,jack shea
yes madam,chun-liang chen
yes madam,ferdinando maria poggioli
yes madam,leslie s. hiscott
yes madame,magaly colimon
yes man,peyton reed
yes men,john terlesky
yes mikey santa does shave: part 1,susie dietter
yes mikey santa does shave: part 2,susie dietter
yes monsignor,pamela fryman
yes monster factory is a work of art,kyle kallgren
yes mr. brown,jack buchanan
yes mr. brown,herbert wilcox
yes mr. president,marc daniels
yes mum,jonathan burton
yes my coach,masaaki yuasa
yes my darling daughter,don chaffey
yes my darling daughter,william keighley
yes my deadly daughter,bruce bilson
yes my lady,fred j. lincoln
yes nenante nene,vijaya nirmala
yes new york is the place,benjamin kanes
yes nicholas there is a santa claus: part 1,harry harris
yes nicholas there is a santa claus: part 2,harry harris
yes no maybe,kaspar kasics
yes no maybe not,malcolm le grice
yes no maybe so,joseph lazare
yes or no,roy william neill
yes or no,david askey
yes or no jean-guy moreau,michael rubbo
yes or no...,slim macdonnell
yes panie mcluhan,olaf lubaszenko
yes punky there is a santa claus: part 1,art dielhenn
yes punky there is a santa claus: part 2,art dielhenn
yes regrets,christina july kim
yes sir,xev bellringer
yes sir,taner akvardar
yes sir,walter heynowski
yes sir,gerhard scheumann
yes sir mr. bones,ron ormond
yes this just happened.,jordan jones
yes times have changed,louis m. glackens
yes virginia there is a liberace,vincent mceveety
yes virginia there is a santa claus,charles jarrott
yes virginia there is a santa claus,bill melendez
yes virginity there is a god,andy cadiff
yes we can,faith hubley
yes we can,olivier abbou
yes we can,rick rosenthal
yes we canyon,scott o'brien
yes we got a dollar,vanessa bednar
yes we have no bananas (or anything else for that matter),ellen gittelsohn
yes we have no bonanza,del lord
yes we have no cannolis,mark tinker
yes we have no havanas,terry hughes
yes we have no secrets,william brayne
yes we have no tomatoes,paul provenzano
yes we love this country,jannik johansen
yes yes babette,earle rodney
yes yes love in tyrol,géza von bolváry
yes yes nanette,stan laurel
yes yes nanette,clarence hennecke
yes yes no yes,norman buckley
yes yes yo kabayong kutsero,mike relon makiling
yes you can,neil garguilo
yes you can ride the hoverboard,casey neistat
yes.sir,chin ao-hsin
yes: 9012 live,steven soderbergh
yes: symphonic live,audrey powell
yesandwitch,joe russo
yesenia,alfredo b. crevenna
yeseren asma: besiktasli yahya efendi,yildirim yanilmaz
yesh hadash tachat ha-shemesh,yoav tzafir
yeshchyo do voyny,boris savchenko
yeshchyo mozhno uspet,ilya gurin
yeshurun in 6 chapters,amichai chasson
yesil deniz sezon belgeseli,firat altun
yesil kurbagalar,t. fikret uçak
yesli by kamni govorili...,yuriy lysenko
yesli by ya byl nachalnikom,albert s. mkrtchyan
yesli eto sluchitsya s toboi,igor nikolaev
yesli mozhesh prosti...,aleksandr itygilov
yesli my vmeste,vladimir semakov
yesli ty muzhchina...,anatoli chemodurov
yesli ty uydyosh,vitali shunko
yesli ty uydyosh,nikolai litus
yesli ya polyublyu...,lev tsutsulkovsky
yesli yest parusa,valentin kozachkov
yesli...,aleksandr dunayev
yesli...,gennady sayfulin
yessica: cuando falla la justicia,benjamín cann
yesterday,sergio cabrera
yesterday,john johnson
yesterday,raul dasilva
yesterday,radoslaw piwowarski
yesterday,yun-su chong
yesterday,bálint kenyeres
yesterday,lajos lázár
yesterday,rob corn
yesterday,vernon lawrence
yesterday,darrell roodt
yesterday,michael robison
yesterday,lucinda mcnary
yesterday,ben sombogaart
yesterday,kamyar kordestani
yesterday,yô yoshinari
yesterday,jörg schneider
yesterday,samik roy choudhury
yesterday,danny boyle
yesterday,ivan andonov
yesterday,claudia garde
yesterday,peter de baan
yesterday,márton keleti
yesterday,martha coolidge
yesterday afternoon,tyler a.m.
yesterday and today,abner j. greshler
yesterday and tomorrow,john glenister
yesterday cafe,phil ramuno
yesterday came suddenly...,mubariz nagiyev
yesterday girl,alexander kluge
yesterday has passed,eric martinez
yesterday is but a dream,jerry thorpe
yesterday is for psychiatrists,richard everitt
yesterday is over your shoulder,thorold dickinson
yesterday it rained,bill duke
yesterday never comes,ray butt
yesterday once more,tingting yao
yesterday once more,johnnie to
yesterday once more,graham dixon
yesterday or tomorrow,kôichi chigira
yesterday today,suzy sachs
yesterday today and tomorrow,im kwon-taek
yesterday today and tomorrow,emmanuel h. borlaza
yesterday today and tomorrow,vittorio de sica
yesterday today tomorrow,colm villa
yesterday upon the stair,philip leacock
yesterday upon the stair,robert douglas
yesterday upon the stair...: part 1,james whitmore jr.
yesterday upon the stair...: part 2,ray austin
yesterday when i was young,mario cortesi
yesterdays,burt kennedy
yesteryear,hal sutherland
yesteryears,robert budreau
yet,shaun springer
yet,stan vanderbeek
yet 2 be named,jose prendes
yet another 15 missed opportunities of at4w,lewis lovhaug
yet another casting director,carolina ravassa
yet another reality check,di drew
yet another seven days in february,rowe wallerstein
yet another stakeout,ted wass
yet do i marvel,julie dash
yet in him we trust,s.n.s. sastry
yeter,yavuz figenli
yeti,wojciech bakowski
yeti,leon thau
yeti from the dump,yuri mamin
yeti imperial stout,john dondero
yeti obhijaan,srijit mukherji
yeti road test,phil churchward
yeti: a love story,adam deyoe
yeti: a love story,eric gosselin
yetimler ahi,muharrem gürses
yeto vellipoyindhi manasu,gautham vasudev menon
yetta the yenta,ted petok
yeung tso peen,antony szeto
yevade subramanyam,nag ashwin
yevadu,vamshi paidipally
yevaru,k. balachander
yevgeni onegin,vasili goncharov
yevgeni onegin,roman tikhomirov
yevgeny khaldei photographer under stalin,marc-henri wajnberg
yevgeny onyegin,humphrey burton
yevrei na zemle,abram room
yevu kaa gharaat,dada kondke
yew boys,stanley sievers
yfir horfinn veg,andri freyr ríkarðsson
yfwnby: jennifer love hewitt,tanner beard
yfwnby: jennifer love hewitt,ryan rottman
yg forever,sam wasserman
yggdrasil,pål jackman
yggdrasill: whose roots are stars in the human mind,stan brakhage
yhden naisen miehet,juha rosma
yhdenmukaisuudesta erilaisuuteen,arvo ahlroos
yhdysvallat,tuukka tiensuu
yhteen hiileen,juha rosma
yhteinen koulutie,kauko vuorensola
yhteinen menneisyys,hannu seikkula
yhteinen vaimomme,valentin vaala
yhteispeli,dome karukoski
yhwh,chris fisher
yi ban zhi ge,shilin zhu
yi ban zhi ge,chen bai
yi bang rou,xiaofeng hu
yi bang san zhuang yuan,tian-lin wang
yi chan yi bai wan,yuen chor
yi chi chun shui,chen lo
yi dai ge wang,joseph kuo
yi dai ming hua,kim chun
yi dai mo shuai.,weibang ma-xu
yi dai yao ji,pingqian li
yi dan,tsun-shou sung
yi dan er li san gong fu,liu chia-yung
yi duan qing,robert chung
yi dui yan zhi ma,wui ng
yi dui yi,fu-ti lin
yi fan feng shun,tit lee
yi fan feng shun,yunwei ying
yi fei chong tian,tian-lin wang
yi feng qing bao bai wan bing,yung-hsiang chang
yi fu zi,kim chun
yi fu zi xia ji,kim chun
yi ge he ba ge,junzhao zhang
yi ge hong dan,bugao cheng
yi ge mei guo fei xing yuan,yi wang
yi ge mei guo fei xing yuan,weiyi wang
yi ge nu da xue sheng de ri ji,hsueh-li pao
yi ge shanghai xiao jie,bugao cheng
yi ge wen ti xue sheng,ching-chieh lin
yi gen huo chai,li-li liu
yi guan qin shou,tit lee
yi guo qing yuan,mitsuo wakasugi
yi guo qing yuan,kuang-chi tu
yi guo qing yuan,chang-geun jeon
yi hua jie mu,han hsiang li
yi jia chun,ching doe
yi jia lao xiao xiang qian chong,ping li
yi jia qin,wui ng
yi jia ren,chia-chang liu
yi jian chi qing,tit lee
yi jian gou han,yuen chor
yi jian gou han,kenjirô morinaga
yi jian jiu lian huan,fung wong
yi jian qi xia,xiangyuan yu
yi jian qing shen,kuang-chi tu
yi jian zhong qing,gang xia
yi jiang nan,yunwei ying
yi jiao er qiao san geng miao,teng-hung hsu
yi jie an shen hao,chung sun
yi jiu ba si,gustavo charif
yi kuai yin yuan,yu huang
yi le ye,han hsiang li
yi ling ba,shan hua
yi mao qian,han hsiang li
yi ming jing ren,huang tang
yi ming san xiong shou,tit lee
yi nian you meng,yin tse
yi nian zhi ji,yi-min wen
yi nian zhi ji,ming jiang
yi nian zhi ji,shilin zhu
yi pian fei hua,wui ng
yi pu er zhu,da ying
yi qu nan wang,robert chung
yi quan yi kuai qian,fu-ti lin
yi shi wu ming an,kuang-chi tu
yi shu tao hua qian duo hong,feng yueh
yi shuang bu xing de xiao zei,matthew harrison
yi wan mei yue ban han qin,tit lee
yi xiang ke,tian-lin wang
yi xiang meng,ching-jui pai
yi xin nu zi fu xin lang,wui ng
yi xue huan xue,hui zhang
yi ye en qing,wan chan
yi ye feng liu,wancang bu
yi ye nan wang,sun-fung lee
yi yi,edward yang
yi zhang hong,tit lee
yi zhi xiao yu san,tso nam lee
yiannis kouros - forever running,elias giannakakis
yiannis zouganelis afierwma...,leonardo thimo
yidai minghua hua yinghen,nam hoi sap-sam long
yidai yiren,chung-ho hung
yiddish connection,paul boujenah
yiddish theater: a love story,dan katzir
yiddle and his fiddle,h.o. martinek
yiddle on my fiddle,w.p. kellino
yidl in the middle: growing up jewish in iowa,marlene booth
yidl mitn fidl,jan nowina-przybylski
yidl mitn fidl,joseph green
yidlife crisis vs howie mandel,jamie elman
yield to the night,j. lee thompson
yielding,jeff bleckner
yigal bin-nun pninat hamizrah,amit itzcar
yigian chou,xiao-zhong yang
yigit kani,t. fikret uçak
yigit yarali olur,ertem göreç
yigitler yatagi,ihsan yurdakul
yigitlerin kaderi,hüseyin peyda
yihad for president,antonio cuadri
yiik,brittany lauda
yikes to customers,sarah young
yikilan gurur,sirri gültekin
yikilan gurur,temel gürsu
yikilan yuva,orhan aksoy
yikilis,natuk baytan
yikilmak yok,metin balekoglu
yikilmayan adam,remzi a. jöntürk
yilan,yavuz figenli
yilan kadin,o. nuri ergün
yilan soyu,ertem göreç
yilan yuvasi,yilmaz duru
yilbasi,rasit çelikezer
yilbasi,sibel kocatas
yilbasi,sibel kocatas
yilda bir,yalçin yelence
yildirim ajan,yavuz figenli
yildirim beyazit ve timurlenk,münir hayri egeli
yildiz sarayi,ali bilgin
yildiz tornavida,sadi celil cengiz
yildizlar da kayar,melih gülgen
yildizlarin altinda,yalçin yelence
yillarin ardindan,arsevir alyanak
yillie fresh,princess donna
yilmayan adam,ilhan engin
yilmayan seytan,yilmaz atadeniz
yilmaz,oliver hirschbiegel
yilmaz ali,faruk kenç
yilsonu balosu,rasit çelikezer
yim si ngon,sze-luk chow
yim tin tsai groundbreaking ceremony,vincent chan
yim tin tsai revisited,vincent chan
yin-yang,rubén torrejón
yin and yana. forbidden food,oleg uzhinov
yin dan re dan xiao dan,mei-chun chang
yin dao xue jian,fung wong
yin en yang,johan gevers
yin hai huan meng,huang tang
yin hai sheng ge,tian-lin wang
yin hai sheng ge,chiang nan
yin hai xian ge chu chu wen,huang tang
yin jian xiang ma chui gu chui,ping ho
yin mu yan shi,bugao cheng
yin rong jie,yao chung
yin se da dui,paul chang chung
yin shen nu xia,tian-lin wang
yin shi,jianzhong huang
yin shou,fan ho
yin vs. yang,greg herman
yin wei you ai,qun he
yin yang,teresa hui
yin yang insane,scott shaw
yin yang you qing tian,shan-hsi ting
yin yuan dao shang,fong pau
yin zhi wan sui,wui ng
yine yeni yeniden,baris yös
ying chun hua,hsin-yen chang
ying du yan ji,wen yi
ying fei ren jian,peilin fang
ying ge yan wu,wen yi
ying i yang,tomasz konecki
ying lie zhuan,pingqian li
ying mu lian qing,xiangyuan yu
ying shan hong,yu huang
ying shan hong,tseng chang
ying und yang,klaus knoesel
ying wu chuang qi,tsun-shou sung
ying xiong dan,huang tang
ying xiong lie nu,ching-jui pai
ying xiong lie nu,hsing lee
ying xiong lie nu,chia li
ying xiong tan ke shou,ang li
ying yang,daniel gonzález
ying yang twins,nick cannon
ying zhao nu lang,kong lung
yingl belz,jamie elman
yingxiong zheng chengong,ziniu wu
yinhe shuangxing,dongshan shi
yinian zhizhuo,kwok-lap li
yinqiang dao,yuanlong wang
yip-yip-yippy,dave fleischer
yippee yo-yogo,don lusk
yippee yo-yogo,jay sarbry
yippee yo-yogo,paul sommer
yippee: a journey to jewish joy,paul mazursky
yippie - noch mehr arsch noch weniger sex,franziska meyer price
yippie kayak,rebecca asher
yirmi yil sonra,osman f. seden
yirmiiki ayar,yalçin yelence
yirt kazim,semih evin
yirtik niyazi,sirri gültekin
yiskor,sidney m. goldin
yitik,nazif tunç
yiu yan kuang liu,chen lo
yiya murano envenenadora,jorge nisco
yiya murano envenenadora,daniel barone
yje mbi drin,ismail zhabjaku
yks nappi oli irti,anssi mänttäri
yksi eteen ja kaksi taakse,kalle pursiainen
yksi maa monta maailmaa,kari paljakka
yksi talo - kaksituhatta tarinaa,per-olof strandberg
yksin,pekka parikka
yksin,ere kokkonen
yksin,eeli aalto
yksin,hannes häyrinen
yksin kotona,johanna vuoksenmaa
yksin puhuja,timo humaloja
yksinen,auli mantila
yksinkertaisia totuuksia,kaija juurikkala
yksinteoin 2,jussi parviainen
yksisarvisesta kaksimieliseen,raila leppäkoski
yksisarvisesta kaksimieliseen,arto af hällström
yksitoista ihmisen kuvaa,anastasia lapsui
yksitoista ihmisen kuvaa,markku lehmuskallio
yksityisalue,ilkka vanne
ylemmyys,pauli virtanen
yli rajan,wilho ilmari
ylikonsultti ja ylijoulupukki,kunto ojansivu
ylion and callysia,takashi nakamura
ylioppilas ja piru,claes olsson
ylisuorittava perhe,matti mikkonen
ylo,martin cihak
ylpeys ja ennakkoluulo,kristiina repo
ymadawiad arthur,marc evans
ymca,james widdoes
ymca baseball team,kim hyun-seok
ymnon ti tafi sou,giorgos kabanellis
yms-504 of the navy,lee man-hee
yms m. night shyamalan sucks (2 of 4),adam johnston
yms: after earth (part 1),adam johnston
yms: after earth (part 2),adam johnston
yms: after earth (part 3),adam johnston
yms: best underrated horror films,adam johnston
yms: birdemic (1 of 2),adam johnston
yms: birdemic (2 of 2),adam johnston
yms: brothers (2009) (1 of 2),adam johnston
yms: brothers (2009) (2 of 2),adam johnston
yms: childhood trauma (part 1),adam johnston
yms: childhood trauma (part 2),adam johnston
yms: cool cat saves the kids (part 1 of 2),adam johnston
yms: cool cat saves the kids (part 2 of 2),adam johnston
yms: cyberbully (1 of 2),adam johnston
yms: cyberbully (2 of 2),adam johnston
yms: death race 2 (1 of 2),adam johnston
yms: death race 2 (2 of 2),adam johnston
yms: death race 3: inferno (part 1),adam johnston
yms: death race 3: inferno (part 2),adam johnston
yms: fateful findings,adam johnston
yms: ghost rider,adam johnston
yms: in time,adam johnston
yms: looper,adam johnston
yms: m. night shyamalan sucks (1 of 4),adam johnston
yms: m. night shyamalan sucks (3 of 4),adam johnston
yms: m. night shyamalan sucks (4 of 4),adam johnston
yms: megan is missing,adam johnston
yms: nymphomaniac,adam johnston
yms: precious (1 of 2),adam johnston
yms: precious (2 of 2),adam johnston
yms: rec vs quarantine (1 of 2),adam johnston
yms: rec vs quarantine (2 of 2),adam johnston
yms: saw 1-7 (1 of 2),adam johnston
yms: saw 1-7 (2 of 2),adam johnston
yms: sucker punch,adam johnston
yms: the descent part 2 (1 of 2),adam johnston
yms: the descent part 2 (2 of 2),adam johnston
yms: the host (part 1),adam johnston
yms: the host (part 2),adam johnston
yms: the host (part 3),adam johnston
yms: the hunger games,adam johnston
yms: the lovely boner,adam johnston
yms: the strangers,adam johnston
yms: toy story 3,adam johnston
yms: unfriended (part 1),adam johnston
yms: unfriended (part 2),adam johnston
yms: unfriended (part 3),adam johnston
yms: world war z (1 of 2),adam johnston
yms: world war z (2 of 2),adam johnston
ynang-bayan: to be a woman is to live at a time of war,nick deocampo
yndhatvats mankutyun,jivan avetisyan
ynsletten,mirjam de with
yo,rafa cortés
yo,matias meyer
yo-ho-ho and a bottle of dumb,glenn gt taylor
yo-ju gamereon jigoku no dai shingeki,yoshiyuki tomino
yo-o rinty,douglas heyes
yo-yo,enzo g. castellari
yo-yo ma,andré flédérick
yo-yo ma in concert,kirk browning
yo-yogi,paul sommer
yo-yogi,jay sarbry
yo-yogi,don lusk
yo adrian,james whitmore jr.
yo amo la danza,ignacio f. iquino
yo amo tu amas nosotros...,rafael baledón
yo can,asier salazar
yo check my house,steve zuckerman
yo confieso,alejandro bazzano
yo creo que...,antonio artero
yo dije,mariano ramis
yo duras,gustavo galuppo
yo el ejecutor,valentín trujillo
yo el gobernador,rené cardona jr.
yo el mujeriego,josé díaz morales
yo el valiente,alfonso corona blake
yo estuve con una zombie,ricardo a. solla
yo fui a un curandero,ana garcía lozano
yo fui el rey,rafael romero marchent
yo fui una callejera,joselito rodríguez
yo fui una usurpadora,miguel morayta
yo fui violada,rafael portillo
yo ga aketara,kazuo kuroki
yo hablo a caracas,carlos azpúrua
yo he visto a la muerte,josé maría forqué
yo hice a roque iii,mariano ozores
yo hice a roque iii,benito alazraki
yo ho ho,zako heskiya
yo ho ho and a bottle of dumb,bill hobin
yo ho shadow,william gordon
yo la recuerdo ahora,néstor lescovich
yo lo vi,josé ramón larraz
yo mama,alex vigano
yo mama: the adventures of espanish yack,alex vigano
yo mariachi,santiago salinas sacre
yo mariachi,alejandro díaz san vicente
yo me abro,josé ganga
yo me adapto,guido lublinsky
yo me adapto,diego lublinsky
yo me lo guiso y yo me lo como,terry kemaco
yo mi mujer y mi mujer muerta,santi amodeo
yo myself,albertina carri
yo natalia,guillermina pico
yo no creo en los hombres,juan josé ortega
yo no creo en los hombres... el origen,luis vélez
yo no era rebelde rock mexicano 1957-1971,rafael montero
yo no era rebelde. rock mexicano 1957 - 1971,rafael montero
yo no lo quiero hacer,jorge cantos
yo no lo se de cierto lo supongo,benjamín cann
yo no me caso,juan de orduña
yo no me caso compadre,miguel m. delgado
yo no me rindo,ana garcía lozano
yo no naka yo,yasuomi umetsu
yo no necesito claves,gilberto de anda
yo no soy,monica miguel
yo no soy,salvador garcini
yo no soy,karina duprez
yo no soy un asesino,josé maría zabalza
yo noid (nes),chris bores
yo nunca nunca,david díaz
yo nunca nunca,juan frendsa
yo picasso,sharon maguire
yo presidenta,arantxa echevarría
yo presidente,mariano cohn
yo presidente,gastón duprat
yo quiero,walter tournier
yo quiero chocolatte,juan cuba
yo quiero chocolatte 2,juan cuba
yo quiero chocolatte 3,juan cuba
yo quiero chocolatte 4,juan cuba
yo quiero dinero,abraham alfonso brown
yo quiero jugar,walter tournier
yo quiero participar,walter tournier
yo quiero que me lleven a hollywood,edgar neville
yo quiero que me quieran,walter tournier
yo quiero ser artista,tito davison
yo quiero ser bataclana,maría inés gómez
yo quiero ser hombre,rené cardona
yo quiero ser mala,rené cardona
yo quiero ser tonta,eduardo ugarte
yo quiero ser torero,emilio aragón 'miliki'
yo quiero vivir contigo,carlos rinaldi
yo quiero... pero ella no,nicolás del boca
yo quise hacer los bingueros 2,josé manuel serrano cueto
yo raat behoshi yo bata behoshi,bishwas nepal
yo se kung fu,ygnacio cervio
yo sospecho,antonio cuadri
yo soy,walter tournier
yo soy brandel,cayetano luca de tena
yo soy chucho el roto,alfredo zacarías
yo soy de mi barrio,juan vicente córdoba
yo soy del golfo,alvaro galvan
yo soy dina,rafael de la cueva
yo soy el asesino,josé loza
yo soy el criminal,alberto dubois
yo soy el gallo,fernando durán rojas
yo soy el heroe,ernesto caparrós
yo soy el punto cubano,sergio núnez
yo soy felicityfornow sobre ruedas,jorge nisco
yo soy fulana de tal,pedro lazaga
yo soy ignacio lugo navarro,miguel córcega
yo soy la estrella,diego rougier
yo soy la ley,damián acosta esparza
yo soy la ley malandrines,agustín bernal
yo soy la macu,marc vigil
yo soy la muerte,juan n. lópez
yo soy muy macho,josé díaz morales
yo soy nestor,pauli janhunen calderón
yo soy pepito,joaquin rodriguez
yo soy sola,tatiana merenuk
yo soy tito parrancha,manuel amaro da costa
yo soy tu madre,josé ángel garcía
yo soy tu madre,salvador garcini
yo soy tu padre,juan bustillo oro
yo soy tu padre 1,diego rougier
yo soy tu padre 2,diego rougier
yo soy uno entre cien mil,penélope cruz
yo soy usted,francisco reiguera
yo soy vickiana,jean-louis jorge
yo te amo catalina,josé luis garcía agraz
yo tengo fe,enrique carreras
yo tengo perspectiva: de la vida,javier rebollo
yo tuve un cerdo llamado rubiel,jaime rosales
yo ulrike grito,karlos aurrekoetxea
yo vendo unos ojos negros,joselito rodríguez
yo veronica,benjamín cann
yo viendo piedras,ricardo a. solla
yo way yo,paul donovan
yo y ella,fernando usón
yo y las mujeres,giuseppe maria scotese
yo y maru 2012,juan renau
yo y mi banda,beatriz adriana
yo y mi mariachi,rubén galindo
yo ya lo dije,jordi évole
yo ya me voy. eliseo torres hormero,arturo ripstein
yo yo a go go,hal seeger
yo yo school,ronald marriott
yo zappa do: part 1,eyal gordin
yo... con mi experiencia,antonio del real
yo... el aventurero,jaime salvador
yoake,ryû morioka
yoake made,liam o'brien
yoake mae,gengo ôbora
yoake no futari,yoshitarô nomura
yoake no onna: zenpen,seika shiba
yoake no sangeki,noriyuki abe
yoake no uta,koreyoshi kurahara
yob and nabob,lionel harris
yoba midoro,gisaburô sugii
yobai de nusumu,satoru kobayashi
yobai: dote sagashi,minoru inao
yobi au koe,yasuhiro irie
yobi the five tailed fox,seong-gang lee
yobiau tamashii,osamu kaneda
yobukotori,kiyomatsu hosoyama
yochi yochi ababa,masayuki akehi
yockenthwaite the amazing puppet,julian kemp
yoda stories,jon jafari
yodare azuki,hiroshi hamasaki
yoddha,sangeeth sivan
yoddha the warrior,raj chakraborty
yoddha: the warrior,mandeep benipal
yodelay-me-too,laurie lynd
yodelberg,aaron springer
yodha,rahul rawail
yodok stories,andrzej fidyk
yofu,masahiro makino
yoga,homero cirelli
yoga,martin spirit
yoga,cameron mccasland
yoga,lutz heineking
yoga,danny john-jules
yoga,matt dearborn
yoga and boo boo,gail mancuso
yoga challenge,america young
yoga flow,donald hauser
yoga for depression and anxiety,ira israel
yoga for grandparents,harry frishberg
yoga for salvador,stefan hayek
yoga ho,steven lolli
yoga hosers,kevin smith
yoga inc.,john philp
yoga man,rob lambert
yoga matt,david greenspan
yoga moves,david winters
yoga rumble,john penhall
yoga sex scandal,katie nolan
yoga snacks,chris tittle
yoga teacher,bobcat goldthwait
yoga with jean koerner,barry alexander brown
yoga: a road to happiness,hagen hasselbalch
yogacize,kevin mukherji
yogarizuma,minoru inao
yogen,susumu hani
yogen-sha jaian,tsutomu shibayama
yogeom,im kwon-taek
yoghurt,sanna lenken
yogi,v.v. vinayak
yogi and the unicorn,ray patterson
yogi bear,rob walker
yogi bear,doug walker
yogi bear,eric brevig
yogi bear,doug walker
yogi bear and the magical flight of the spruce goose,oscar dufau
yogi bear and the magical flight of the spruce goose,jay sarbry
yogi bear and the magical flight of the spruce goose,arthur davis
yogi bear and the magical flight of the spruce goose,john kimball
yogi berra,franklin heller
yogi berra,jerome schnur
yogi berra: in his own words,marino amoruso
yogi de beargerac,arthur davis
yogi de beargerac,robert alvarez
yogi de beargerac,don lusk
yogi hobo,matthew harrison
yogi meets the mummy,robert alvarez
yogi meets the mummy,arthur davis
yogi meets the mummy,don lusk
yogi mickey,nic phillips
yogi the cave bear,arthur davis
yogi the cave bear,robert alvarez
yogi the cave bear,don lusk
yogi the easter bear,hawley pratt
yogi the easter bear,robert alvarez
yogi vemana,kadiri venkata reddy
yogi vemana,rao c.s.r.
yogi your way,daniel petrie
yogiri no ashika ninja tai,hideo nishimaki
yogiri no ashika ninja tai,fumio kurokawa
yogiri no ashika ninja tai,hiroshi sasagawa
yogiri no ashika ninja tai,noboru ishiguro
yogiri no sazanputon kou,osamu kasai
yogiri no sazanputon kou,hiroshi shidara
yogisha de kita aitsu,yukihiro sawada
yogmangui gyeolsan,im kwon-taek
yogo sareta oashisu,kôichi mashimo
yogo sareta oashisu,seitarô hara
yogo sareta oashisu,mizuho nishikubo
yogore,shinya yamamoto
yogore ta onna - maria,takahisa zeze
yogoreta kaben,genji nakamura
yogoreta maundo,masahiro hosoda
yogosareta madonna,yasuhiro horiuchi
yogoto no mesu-neko,kinya ogawa
yogurt,mark lammerding
yogurt,tara pacheco
yogurt,michael allen hollinger
yogurt adam,sibel kocatas
yogurt gets rocked,silas howard
yogurt vs berrries,gary anthony williams
yoha: all natural latin babe dominated and used in public,princess donna
yohanna alonso,ricardo castella
yohannes and the silver cross,richard gilbert
yohen bijo shuraga no ai,yoshiyuki tomino
yoho: wonder valley,roger blais
yohwa jang huibin,im kwon-taek
yoi no satoyama,kazuhiro furuhashi
yoiyami semareba,akio jissôji
yojigen erebeta,nobutaka nishizawa
yojimbo,ciro nieli
yojimbo,josé luis garci
yojo no jidai,shunichi nagasaki
yok artik,caner özyurtlu
yok devenin basi,yücel uçanoglu
yoka,jef de groot
yokahama mama,gerry chiniquy
yokai dochuki,justin carmical
yokatta ne de yokatta ne,shûji iuchi
yokel boy,joseph santley
yokel boy makes good,walter lantz
yokel chords,mark kirkland
yokel chords,susie dietter
yokel ducks makes good,eddie donnelly
yokel hero,terry hughes
yoki na onna,kiyoshi saeki
yoklugunda,murat onbul
yokmok,stanislaw mozdzenski
yoko,franziska buch
yoko,loren bouchard
yoko oh-no,frank bonner
yoko ono homo,tim russ
yoko ono: bad dancer,benjamin dickinson
yoko said,david steinberg
yokogami-yaburino zenkamono,shigehiro ozawa
yokohama,pawel kuczynski
yokohama cheyenne: onna no shicchi-tai,akiyoshi kimata
yokohama don taku ningyo no yakata,mitsuo murayama
yokohama gangster paradise,yasuomi umetsu
yokohama gangster paradise,takuya igarashi
yokohama girl,hideo onchi
yokohama monogatari,kôyû ohara
yokoso,kris van de sande
yokosuka navy prison,kôsaku yamashita
yokota,hidetoshi ômori
yokozuna nobita,tsutomu shibayama
yoksul,zeki ökten
yoksullar,yavuz figenli
yoku bari karasu to kinka notsuboi,masami annô
yoku: money,kazuki akane
yoku: money,takashi yamazaki
yokubo,kôzaburô yoshimura
yokubou to aisu to purezento,ryuta tasaki
yokus,mehmet can mertoglu
yokusou to densha,hirokazu kai
yol,serif gören
yol,helen shaver
yol ayrimi,yagiz alp akaydin
yol ayrimi: hadi baba gene yap,emre yalgin
yol kavsaginda,yalçin yelence
yol palas cinayeti,osman f. seden
yol palas cinayeti,tunca yönder
yol palas cinayeti,ahmet hossöyler
yola,fernando garcía de la vega
yolanda,george kuchar
yolanda,robert g. vignola
yolanda,susana c. de guzman
yolanda and the thief,vincente minnelli
yolanda furiosa,josé elías moreno
yolanda get your gun,tim russ
yolanda lucha por su vida,josé ángel garcía
yolanda lucha por su vida,antonio serrano
yolanda lucha por su vida,alfredo gurrola
yolanda y su falso secuestro,josé ángel garcía
yolande,pharah
yolanta,vladimir gorikker
yolcu,zafer par
yolcu,basar sabuncu
yolcu,burak çakar
yolculuk,nadim güç
yolculuk,süleyman arda eminçe
yolculuk,bahadir ince
yolculuk var,orhan elmas
yoldaki kedi,can kilcioglu
yolki-palki,sergey nikonenko
yolki 1914,aleksandr karpilovskiy
yolki 1914,yuriy bykov
yolki 1914,timur bekmambetov
yolki 2,levan gabriadze
yolki 2,aleksandr baranov
yolki 2,aleksandr kott
yolki 3,aleksandr kott
yolki 3,aleksandr karpilovskiy
yolki 3,levan gabriadze
yolki 5,timur bekmambetov
yolki 5,aleksandr kott
yolki 5,vadim perelman
yolki 7,aleksandr kott
yolki 7,egor baranov
yolki novye,zhora kryzhovnikov
yollarimiz ayriliyor,nuri akinci
yolo,oliver bokelberg
yolo,mike frank polcino
yolo es la nueva vecina de aris,juan pablo blanco
yolo no acepta que neto sea novio de grecia,juan pablo blanco
yolo pasa la noche con guido,juan pablo blanco
yolo submarine,frédéric molas
yolove,lisa azuelos
yolsuz mehmet,asaf tengiz
yolsuzluk dosyasi,yalçin yelence
yolum sana cikacak,gökçen usta
yolun sonu,jale incekol
yolun sonu,firat dogu parlak
yolun sonu,sadullah celen
yolun sonundaki karanlik,orhan aksoy
yom bachayim,david ofek
yom ha-zikaron,maor zaguri
yom haatzmaut,ofir lobel
yom huledet,uri barbash
yom kippur,alex r. wagner
yom maloosh lazmah,ahmed al-gendy
yom said giddan,peter mimi
yom yom,amos gitai
yoman eretz yisrael,ya'ackov ben-dov
yoman tel-aviv no. 1,chaim halachmi
yomani ha-yakar,yoav tzafir
yome no nedoko: hajishirazuna uzuki,tarô araki
yomega fuchi,rokuhei susukita
yomigaere gacchaman,mizuho nishikubo
yomigaere gacchaman,shin'ya sadamitsu
yomigaere gacchaman,seitarô hara
yomigaere gacchaman,kôichi mashimo
yomigaere goddo fenikkusu,hideo nishimaki
yomigaere goddo fenikkusu,hiroshi sasagawa
yomigaere goddo fenikkusu,noboru ishiguro
yomigaere goddo fenikkusu,fumio kurokawa
yomigaere yoroisenshi tachi yo ...,kazuki akane
yomigaere yoroisenshi tachi yo ...,mamoru hamatsu
yomigaeri,akihiko shiota
yomigaeru daichi,noboru nakamura
yomigaeru densetsu,shin'ya sadamitsu
yomigaeru densetsu,mitsuru hongô
yomigaeru densetsu no mashin seresu,toshiki hirano
yomigaeru densetsu no mashin seresu,masami ôbari
yomigaeru inochi no kagayaki,akitarô daichi
yomigaeru kioku,keiji gotô
yomigaeru kishi michi,masami annô
yomigaeru kishi michi,akira shigino
yomigaeru knagare hajimeru jikanioku,keiji gotô
yomigaeru mozu sono shoutai to wa,eiichirô hasumi
yomigaeru shi ne,masahiro andô
yomigaeru shishi,noriyuki abe
yomigaeru wakusei,tomoharu katsumata
yomigaeru yakusoku,katsuhito akiyama
yomigaeru yusaku: tantei monogatari tokubetsu hen,tôru murakawa
yomigaeru yusaku: tantei monogatari tokubetsu hen,yukihiro sawada
yomigaetta akumu (gohen),kunihiko yuyama
yomigaetta akumu (zenben),junji nishimura
yomigaetta biemi,hiroshi shidara
yomigaetta janbo,kazuya konaka
yomigaetta kodai shachi,masami annô
yomigaetta raibaru,fumio kurokawa
yomigaetta tooi hibi,hiroshi shidara
yomuledet,asaf korman
yon jigen kuzukago,tsutomu shibayama
yon jigen poketto no supea,tsutomu shibayama
yon jigen yashiki ni hisomu wana,noriyuki abe
yon oku go-sen man nen no wana,mamoru oshii
yon oku go-sen man nen no wana,kôji sawai
yon oku go-sen man nen no wana,hiroyuki kitakubo
yona,nir bergman
yona wallach,hagai levi
yona yona penguin,rintarô
yonah ou la nuit sera longue...,claude loubarie
yonaka no yoake,yoshiyuki tomino
yonatan amiran yossi atia,amit itzcar
yonatan and tali,henri schneider
yonder man,leo penn
yonder mountain string band,james burton yockey
yong-pal has returned,park nou-sik
yong-pal: night watchman,park nou-sik
yong heng de ai,shan-hsi ting
yong jie tong xin,sun-fung lee
yong shi wo ai,xiaogang feng
yong yuan de wei xiao,sun-fung lee
yongary,joel hodgson
yongary monster from the deep,kim ki-duk
yongary monster of the deep,john e.l. tenney
yongchun sannian,pengnian ren
yongsaneun sala itda,kim ki-duk
yongyuan de weixiao,cun wu
yonhyakuichigoshitsu,ryuta tasaki
yonhyakumannen - nazo no veil,katsutoshi sasaki
yonin no haha,kôzô saeki
yonin no kizuna,tatsuo satô
yonin no suketchi,harume kosaka
yonin no tenshinhan,daisuke nishio
yonin no tenshinhan,osamu kasai
yoninme zoruda,ryuta tasaki
yonkers,derrell whitt
yononaka uso-darake,tsutomu shibayama
yoo-hoo,james w. horne
yoo-hoo kangaroo,brad case
yoo-hoo mrs. goldberg,aviva kempner
yoo-hoo uranium,jerry hathcock
yoo hoo hollywood,benny rubin
yoo hoo mr. palace guard,rob stewart
yoof projekt,paul meagher
yoole (le sacrifice),moussa sene absa
yoppu sagaseba daikonsen,yoshiyuki tomino
yor: the hunter from the future,antonio margheriti
yor: the hunter from the future review,noah antwiler
yorck,gustav ucicky
yorgos from sotirianika,lefteris xanthopoulos
yorgun,ibrahim tatlises
york harpenden,tristan allen
york state folks,harry jackson
york street 1929,stephan anspichler
yorkshire,klaus wildenhahn
yorkshire imperial on thames,margaret thomson
yorktown,webster campbell
yorktown,michael felts
yorktown,charles guggenheim
yorktown: battle for victory,kevin r. hershberger
yorky,charles marquis warren
yorley enfrenta a antonia,francisco franco alba
yorley y david dejan su casa,francisco franco alba
yorokobi to kanashimi,hiroshi saitô
yoromeki no hi-tai,yûsei takeda
yoroshitsuji,ian sinclair
yoru,kenji mizoguchi
yoru-goto ni nureru onna,mamoru watanabe
yoru hiraku,heinosuke gosho
yoru hiraku midara bana,genji nakamura
yoru made matenai onna,genji nakamura
yoru ni hoeru,masahiro andô
yoru ni wa hahaoya to idaki makura o,shin'ichi watanabe
yoru no akujo,shinji murayama
yoru no bara o kese,toshio masuda
yoru no emmacho,kunio watanabe
yoru no enka: shinobikoi,yasuo furuhata
yoru no hato,tamizô ishida
yoru no hibotan ken no mau,hiroshi shidara
yoru no hibotan ken no mau,tomoharu katsumata
yoru no hyakutai,sôjirô motoki
yoru no kaishinshi,ureo egawa
yoru no kayo shiiriizu: onna no michi,kazuhiko yamaguchi
yoru no kayo: akuto buruusu,ryûichi takamori
yoru no kayo: minato machi buruusu,ryûichi takamori
yoru no kayo: namida goi,buichi saitô
yoru no kiba,umetsugu inoue
yoru no meneko,heinosuke gosho
yoru no mesu - hana no inochi,kenjirô morinaga
yoru no mesu - toshi ue no onna,katsumi nishikawa
yoru no mesuinu,shinji murayama
yoru no nai machi,nobutaka nishizawa
yoru no nikki,kinya ogawa
yoru no okami,kiichirô satô
yoru no ol: kairaku no heya,kan mukai
yoru no otsutome bin,kazuhiro furuhashi
yoru no owari,senkichi taniguchi
yoru no sen hitoki,kaoru umezawa
yoru no sugao,kôzaburô yoshimura
yoru no tadare,shinya yamamoto
yoru no tehaishi,shinji murayama
yoru no tochu,hiroshi ando
yoru no togyo,shigeo tanaka
yoru no warai,kiyohiko ushihara
yoru no yorokobi,kan mukai
yoru o kakete,sujin kim
yoru wa nikui,namio yuasa
yoru wa sen no me o motsu,hiroshi takahashi
yosakoi journey,masaharu segawa
yosef drenters,allan king
yosef drenters,norman sedawie
yosei monogatari,kazuya konaka
yosemite,oliver goetzl
yosemite,chris turner
yosemite death climb,peter mortimer
yosemite national park and big trees of california,j. searle dawley
yosemite: the fate of heaven,jon else
yoshi (nes),mike matei
yoshida goten,shôzô makino
yoshida palace,shichinosuke oshimoto
yoshida to sanpei monogatari: ohanake no sekai,kajirô yamamoto
yoshido (les autres vies),sébastien betbeder
yoshii cinemas,kenji uchida
yoshinaka saigo,rintarô mayuzumi
yoshioka taisa,genjirô saegusa
yoshitsune sembon zakura,jirô yoshino
yoshiwara,max ophüls
yoshiwara die liebesstadt der japaner,arthur bergen
yoshiwara story,kazuo mori
yoshlochka,sasha poberailo
yosif i mariya,milen nikolov
yosma,orhan elmas
yosma,ülkü erakalin
yosma,ülkü erakalin
yosmanin kizi,nisan hançeryan
yosoji jukujo: sei shori wa himitsu,tetsuya takehora
yosoji no mitsu tsubo: otoko suki na nikutai,tarô araki
yossi,eytan fox
yot sarits ayn koghm,arnold agababov
yota ga kureta fuku o kite hajimete deto shita kinenbi,mizuho nishikubo
yotama se va volando,luis armando roche
yotamono to endan,hiromasa nomura
yotamono to geisha,hiromasa nomura
yotamono to hanayome,hiromasa nomura
yotamono to kaisuiyoku,hiromasa nomura
yotamono to komachimusume,hiromasa nomura
yotamono to kyakusenbi,hiromasa nomura
yotchan inu ni naru,nobutaka nishizawa
yothu yindi: one blood,hannes rossacher
yothu yindi: one blood,rudi dolezal
yoto muramasa,shiroku nagao
yotogi,gou suzuki
yotsuba no clover,keiichi hara
yotsugi doll part 1,yukihiro miyamoto
yotsugi doll part 1,akiyuki shinbô
yotsugi doll part 2,akiyuki shinbô
yotsugi doll part 2,yukihiro miyamoto
yotsugi doll part 3,yukihiro miyamoto
yotsugi doll part 3,akiyuki shinbô
yotsugi doll part 4,akiyuki shinbô
yotsugi doll part 4,yukihiro miyamoto
yotsuya kaidan,shirô nakagawa
yotsuya kaidan,jirô yoshino
yotsuya kaidan,kenji misumi
yotsuya kaidan,shôzô makino
yotsuya kaidan,takuji furumi
yotsuya kaidan: zenpen,kiichirô satô
yotsuya nana fushigi,jirô yoshino
yottsu no kekkon,nobuo aoyagi
yottsu no koi no monogatari,katsumi nishikawa
you,ping li
you,harold m. shaw
you,melora hardin
you,paul hunt
you,robin jacob
you,istván szabó
you accidentally sent a drunk sext to your dad,katie featherston
you again,martha byrne
you again,johnny soto
you again cast fight,lp
you aint kickin nothin,joey allen
you aint nothing in this town without a shopping cart,david michael katz
you almost saw me,ryan henry knight
you already know,mareo-ahmir lawson
you also have a pizza,allison anders
you also have emerald eyes,akitarô daichi
you always hurt the one you love,thomas schlamme
you always hurt the one you love,gary menteer
you always love the one you hurt,jim drake
you always remember at the weirdest time,thomas sanders
you and i,luke a. mckay
you and i,roland joffé
you and i,ahmed badrakhan
you and i,wolfgang liebeneiner
you and i are bound b m,kunihiko ikuhara
you and i know,bill bixby
you and me,eric tsang
you and me,larisa shepitko
you and me,natalie sifferman
you and me,gerren hall
you and me,kim mills
you and me,josh kloss
you and me,claire marshall
you and me,julie lopes-curval
you and me,fabio mucci
you and me,david carradine
you and me,fritz lang
you and me and him,barry hanson
you and me and the gatepost,delbert mann
you and me in the desert,ari stidham
you and me now,lukas disparrow
you and me pov,michael stefano
you and the railways: footboard travel,govind saraiya
you and the whole,danial hajibarat
you and your big shrunken head,richard l. bare
you and your family,george blake
you and your friends,george blake
you and your old german,brian mills
you animal,igor kovalyov
you are a bad person,yeo-song moon
you are a genius,shareef mcintosh
you are a miserable excuse for a hero,phil claydon
you are a terrorist,toni aharon
you are a woman,kang dae-jin
you are all going to die,carole montgomery
you are alone,gorman bechard
you are always in my mind,aldo grimaldi
you are cordially not invited,hal cooper
you are cordially required,michael katleman
you are everywhere,ben garchar
you are free,mohammad ali talebi
you are god,leszek dawid
you are going to explode,tayler vee robinson
you are guilty,edgar lewis
you are here,ismo kiesiläinen
you are here,ernest r. dickerson
you are here,john birkin
you are here,erin e. macmillan
you are like the sun,eduardo sánchez
you are me,dinah manoff
you are mine,ishmael bernal
you are mine - rhythm tribe generations part 2,thomas guzman-sanchez
you are more than beautiful,kim tae-yong
you are my courage,ming zhang chen
you are my destiny,eric tsang
you are my friend,petra lataster-czisch
you are my hero,tobias bilgeri
you are my life,mohamed salman
you are my sanctuary,jo soo-won
you are my sunshine,bobby del rio
you are my sunshine,paul shapiro
you are my sunshine,park jin-pyo
you are my sunshine my only sunshine,frank bonner
you are my valentine,narugopal mandal
you are never alone,anthony singleton
you are never alone,dex franco
you are not alone,ernst johansen
you are not alone,tanya wexler
you are not alone,derek mungor
you are not alone,stanley bennett clay
you are not alone,lasse nielsen
you are not alone,cory michael dawson
you are not frank sinatra,mike mcshane
you are not here,nobuhiro doi
you are not i,sara driver
you are not safe,reed morano
you are not that girl anymore,ti west
you are not your mind,ione butler
you are on indian land,mort ransen
you are overreacting,karina paciorkowska
you are rad,toby jones
you are responsible for your own death,akiyuki shinbô
you are so beautiful,asaad kelada
you are so sue-able to me,roger christiansen
you are so undead,alex epstein
you are the apple of my eye,giddens ko
you are the captain,dan samiljan
you are the one,cathy garcia-sampana
you are the princess,osamu nabeshima
you are the product,john green
you are the sunroom of my life,marshall jay kaplan
you are the wind beneath my wings man,phill lewis
you are there,anna kazejak
you are too aware,naor zion
you are welcome sirs to cyprus,richard gilbert
you are what i want,brian jordan alvarez
you are what you date,rod daniel
you are what you eat,neil affleck
you are what you eat,julie ann emery
you are what you eat,barry feinstein
you are what you eat,gerald potterton
you are what you wear,don coutts
you are who you eat,bruce seth green
you are wonderful,lydia shum
you are wonderful,heung-kam lee
you are young only once,frank wisbar
you are your only limit,sean gleeson
you ask duggars answer,sean overbeeke
you asked for it,kari juusonen
you asked me to wait,gregoris rentis
you babe,mimi leder
you be the bad guy,richard goode
you beauty,oliver lee
you becoming you,adam davidson
you belfast,thomas james scott
you belong to me,e.l. katz
you belong to me,wesley ruggles
you belong to me,alfred l. werker
you belong to me,jeremy silberston
you belong to me,jessica yu
you bet,will mackenzie
you bet,sky wang
you bet your ass,bruce seven
you bet your buns,john t. bone
you bet your career,rosie perez
you bet your career,terri mccoy
you bet your life,nancy malone
you bet your life,howard storm
you bet your life,antonin svoboda
you bet your life,james o'keefe
you bet your life,howard storm
you bet your life,john whitesell
you bet your life,adam bernstein
you bet your life,richard boden
you bet your life,bill foster
you bet your life,ian toynton
you bet your life,dwight h. little
you bet your life,chuck vinson
you bet your life,elodie keene
you bet your life,mario avila
you bet your planet,ray patterson
you bet your relationship,steve zuckerman
you bet your wife,mark warren
you bet your won ton,coby ruskin
you beta your life,mark tinker
you betcha,james burrows
you bette your life,dorothy lyman
you better shop around: part 1,linda day
you better shop around: part 2,linda day
you better watch out,linda day
you better watch out,tony wharmby
you better watch out,chip fields
you big dummy,tyler perry
you booze you lose,fred savage
you break my heart,allison liddi-brown
you bring the ducks,hal yates
you broke my heart,charles novia
you broke my heart 2,charles novia
you brought a new kind of love to me,joel zwick
you call it madness,duke goldstone
you call it madness,alfred j. goulding
you call yourself a fan - linkin park fans,andy dick
you called me,sky hirschkron
you called me jacky,pipilotti rist
you came along,john farrow
you came back,stefano mordini
you came out from nothing...,mike newell
you came out of my pee pee,vince russo
you came to my rescue,dave fleischer
you came too late,maria plyta
you can always find a fall guy,ray austin
you can always trust your vaganya,ryan case
you can be a star too,lee jang-ho
you can be had,sam newfield
you can be me,sara mornell
you can be what you want to be,josh selig
you can bet your boots and saddles,roy mack
you can call me johnson,christian i. nyby ii
you can call me nick,nicholas sgarro
you can change the world,leo mccarey
you can choose your friends,jim goddard
you can choose your friends,douglas moodie
you can choose your friends,bob hird
you can count on me,kenneth lonergan
you can crack a safe with liquid nitrogen,jonathan haug
you can crack a safe with liquid nitrogen,michael j. miller
you can do anything,ahmed best
you can fight city hall,sheldon leonard
you can fight city hall,gene reynolds
you can get killed out there,louis brandt
you can go a long way,donald wilder
you can go home again,oz scott
you can go home again,peter moffatt
you can go home again,robert moore
you can go home again,jeff mccracken
you can go home now,jack bender
you can have him,john milhiser
you can have your cake and eat it too,adam christie
you can have your say,david muir
you can heal your life,michael a. goorjian
you can hear dating,paul mckeown
you can hear during sex,paul mckeown
you can hear the nursery songs,shintarô katsu
you can hear this: music video,justin carmical
you can keep the medal,guy verney
you can lead a horse to water,james neilson
you can leave the lights on,ted wass
you can leda girl to pussy,david wellington
you can look it up,frank telford
you can make a new beginning even with your final breath,peter hammond
you can never resist,thomas sanders
you can not bring ruin to my home,kani kipçak
you can only buy once,christopher hodson
you can pick your friends...,melanie mayron
you can play,anders helde
you can prevent burns,shyam benegal
you can really change your life,don white
you can run,nick gomez
you can run,allan king
you can run,dennis overeem
you can say to a cop,paul mckeown
you can see the stars,david wellington
you can succeed too,eizô sugawa
you can take the boy out of the country but...,richard kinon
you can thank me later,shimon dotan
you can trust a moaner,ian dalgleish
you cannot do without it,mikhail botov
you cannot hide from allah,petr lom
you carry me,ivona juka
you caused it,mervyn cumming
you certainly are a big boy,jay sandrich
you changed my life,cathy garcia-sampana
you choose,paul mccrane
you chose wisely,neal e. fischer
you compete me,asaad kelada
you confuse me with somebody else beautifuls,khosrow parvizi
you copied,mike milo
you could be happy,jay diaz
you could die laughing,herman hoffman
you could split it,glenn gt taylor
you cruise you lose,michael lembeck
you cut new bangs but life still sucks,katie featherston
you da bomb,jenn barlow
you debt your life,brent woods
you debt your life,ron hughart
you decide,pete chatmon
you decide,rené bonnière
you decide,james widdoes
you deserve a break today,alan myerson
you deserve everything,goran stolevski
you deserve it,scot weaver
you devilish cads,thomas sanders
you did this,yaroslav altunin
you did your best,shin won-ho
you dirty rat,noam pitlik
you dirty rat,virgil l. fabian
you disappear,peter schønau fog
you disturb me,roberto benigni
you do know what the lollipop is for,james widdoes
you do something to me,christian dines
you do voodoo,steve zuckerman
you dreamt you were happy,ivana skrabalo
you drive,john brahm
you drive me crazy,hal yates
you dropped a mom on me,joe regalbuto
you elvis me monroe,lothar lambert
you felt too good,pierre edwards
you find it everywhere,charles horan
you find the best deals if you look for them,thomas sanders
you fish or you cut bait,allen reisner
you fly,ahmed al-gendy
you for me,don weis
you for me,mona nahm
you forgot your bra,april washko
you forgot your floaties,andres salaff
you found me,eric kripke
you fu zhi fu,pingqian li
you get me,toby jones
you get no respect,james a. contner
you get what you need,chad lowe
you get what you need,jean-marc vallée
you get what you need,stuart j. parkins
you get what you pay for,richard kaplan
you get what you pay for,princess donna
you get what you pay for,jerry paris
you give lunch a bad name,richard correll
you give real estate a bad name,michael lembeck
you go ahead,govinda van maele
you go girl,sean michaels
you go girl,john bowab
you go to my head,roman coppola
you go to my head,jerry london
you go to my head,dimitri de clercq
you go your way,charles barton
you going around me,osamu yamasaki
you going to die,eddie nilsson
you gone learn today...,reagan gomez-preston
you got a problem...,charles mandracchia
you got schooled,heather martinez
you got served,linda mendoza
you got the chills,linda mendoza
you got this,ryan moore
you got this,kevin otos
you got to have heart,james hayman
you got to have luck,robert stevens
you got to swing,louis alvarez
you got your prom date pregnant,ed bianchi
you got your sweat on me,jason sands
you gotta be a football hero,dave fleischer
you gotta be a football hero,matthew diamond
you gotta be miserable to be happy,sheldon leonard
you gotta be tough,owen benjamin
you gotta believe (in moderation),wesley archer
you gotta believe (in moderation),yvette kaplan
you gotta believe me,kevin reynolds
you gotta go there to come back,keith samples
you gotta go there to come back,jonathan healey
you gotta have art,gerren keith
you gotta have charm,william a. seiter
you gotta have class,george tyne
you gotta have friends,joel zwick
you gotta have friends,ian toynton
you gotta have friends,tom braidwood
you gotta have hart,tony mordente
you gotta have heart,leslie h. martinson
you gotta have heart,gilbert m. shilton
you gotta have heart,tim hunter
you gotta have heart,sheldon leonard
you gotta have hope,terry hughes
you gotta have hoyt,bob lahendro
you gotta have soul,charles r. rondeau
you gotta hustle,sam friedlander
you gotta hustle,mark feuerstein
you gotta lose this job,steve zuckerman
you gotta serve somebody,john wilson
you gotta start somewhere,william p. d'angelo
you gotta stay happy,h.c. potter
you gotta vote,josh faure-brac
you guys i think i went too far,thomas sanders
you had an option sir,james allodi
you had me at halloween,matt j. wilson
you had me at hello,naor zion
you had me at she: kon,joseph lazare
you had to be there,james hampton
you have 0 friends,trey parker
you have a crimp line,bree essrig
you have a problem,lena tsodykovskaya
you have a purpose,devon werkheiser
you have been listening to radio paradise,bill hitchcock
you have chosen,jason sands
you have crippling resistance towards everything,katie featherston
you have enjoyed the sweets - now you must suffer the sours,paul annett
you have finally realized it,kunihiko ikuhara
you have just been murdered,robert asher
you have no idea how much i love you,pawel lozinski
you have saved this city,james bamford
you have talent - we want it,gerald blake
you have the right to remain jolly,rick wallace
you have the right to remain silent,zalman king
you have the right to remain violent,roberto monticello
you have to believe,michael easterling
you have to care,toby jones
you have to draw the line somewhere,toby robertson
you have to go,geeta vasant patel
you have to help me with this,william branden blinn
you have to know someone to be unknown,jerrold bernstein
you have to laugh,anthony parker
you have to let go,ali leroi
you have to lose sometimes,josh greenbaum
you have to run fast,edward l. cahn
you have until tomorrow,wlodzimierz haupe
you help me again,ping li
you hit the spot,george templeton
you hua zu he,da ying
you hung the moon,jeffrey g. hunt
you huo,yao-chi chen
you huo,ching doe
you hurt my heart,loukia rikaki
you i love,olga stolpovskaja
you i see,cato manuel lizaraso ekrene
you in your small corner,claude whatham
you jian chun tian,hsing lee
you jump i jump jack,kenny ortega
you just be my mother,roqiye tavakoli
you just get used to it,larysa kondracki
you just know,bruce mcdonald
you just need to look forward,kônosuke uda
you just walk away,david askey
you keep an eye on us,arkadiusz biedrzycki
you keep using that word,matt hullum
you keep using that word,burnie burns
you kent always say what you want,mark kirkland
you kent always say what you want,matthew nastuk
you kill me,derwin abrahams
you kill me,john dahl
you killed me first,richard kern
you killed my mother,curtis crawford
you know how i love puzzles,don roos
you know john,massimo coppola
you know john,giovanni giommi
you know me,lazarus x
you know what i mean,wilfred lucas
you know what i mean,bess meredyth
you know what sailors are,ken annakin
you know what sailors are,maurice elvey
you know what you did,jason sands
you know where i am,alber ponte
you know who your friends are,john howard davies
you laugh,paolo taviani
you laugh,vittorio taviani
you learn something new every day,lisa simon
you leave me breathless,dave fleischer
you lie so deep my love,david lowell rich
you lie to me too,rodrigo garcía
you lied to me,darrol blake
you lied to my face,sanford bookstaver
you life and everything,david sipos
you light up my life,joseph brooks
you light up my union,kevin tracy
you light up my wife,david cameron
you like buffy better,charles barton
you like rap,j.w. cox
you ling wang zi,chi lo
you listen when she speaks up,nidhi purohit joshi
you little devil,joey lawrence
you live and learn,arthur b. woods
you live on a boat,darrell roodt
you long xi feng,huang tang
you long xi feng,chun yen
you look and you think,ben woodiwiss
you look good naked,sean michael beyer
you look just like your mother,jason w. schaver
you look kinda dead,paul furminger
you look like a chubby gazelle when you run,katie featherston
you look nothing like your bitmoji,zack evans
you lose,brian grant
you lose i win,victoria hochberg
you lose some you win some,james gatward
you lost another almost relationship,katie featherston
you lost me with the cinderblock,allan arkush
you love me too,anja franke
you love me too,dani levy
you love me too,helmut berger
you love only once,rajko grlic
you lucky dog,john bradshaw
you lyft me up,ingeborg c. humphrey
you made her love you,charlotte brown
you made me,larry leichliter
you made me do this,nick gomez
you made me kill you,leo penn
you made me love you,monty banks
you made santa gulp his porridge,aleksander nordaas
you make me feel so young,june howson
you make me feel so young,david askey
you make me feel so young,david askey
you make me need rylee.,tosca musk
you make me nervous,domenico a. galloro
you make me relevant,vince russo
you make me sick,victoria hochberg
you make me wanna drought,alex fernie
you make the call,anthony caleca
you make us q,jos van geel
you may kick the bride,gail mancuso
you may not kiss the bride,rob hedden
you may now kill the bride,eagle egilsson
you may now kiss the... uh... guy who receives,pete michels
you may now kiss the... uh... guy who receives,dominic polcino
you may now punch the bride,nash bozard
you me and a monster of the sea,derek filiatrault
you me and captain longbridge,kenny doughty
you me and dupree,anthony russo
you me and dupree,joe russo
you me and fifi,paul rudish
you me and fifi,eddie trigueros
you me and him,daisy aitkens
you me and my mouth,xev bellringer
you me and the previous war,ami tir
you me at six,hannes rossacher
you me him and them,bernard chauly
you me jerusalem,michel khleifi
you me them,roy karch
you mean the world to me,teong hin saw
you meet all sorts,philip dudley
you might be a cylon,rudy jahchan
you might be the killer,brett simmons
you might get hurt jocasta,douglas camfield
you missed sonja,félix koch
you move you die,ketzal sterling
you murderer,robert zemeckis
you must be artificial,chris k. daniels
you must be brave pinocchio,hideo nishimaki
you must be your own policemen,s. sukhdev
you must believe all this,richard bramall
you must change your life,annie griffin
you must get married,leslie pearce
you must have showers,peter frazer-jones
you must remember this,sydney lotterby
you must remember this,jessica yu
you must remember this,art dielhenn
you must remember this,helaine head
you must remember this....,sydney lotterby
you must remember this: the warner bros. story - part 1,richard schickel
you must(ang) remember this,jim drake
you my love,arturo correa
you need hands,peter frazer-jones
you need hands,ian sharp
you need treatment,maksim sveshnikov
you never can taillow,kunihiko yuyama
you never can tell,adam nimoy
you never can tell,chester m. franklin
you never can tell,david boisseau
you never can tell,lou breslow
you never can tell,james cellan jones
you never can tell,norval macgregor
you never can tell till you try,ian fordyce
you never can win,henry bromell
you never give me my money,roger christiansen
you never give me your money,graeme harper
you never had it so good,james sheldon
you never know,michael cuesta
you never know,robert ensminger
you never know,david kyle eisenhauer
you never know,monte merrick
you never know do you,tim burstall
you never know how much good you do,lucas mcgraw
you never know women,william a. wellman
you never know your luck,frank powell
you never saw such a girl,robert g. vignola
you ni mei ni,po-chih leong
you no longer felt human anymore,thomas kutschker
you nu chu zhang cheng,fong pau
you nu chu zhang cheng,jingbo chen
you nu huaichun,xiaodan tang
you obviously like owls,nash bozard
you only better...,april shih
you only die once,lucy rose
you only die once,arthur hiller
you only die once,j. michael muro
you only die twice,scott rhodes
you only die twice,bruce bilson
you only hurt the one you love,jay sandrich
you only live once,fritz lang
you only live once,r.j. cutler
you only live twice,richard boden
you only live twice,lewis gilbert
you only live twice review,calvin dyson
you only live twice review,calvin dyson
you only live until you die,rolfe kanefsky
you only love once,dirk sanders
you only loved me twice,ryan pickett
you only run once,felix e. feist
you only you,karl anton
you opened the door,david katzenberg
you or a loved one,matt mercer
you or i,joseph marzano
you or i,saidi balogun
you otter know,sylvia keulen
you ought to be in pictures,friz freleng
you ought to be in pictures,richard l. bare
you ought to be in pictures,jerry paris
you oughta be in pictures,charles nichols
you oughta be in pictures,bruce bilson
you oughta be in pictures,joel zwick
you oughta be in pictures,pascal morelli
you oughta be in pictures,alan rafkin
you oughta be in prison,kim manners
you owe me a unicorn,jason ensler
you owe me one,hollingsworth morse
you owe me one,carlos cuarón
you pay your money,maclean rogers
you pays your money,earl bellamy
you pays your money...,ian curteis
you people,kelly schwarze
you people,sean gleeson
you pet it you bought it,joel zwick
you picked a winner.,don roos
you play the red and the black comes up,derek bennett
you play too much,gerren keith
you probably think this song is about you,ted wass
you promised,leia everett
you promised me a celebrity,ian tracey
you qing ren,kim chun
you really fucked me back there.,adam tomei
you really got a hold on me,nzingha stewart
you really got a hold on me,sarah hellings
you really got me,julien temple
you really got me,allan arkush
you regatta be kidding me,keith oliver
you regatta be kidding me,keith oliver
you remember ellen,sidney olcott
you remember joe maddox,george mccowan
you remind me of someone,cyril coke
you rock my world,shunsuke okubo
you rule,rodrigo garcía
you said a mouseful,seymour kneitel
you said a mouthful,lloyd bacon
you said a mouthful,lance heywood
you said goodbye,walter nudo
you said it sailor,jo van ronkel
you saved my life,jack donohue
you say goodbye i say hello,salim akil
you say goodbye i say hello,george bloomfield
you say goodbye i say hello,michael lange
you say hello,lovell holder
you say potatoe i say potato: part 1,peter bonerz
you say potatoe i say potato: part 2,peter bonerz
you say tomata i say spasbia,paul c. babin
you say tomato,will hines
you say you want a revolution,melissa jo peltier
you say you want a revolution,tate donovan
you scratched my car,laurent boulanger
you see the moon,miguel nunes
you see the thing is...,herbert wise
you seem to be plotting something,masahiro andô
you sha mao pei,fung wong
you shall go to the ball,martin shardlow
you shall not pass,leo lungaro
you shi feng qi shi,feng-pan yao
you shi huang hun,dao yang
you shine in the moonlight,sho tsukikawa
you shmooze you lose,brent butt
you shoot i shoot,ho-cheung pang
you should have got here sooner,piers haggard
you should have left,david koepp
you should have read the fine print,darrell roodt
you should hear me eat soup,patrick dromgoole
you should know jack,robert david cochrane
you should meet my sister,oscar rudolph
you should never tell,tian boothe
you should value love,sergei sploshnov
you shoulda seen my daddy,mel damski
you slav you lose,felix kjellberg
you slay me,asaad kelada
you smell like soap,dave miller
you snooze you bruise,jay chandrasekhar
you snooze you lose,alexander gorelick
you snooze you lose,david dozoretz
you sometimes fall in love with closeted gay men,katie featherston
you sometimes get rich,everett chambers
you sometimes hurt the one you hate,jackie cooper
you start winning...,mike newell
you steal my eyes,irvin kershner
you stole my heart,rob stewart
you stole my tango,martin deluca
you suck,tekin girgin
you sweat your life,tad stones
you sweat your life,alan zaslove
you take ballistics,john brahm
you take the high road,john florea
you talk too much,harry thomason
you talk too much,john black
you taste american,john greyson
you tell about me,mahur özmen
you tell her,sean mcnamara
you tell me,joshua cary
you tell me,michael mcdonald
you the human animal,les clark
you the living,roy andersson
you the people,roy rowland
you think you know somebody,nick gomez
you think you know someone,giovanni anthony silva
you thought the pope was something,randal kleiser
you told me you love me,rudolf thome
you too,carlo j. barbieri iii
you too can be a detective,sigmund neufeld jr.
you too can change the world,david sullivan proudfoot
you too can have a body,henry kendall
you took advantage of me,bernard l. kowalski
you took the words right out of my heart,dave fleischer
you took the words right out of my tape,hal sutherland
you try somebody else,dave fleischer
you try to be a nice guy,jay sandrich
you turned the tables on me,reza badiyi
you two keep your little secret,antonio lexerot
you two must go now,nicholas prosser
you vs. me,george tyne
you wanna be a hero get yourself a white horse,roland joffé
you wanna roll with this,jeffrey blitz
you want a clockwork nightingale,paul ciappessoni
you want a fairy tale,lazarus x
you want something,allen curtis
you want the lot fees suck them out of the tip of my cock,cory bowles
you want to bet,roger m. bobb
you wanted all the power,kinnik sky
you wash,anthony parker
you wear contacts now,antonio lexerot
you wear it well,hannes rossacher
you wear it well,simon witter
you went away too far,david aylott
you went away too far,e.f. symmons
you wept over my end,takao nagaishi
you were his little monkey,timothy busfield
you were meant for me,charles s. dubin
you were meant for me,lloyd bacon
you were my friend,ross carroll
you were never duckier,chuck jones
you were never lovelier,william a. seiter
you were never really here,lynne ramsay
you were never really here,roberto leoni
you were never uglier,jules white
you were perfectly fine,karl geary
you were perfectly fine,josiah signor
you were right and i was...,will mackenzie
you were so great in this scene,anthony arkin
you will be found,thomas sanders
you will be gutted,larry teng
you will be my son,gilles legrand
you will be my wife,carl boese
you will be my wife,heinz hille
you will be my wife,serge de poligny
you will cum whether you like it or not,xev bellringer
you will find me,julie plec
you will fuck me,xev bellringer
you will go to the ball manny cohen,ronnie baxter
you will hurt him,sanford bookstaver
you will love this game - spewer,mark fischbach
you will meet a tall dark stranger,woody allen
you will not escape,michael lange
you will remember,jack raymond
you will to the birth cry of the end,jun'ichi satô
you win live,rich cronin
you win some you use some,mark cendrowski
you wish,mark tinker
you wo jiu you ni,chia-chang liu
you wont feel a thing,david askey
you worry too much charlie: part 1,timothy combe
you worry too much charlie: part 2,timothy combe
you would cry too if it happened to you,tony mordente
you wreck me,jamie babbit
you write better than you play: the best of frank deford,neil leifer
you wrote a book now what,carolyn johnston
you xi ren jian,tian-lin wang
you xia yi quan,chiang nan
you your pets and neighbours,rhonda small
you your yours,daigo matsui
you yuan,hu sang
you zapped to...,kôichi chigira
you(no)tube,enrico ghezzi
youbloom: streets of la,lisandro negromanti
youcef,mohamed chouikh
youchi soga,shirô nakagawa
youcube,tamra davis
youdamari no yakusoku,jun'ichi satô
youja teiou no shisha,mamoru hamatsu
youjinbou,tsutomu shibayama
youjo melon,masayuki kusumi
youkali,oswaldo díaz medina
youkosa keisatsu e,hiroshi fukutomi
youm el-ahad el-damy,niazi mostafa
youm el-ethneen,tamer el said
youm el karama,ali abdel-khalek
youm har giddan,mohamed khan
youmud din,nick gomez
younes bokst,simone van dusseldorp
young-gu and count dracula,hyung-rae shim
young-gu and princess zzu-zzu,hyung-rae shim
young adam,david mackenzie
young adult,jay chandrasekhar
young adult,ishu krishna
young adult,jason reitman
young adult,jake yuzna
young adult support service,kristof kannegiesser
young again,roger lim
young again,steven hilliard stern
young ahmed,luc dardenne
young ahmed,jean-pierre dardenne
young alan,david schwartz
young america,louis king
young america,arthur berthelet
young america,frank borzage
young america flies,b. reeves eason
young american dream,roger lim
young americans,alexander grasshoff
young and adventurous,greg lansky
young and anal 2,paul norman
young and attractive,chris mccaleb
young and beautiful,will jason
young and beautiful,joseph santley
young and beautiful intern sodomized by her boss,greg lansky
young and dangerous,william f. claxton
young and dangerous,wai keung lau
young and dangerous 1997,wai keung lau
young and dangerous 2,wai keung lau
young and dangerous 3,wai keung lau
young and dangerous 5,wai keung lau
young and dumb,al st. john
young and free,keith larsen
young and handsome: a night with jeff garlin,bob odenkirk
young and healthy,rudolf ising
young and healthy,richard massingham
young and healthy as a rose,jovan jovanovic
young and horny budapest amateurs,zenza raggi
young and in love,william d. russell
young and innocent,alfred hitchcock
young and innocent,hal freeman
young and lovable,xiaofeng hu
young and old,christiaan neu
young and on fire,bethany rooney
young and rich sluts,michel ricaud
young and shingle,terry green
young and the restless,ted wass
young and thirsty,jon dough
young and thirsty,dion giarrusso
young and vulnerable,craig gardner
young and wild,william witney
young and wild,felix maxim eller
young and willing,j. lee thompson
young and willing,edward h. griffith
young and willing,ralph thomas
young andersen,rumle hammerich
young andy jackson,robert stevenson
young angel,panna rittikrai
young aphrodites,nikos koundouros
young april,donald crisp
young artists of america: the songs of tim rice,hugh wooldridge
young as they cum 10,andre madness
young as they cum 11,andre madness
young as they cum 12,andre madness
young as they cum 2,andre madness
young as they cum 21,mario rossi
young as they cum 4,andre madness
young as they cum 6,andre madness
young as they cum 7,andre madness
young as they cum 7,brandon iron
young as they cum 8,andre madness
young as they cum 9,andre madness
young as you feel,frank borzage
young as you feel,malcolm st. clair
young asian cookies dripping cum 2,t.t. boy
young asian cookies dripping cum 3,t.t. boy
young asian cookies dripping cum 6,t.t. boy
young asian cookies dripping cum 7,t.t. boy
young asian cuties 3,glenn baren
young asian cuties 4,glenn baren
young assistant fucked in the ass,greg lansky
young at heart,frank satenstein
young at heart,tom trbovich
young at heart,sue marx
young at heart,michael lange
young at heart,allan arkush
young at heart,david butler
young at heart,les chatfield
young at heart,brad armstrong
young at heart,james hampton
young at heart,peter bonerz
young at heart,fletcher markle
young at heart,gordon douglas
young at heart,richard boden
young at heart,mat king
young at heart: grandma cheerleader,li-chou yang
young at hearts,don campbell
young babysitter sodomized by boss,greg lansky
young ballerina explores anal sex with her teacher,greg lansky
young barefoot workout,john summers
young beautiful and dead,michael lange
young beautiful and screwed up,igor sekulic
young beauty is in trouble,greg lansky
young bess,george sidney
young big tits,miles long
young bill hickok,joseph kane
young billy young,burt kennedy
young birds fly,leonardo flores
young black and on the way up,tianna banton
young black male,m.h. murray
young blades,mario andreacchio
young blood,kurt skalden
young blood,leslie goodwins
young blood,ivar johansson
young blood,william f. claxton
young blood,phil rosen
young blood,matthew bellamy
young blood fresh meat,david decoteau
young bloods,miguel sapochnik
young boss,kazuo ikehiro
young boss: overcoming adversity,akira inoue
young boss: prison release,kazuo ikehiro
young breasts,seijun suzuki
young breasts ii,seijun suzuki
young bride,william a. seiter
young briton foils the enemy,f. martin thornton
young buck,simon wincer
young buffalo bill,joseph kane
young bung,ariana jollee
young bung 2,ariana jollee
young bung 3,ariana jollee
young buns,ariana jollee
young cassidy,jack cardiff
young catherine,michael anderson
young chicks who drink dicks 2,stoney curtis
young chicks who drink dicks 3,stoney curtis
young chileans heat up,abraham alfonso brown
young chiquitas costa rica,inari vachs
young chopin,aleksander ford
young citizen patriots: young kid ambassadors,tom logan
young college girl loves anal,greg lansky
young couples only,richard irving
young cummers,pat myne
young cummers 2,pat myne
young cummers 3,pat myne
young cummers 4,pat myne
young daniel boone,reginald le borg
young daughter of god,joel trussell
young david,robert lynn
young death,abra chouinard
young desire,lewis d. collins
young detective dee: rise of the sea dragon,hark tsui
young dillinger,terry o. morse
young doctor sam,justin herman
young doctors in heat,anson williams
young doctors in love,garry marshall
young dr. freud,david grubin
young dr. freud,axel corti
young dr. kildare,harold s. bucquet
young dr. weinstein,james burrows
young dracula,david nutter
young dragons: kung fu kids,mei-chun chang
young dragons: kung fu kids iii,fu-ti lin
young dragons: kung fu kids iv,peng-yi chang
young drifters,hideaki anno
young drifters,shinji higuchi
young dumb and full of gums,dave willis
young dynamite,leslie goodwins
young eagles,william a. wellman
young eagles,vin moore
young einstein,yahoo serious
young excitement,ayumu watanabe
young fairies grow up,iginio straffi
young fantasies,greg lansky
young fantasies 2,greg lansky
young felecia,jon dough
young felecia,kelly holland
young felecia,chi chi larue
young felecia,jay ashley
young fellas,juan cuba
young forever,stefan brogren
young frankenstein,mel brooks
young frankenstein,james rolfe
young frankenstein,cameron mccasland
young fresh meat,michael stefano
young freud in gaza,suzanne khardalian
young freud in gaza,per-åke holmquist
young fucking bitches,martin del toro
young fugitives,john rawlins
young fury,christian nyby
young genius,j.d. mckee
young gentlemen,robert adely
young girl in an apple tree,peter godfrey
young girls do,alex sanders
young girls do,bob vosse
young girls do 1: troublemakers,alex sanders
young girls do 2: sweet meat,alex sanders
young girls in black,jean-paul civeyrac
young girls in bondage,katrina rexford
young girls in love,kazuki ômori
young girls in tight jeans,gerard damiano
young girls next door,andre madness
young girls next door 2,andre madness
young girls of good families,pierre montazel
young gladiators,john summers
young gods,blue blake
young gods,jukka-pekka siili
young griffo v. battling charles barnett,otway latham
young gun,walter grauman
young gun,frank mcdonald
young gun,lamont johnson
young guns,christopher cain
young guns,peter mortimer
young guns,reece dunn
young guns,aku louhimies
young guns,nic phillips
young guns,nick rosen
young guns,mark cendrowski
young guns,chris steele
young guns 2,miles long
young guns ii,geoff murphy
young guns of texas,maury dexter
young guy christian,stuart margolin
young guy seeks part-time work,john glenister
young harry houdini,james orr
young hearts,tony mordente
young hearts,zachary ray sherman
young hearts,charles huguenot van der linden
young hearts die young,shane cole
young hearts spark fire,mel damski
young hearts unlimited,don e. fauntleroy
young hero of shaolin,yang-ming tsai
young heroes,alexander freeman
young hollywood,jason sands
young hollywood,robert thornby
young hollywood,carlos batts
young hollywood - die traumfabrik erfindet sich neu,eckhart schmidt
young homeless and fighting back,duncan staff
young hopefuls,jack eaton
young hot and horny girls,randy west
young hot and horny girls 2,randy west
young hung and horny,michael zen
young hung and horny,paul barresi
young husbands,mauro bolognini
young hyacinth,sandy johnson
young ice,derek hallquist
young ideas,jules dassin
young ideas,reggie morris
young ideas,wray bartlett physioc
young ideas,robert f. hill
young ignoramus,vitali ivanov
young ignoramus,vladimir semakov
young india,dasari narayana rao
young indiana jones - megadrive,frédéric molas
young indiana jones and the curse of the jackal,carl schultz
young indiana jones and the curse of the jackal,jim o'brien
young indiana jones and the mystery of the blues,carl schultz
young indiana jones and the phantom train of doom,peter macdonald
young indiana jones and the scandal of 1920,syd macartney
young ironsides,james parrott
young ivanhoe,ralph l. thomas
young jesse james,william f. claxton
young jim hardie,sidney salkow
young jim westlake,tom jeffrey
young jobless,craig cash
young joe the forgotten kennedy,richard t. heffron
young kees,andré van duren
young king,andrew bowser
young king cole,harry a. pollard
young lady,simão cayatte
young lady: sei-seikatsu,shinya yamamoto
young lakota,rose rosenblatt
young lakota,rose rosenblatt
young lesbian love,viv thomas
young lesbian lust 1,viv thomas
young lesbian lust 2,viv thomas
young light,adolf winkelmann
young lions of gypsy,jonas carpignano
young lochinvar,w.p. kellino
young love,ted wass
young love,peter tewksbury
young love,arto lehkamo
young love,jay sandrich
young love,charles barton
young love,ariel kleiman
young love,norman tokar
young love,norman tokar
young love,mikheil kobakhidze
young love,tom santschi
young love,herbert wise
young love,george p. breakston
young love,emily carmichael
young love,howard storm
young love first love,steven hilliard stern
young love slime and animal twins,vin di bona
young love: lemon popsicle 7,walter bannert
young lovers,leonard valenta
young lovers,henry barakat
young lovers,tony santos
young lovers on flying wheels,lung ti
young lucrezia,luciano ercoli
young macgyver,stephen herek
young machine,georg koszulinski
young man adam,paul nickell
young man in politics,jeffrey hayden
young man in politics,richard leacock
young man of manhattan,monta bell
young man with a cornette,e.w. swackhamer
young man with a gun,christian nyby
young man with a horn,jeffrey g. hunt
young man with a horn,frank satenstein
young man with a horn,michael curtiz
young man with a job,ellen gittelsohn
young man with a shoehorn,jerry paris
young man with ideas,mitchell leisen
young marrieds at play,daniel petrie
young master carlson,will mackenzie
young mexican debutantes,van damage
young model gives up her butt,greg lansky
young money month (foreword),daren jackson
young mother hubbard,arthur berthelet
young mr. jazz,hal roach
young mr. lincoln,john ford
young mrs. eaton,charles brabin
young mrs. winthrop,walter edwards
young mrs. winthrop,richard ridgely
young muff 10,tom byron
young muff 13,rod fontana
young muff 14,rod fontana
young muff 8,rod fontana
young muff 9,rod fontana
young musician,michael currer-briggs
young natural college student diana colton has sex on camera for the first time,james deen
young nazi and proud,david modell
young nick at the picnic,edwin j. collins
young nowheres,frank lloyd
young nurses in love,leonard kirtman
young nurses in love,chuck vincent
young nurses in lust,jane waters
young nurses in lust,harold lime
young nympho,lasse braun
young oldfield,leo mccarey
young ones,jake paltrow
young ones,cecilia verheyden
young osceola,jack herzberg
young passion,yoshiyuki tomino
young passion,meng-hua ho
young people,cheh chang
young people,gareth gwenlan
young people,allan dwan
young performers - no. 1,roger englander
young performers - no. 2,roger englander
young performers - no. 3,roger englander
young performers - no. 4,roger englander
young performers - no. 5,roger englander
young performers - no. 6,roger englander
young performers - no. 7: pictures at an exhibition,roger englander
young performers - no. 8,roger englander
young pimple and his little sister,joe evans
young pimple and his little sister,fred evans
young pioneers,michael o'herlihy
young pioneers,martijn daamen
young playthings,joseph w. sarno
young policemen in love,yen-ping chu
young pretenders,david skynner
young pushkin,abram naroditsky
young racer,erdem peremeci
young rebelious girl does anal with therapist,greg lansky
young rebels,anna boden
young rebels,ryan fleck
young rebels,amir shervan
young ripe mellons,vince vouyer
young ripe mellons 11,vince vouyer
young ripe mellons 2,vince vouyer
young ripe mellons 3,vince vouyer
young ripe mellons 4,vince vouyer
young ripe mellons 5,vince vouyer
young ripe mellons 6,vince vouyer
young ripe mellons 7,vince vouyer
young ripe mellons 7,tim von swine
young ripe mellons 8,vince vouyer
young ripe melons 10,vince vouyer
young ripe melons 9,vince vouyer
young romance,george melford
young sam clemens,vincent j. donehue
young sam clemens,sam newfield
young santa,sean mcnamara
young scamps,lewin fitzhamon
young sex freaks,barrett blade
young sherlock holmes,barry levinson
young sherlock holmes: death cloud,ross k. foad
young sherlocks,tom mcnamara
young sherlocks,robert f. mcgowan
young shoulders,silvio narizzano
young sierra peso mosca,adolfo aristarain
young sin collapses,kim cheol-gyu
young sinners,john g. blystone
young slut feels the wrath of inescapable devices while enduring extreme torture,aiden starr
young sluts inc. 17,jane waters
young sophie bell,amanda adolfsson
young soul rebels,isaac julien
young sparks,kenneth ives
young spirit of a taiwanese opera singer,chia-chia peng
young stephen hawking,myke chilian
young students,stu segall
young stuff,tony martino
young stuff vol. 2,slain wayne
young style,jie liu
young summer sluts,vicky holloway
young talent time tells all,john bowles
young talent time: the collection,john bowles
young teens with black poles,diana devoe
young thighs in knee highs,miles long
young tight latinas,vince vouyer
young tight latinas 10,david luger
young tight latinas 11,mark wood
young tight latinas 12,mark wood
young tight latinas 13,mark wood
young tight latinas 14,mark wood
young tight latinas 15,mark wood
young tight latinas 16,mark wood
young tight latinas 17,mark wood
young tight latinas 7,tim von swine
young tight latinas 8,jake malone
young tight latinas 9,tim von swine
young tight sluts,mike adriano
young tintin of mars,matthew crandall
young tintin of mars,michael mercy
young tom edison,norman taurog
young toscanini,franco zeffirelli
young tree,ishirô honda
young tuffs,dean r. zarbaugh ii
young tuffs,dean r. zarbaugh ii
young turk,william slater
young vagrant,anders dalgaard
young van helsing,kevin o'neill
young vern,hal yates
young veteran,alberto cavalcanti
young violent dangerous,romolo guerrieri
young warriors,lawrence david foldes
young weimer,william heise
young werther,jacques doillon
young whirlwind,louis king
young widow,edwin l. marin
young wild west leading a raid,al christie
young wild west on the border,al christie
young wild west trapping a tricky rustler,al christie
young wild west washing out gold,al christie
young willing and eager,lance comfort
young winston,richard attenborough
young wives,david giles
young wolves,marcel carné
young woman and the sea,joachim rønning
young woodley,thomas bentley
young yakuza,jean-pierre limosin
youngblood,noel nosseck
youngblood,marija kavtaradze
youngblood,peter markle
youngblood hawke,delmer daves
younger and younger,percy adlon
younger brother,hiroshi hamasaki
younger sister,darmasena pathiraja
younger than springtime,john bowab
younger than springtime,john bowab
younger than springtime am i,jim drake
younger woman - older man,andrew belling
youngest sister,kim soo-yong
youngstown boys,jeff zimbalist
youngstown boys,jeff zimbalist
youngstown boys,michael zimbalist
youngstown boys,michael zimbalist
youp wacht...,dennis alink
youpla,oerd van cuijlenborg
youporn myporn,davy mourier
youporn owner arrested,katie nolan
your adoring public,rachel carey
your air raid warden,mervyn leroy
your all-time favorite songs,dwight hemion
your and my secret,masaki hamamoto
your arms are too short to box with martin,gerren keith
your ass belongs to the gypsies,sanford bookstaver
your ass is mine,john t. bone
your astronauts,tom palazzolo
your automatic choice,bill mason
your baby,kristin malko
your baby and mine,arthur mackley
your best friend,william nigh
your birthday,zdravko velimirovic
your blood for paint,roach mckrackin
your body is a battleground,lea thompson
your body your rules,mateo guez
your body: having a baby,ozzie alfonso
your body: sleep,ozzie alfonso
your body: spinning,ozzie alfonso
your body: your health,ozzie alfonso
your boi,eric valentino jr.
your boss is a dominatrix,maitresse madeline
your boy and mine,roy clements
your brain while sleeping,peter macaluso
your bridesmaid is a bitch,eli craig
your call too,nicholas laughland
your cheap friend,zack evans
your cheating art,dewi humphreys
your child that unknown creature,werner m. lenz
your children come back to you,alile sharon larkin
your choice,james fink-jensen
your choice our chance,lynn hamrick
your cock is a disadvantage in my dungeon,lorelei lee
your cock is denied,maitresse madeline
your cold black heart,kevin woods
your community,tom fox davies
your companion,clement baptista
your country,shantaram rajaram vankudre
your country needs you,bert haldane
your country needs you,chris thomson
your country needs you,simon langton
your day is my night,lynne sachs
your day will come,salah abouseif
your deal with mommy,xev bellringer
your distant destiny,lauren wolkstein
your dog ate my lunch mum,walter r. booth
your dumb. im dumber. (music video),anthony padilla
your dumb. im dumber. (music video),ian hecox
your embodied garden,ólafur eliasson
your enemies are closer,manuel sonnleitner
your enemy: tb,m.s. sathyu
your every day and night,frédéric chane-son
your every wish,robert mulligan
your ex-almost relationship is now famous,katie featherston
your eyes flash solemnly with hate,mark cousins
your face,bill plympton
your face,tsai ming-liang
your face global jam,ken mora
your face or mine,colin ferguson
your fate here,derek rucas
your father. my friend,andy wilson
your favorite band,tristan layne tapscott
your favorite movie characters gender swapped,maude garrett
your favorite movie characters gender swapped,bree essrig
your favorite song,james hobson
your favorite tv moms from childhood,neil garguilo
your feets are too big,dorothy lyman
your fiesta sounds familiar,ricky rivero
your figures are slipping,bob spiers
your finest hour,richard yearwood
your fingertips,hiroshi ishikawa
your first crush,michael j. gallagher
your first time with mommy,xev bellringer
your fortune for a penny,robert sparr
your friday vs. my friday,zack evans
your friend,ryûichi hiroki
your friend and mine,clarence g. badger
your friend jody,charles barton
your friend the rat,jim capobianco
your friendly neighborhood kidnappers,james frawley
your friends and neighbors,michael lange
your friends and neighbors,neil labute
your gifts will make room for you,brandon thaxton
your girl and mine: a woman suffrage play,giles warren
your girlfriend,nick taylor
your grace,dan hewitt owens
your grammar sucks,jack douglass
your guest is as good as mine,russ petranto
your gun makes you look like a dick,gregory burke
your hand in mine,martyn friend
your hands,georgia king
your happyland family,david katzenberg
your hat,aubrey scotto
your heart in my head,rosa von praunheim
your heart is mime,chad wesley smathers
your heart is the size of your fist,jason r. goode
your heritage in old miss,arthur h. wolf
your highness,david gordon green
your highness,max hattler
your highness and samurai cop,mike stoklasa
your hit parade,george tyne
your home,toshiki hirano
your home defence: home guards,santi p. choudhury
your home in their hands,paul greengrass
your home is marred with the dark energy of traumatic past experiences,katie featherston
your home sweet home is my home,lee philips
your honor,romano scavolini
your honor,michael mcdonald
your horrible little problem,david sant
your host donald duck,jack hannah
your humble serpent,gary rhine
your inside voice,marc forster
your insurmountable anxiety makes you exercise compulsively,katie featherston
your iron lady,jorge xolalpa
your irresistible mother,xev bellringer
your job in germany,frank capra
your junior high days,herk harvey
your kind my kind humankind,arnold laven
your land is my land,andy armstrong
your last act,fred zinnemann
your last six inches,joseph d. durbin
your life,buichi saitô
your life in their hands,les chatfield
your life or mine,dustin m. craig
your life will never end,michael pakleppa
your lips kiss well but they lie better,robert w. filion
your logo here,tim hill
your loss is my gain,linda day
your love,laila petrone
your love is like a demolition derby in my heart,jud taylor
your love is my drug,todd nathanson
your luck this week,helmy rafla
your man from six counties,barry davis
your mom tossed my salad 8,stoney curtis
your money and your life,mike swindells
your money for your wife,russell hagg
your money or your door,jeremy silberston
your money or your life,jerzy skolimowski
your money or your life,jindrich honzl
your money or your life,henning carlsen
your money or your life,jean-pierre mocky
your money or your life,derrick goodwin
your money or your life,christopher hodson
your money or your life,peter frazer-jones
your money or your life,dave powers
your money or your wife,lawrence trilling
your money or your wife,charles f. haas
your money or your wife,allen reisner
your money or your wife,anthony simmons
your mother is a fb,lorenzo del bianco
your mother or your wife,james widdoes
your mother wears army boots,jerry paris
your mother wears combat boots,anson williams
your move,nick gibbons
your move,les chatfield
your move,gudrun parker
your move,luke goss
your muslim neighbors,m. hasna m.
your name,carlos lópez estrada
your name,vera wylde
your name here,allisyn snyder
your name is justine,franco de peña
your name.,makoto shinkai
your name...,noriyuki abe
your national gallery,thomas mead
your native country,jacek blawut
your neighbor veselin sljivancanin,marin mandir
your new baby,david n. gottlieb
your new pig is down the road,helen hill
your next life,manuel gutiérrez aragón
your numbers up,matt routledge
your obedient servant,brandon acton-bond
your obedient servant,edward h. griffith
your obedient servant,derek bennett
your opinion offends me,vince russo
your opinion please,heddy honigmann
your other love,james neilson
your own back yard,robert f. mcgowan
your own hand strikes you dead,william slater
your own kind,dick martin
your own money,allan king
your own song,stan lathan
your own worst enemy,henry darrow mccomas
your pain is my pleasure,bobbi starr
your park or mine,howard storm
your past is showing,mario zampi
your past sucks,nelson carvajal
your payday,herz frank
your permanent perfect record,devon werkheiser
your permanent wave looks ok to me,adrian cooper
your permanent wave looks ok to me,daphne shadwell
your personal fuck toy,xev bellringer
your pizza adventure,alexandra boylan
your place or mime,tekin girgin
your place or mine,james yuen
your place or mine,peter frazer-jones
your place... or mine,robert day
your power to attract more,mareo-ahmir lawson
your pregnant home wrecker,xev bellringer
your present is requested,daphne shadwell
your pretty face is going to hell,dave willis
your prisoner is dead,will mackenzie
your product here,griffin dunne
your real best friend,mark osborne
your retention please,charles s. dubin
your safety first,george gordon
your secret,anthony james faure
your secrets are safe with us mr lambert,ridley scott
your service,tatum shank
your share,shanti s. varma
your show of shows,albert calleros
your show of shows,oreste canestrelli
your show of shows,anthony lioi
your show your story,giacomo gabrielli
your side of the street,bethany rooney
your six drunk personalities,vincent peone
your slutty stepmother swallows,xev bellringer
your smile means everything,takuya igarashi
your smile on a false street corner,tensai okamura
your smiling face,chung-hsun tu
your socks are still scary,donovan scott
your song,jun'ichi satô
your sound,shôji kawamori
your sovereignty of reason,tom vaughan
your steele the one for me,thomas carter
your sudden death question,dan reed
your table manners,arthur h. wolf
your tears,nobuhiro doi
your therapist and his pussy are here,leslye headland
your ticket is no longer valid,george kaczender
your time is gonna come,graeme campbell
your time is up,michael ninn
your toast,sean mcnamara
your town usa,shane morton
your triabrain,mareo-ahmir lawson
your true will,lisa yan
your tumblr dashboard sings,vincent peone
your turn,jeff wood
your turn to die,michele lupo
your uncle dudley,eugene forde
your uncle dudley,james tinling
your university,arthur h. wolf
your very good health,les chatfield
your very good health,john halas
your very good health,joy batchelor
your visit starts here,alina manolache
your voice,nobuhiro doi
your voice calls out,kôtarô tamura
your voice is always deeper in the morning,thomas sanders
your voice is loud,daniel finley
your voice...,yasuomi umetsu
your warm wet wake up call,xev bellringer
your wedding sucks,lindsay crystal
your whack off fantasy,perry lang
your wife and mine,frank o'connor
your wife my bitch,diana devoe
your will be done,till endemann
your will shall decide your destiny,niki caro
your witch is showing,joseph pevney
your witness,jeremy summers
your witness,harve foster
your witness,norman lloyd
your worst fear,andrew james anselmo
your worst nightmare,mat king
yours,edouard philipponnat
yours,jeffrey noyes scher
yours,michelle malley campos
yours and mine,luk gubbels
yours faithfully edna welthorpe mrs,chris shepherd
yours for a dream,james neilson
yours for a song: the women of tin pan alley,terry benes
yours for the asking,alexander hall
yours forever,carsten sønder
yours in sisterhood,irene lusztig
yours is mime,peter macaluso
yours mine and hers,matt earl beesley
yours mine and ours,melville shavelson
yours mine and ours,gerren keith
yours mine or ours,james burrows
yours or mine,marco bottiglieri
yours sincerely,roy mack
yours to command,david kirkland
yours truly,david stanley
yours truly andrea g. stern,susan seidelman
yours truly jack the ripper,ray milland
yours truly max klinger,burt metcalfe
yours truly roohani,sammir i patel
yours very deadly,christian i. nyby ii
yourself and yours,hong sang-soo
yousaf,stefan schwartz
yousday,david kyle eisenhauer
yousei,apphia yu
yousei no jouken (story about the crocodile king and his sick wife),taku sugiyama
yousei no jouken (story about the crocodile king and his sick wife),tatsuo shimamura
yousei no jouken (story about the crocodile king and his sick wife),shûichi nakahara
youssef and zeinab,mohamed khan
youssou ndour: i bring what i love,elizabeth chai vasarhelyi
yousyk,lars haakon storm bakken
youth,leo aylen
youth,ragnar hyltén-cavallius
youth,brian crano
youth,fred sauer
youth,harry handworth
youth,zlatko pavlinic
youth,yasemin demirci
youth,jung jin-woo
youth,paolo sorrentino
youth,romaine fielding
youth,carles torras
youth,xiaogang feng
youth,jun geng
youth (spring),wang bing
youth aflame,lewis d. collins
youth aflame,elmer clifton
youth and adventure,james w. horne
youth and art,tom ricketts
youth and beauty,erle c. kenton
youth and beauty,mohamed salman
youth and jealousy,wallace reid
youth and music,claude jutra
youth and music,claude jutra
youth at the helm,david boisseau
youth bandits,juan josé campanella
youth club,norman prouting
youth comes only twice,helmut weiss
youth condemn,timothy reynard
youth crime ring,paul guilfoyle
youth delivery,kim soo-yong
youth for sale,christy cabanne
youth for the asking,daniel dare
youth for the kingdom,hamilton macfadden
youth from vienna,norman lloyd
youth gets a break,joseph losey
youth gone wild,jeremy schott
youth gone wild,tony salantri
youth has gone,peter brunner
youth in asia,tom flynn
youth in ireland,ramon woolfe
youth in l.a.,kelly phelan
youth in oregon,joel david moore
youth in poland,albert maysles
youth in re-volt,aaron hammersley
youth in revolt,jean benoît-lévy
youth in revolt,marie epstein
youth in revolt,miguel arteta
youth in trauma,jacques holender
youth is a lovely thing,kunihiko ikuhara
youth is for the young,al lewis
youth is the season of hope,helen shaver
youth is tomorrow,stuart legg
youth is wasted on the dick,terry hughes
youth march,franco rossi
youth marches on,dick bird
youth movement,lambert hillyer
youth must have love,joseph franz
youth of heiji senigata,kon ichikawa
youth of our country,yakov poselsky
youth of our country,sergei yutkevich
youth of patriots,bella perryman
youth of the constructor,aleksandr dulerayn
youth of the son,masaki kobayashi
youth of the world,carl junghans
youth of today,mahmoud zulfikar
youth of today,per-axel branner
youth on parade,albert s. rogell
youth on parole,phil rosen
youth on tap,don medford
youth on the streets,ilias mylonakos
youth on trial,budd boetticher
youth or consequences,john ahern
youth or consequences,lee mishkin
youth or consequences,osamu dezaki
youth or consequences,mark glamack
youth part ii,kôyû ohara
youth regained,arthur melbourne cooper
youth relay,milan ljubic
youth runs wild,mark robson
youth sports festival,andrew thorndike
youth sports festival,dmitriy vasilev
youth takes a fling,archie mayo
youth takes over,hal cooper
youth to youth,emile chautard
youth train for aviation,john randolph bray
youth wars - beobachtungen in der deutschen provinz,karl siebig
youth water,joseph oriolo
youth will be served,otto brower
youth without god,catherine corsini
youth without law,gilberto martínez solares
youth without youth,francis ford coppola
youth zones,lisa yvonne russell
youthforia,nick romi
youthful badman,harve foster
youthful blood dances,hiroshi shimizu
youthful cheaters,frank tuttle
youthful folly,miles mander
youthful folly,alan crosland
youthful journeys of the world,andy harvey
youthful lust,anthony spinelli
youthful sexual madness,anthony spinelli
youthquake,eric scott
youths and maidens on an evening walk,william ball
youths in danger,per g. holmgren
youtou kama giraa to todoroki geki moguron,yoshiyuki tomino
youtou kuniku,shin'ya kawatsura
youtube,amir blumenfeld
youtube,jake hurwitz
youtube-stjernerne,oliver zahle
youtube-stjernerne,christian grønvall
youtube ad,gustavo goulart
youtube annoyances podcast projects and general update,vera wylde
youtube bazaar,dan chisu
youtube beacons campaign: lefloid,janna maria nandzik
youtube copyright school,john enter
youtube finds me offensive,vera wylde
youtube gaming channel,ian washburn
youtube girls,yvonne kerékgyártó
youtube hall of fame,vince russo
youtube itube we all tube for troll,jeff bellini
youtube live at e3,toby santos
youtube live at e3,toby santos
youtube money,sam macaroni
youtube nightmare,sam macaroni
youtube pecka,karel kovár
youtube poradna,martin carev
youtube poradna,karel kovár
youtube poradna 2,martin carev
youtube presents: the birds and the biz,michael jantze
youtube rewind 2018: everyone controls rewind,jackson adams
youtube trilogy: 4 songs history asian girls,james benning
youtube viewing habits,destin sandlin
youtube wars,nicholaus goossen
youtube whispers 2,joe sugg
youtube whispers 3,joe sugg
youtube: the motion picture,cory dinkel
youtuber,karel kovár
youtuber confessional with my roommate,joe sugg
youtuber grills 2,joe sugg
youtuber horror movie,marcus butler
youtuber impressions prank calls,joe sugg
youtuber whispers 4,joe sugg
youtuber whispers game,joe sugg
youtuberi na okruhu,jan macák
youtubers in the future - faceapp,joe sugg
youtubers lights-off boxing (caspar vs conor),joe sugg
youtubia broadcast yourself community,tasciotti
youxin wapa chi,wui ng
youyi lu - road to sea,timur nurulin
yowa no kane,kiyomatsu hosoyama
yowa no tsuki kana,yuzuru tachikawa
yowa no tsuki kana,morio asaka
yowaki mono otokoyo,kensaku suzuki
yowami tsuketa inosento,yoshiyuki tomino
yowamushi,shigeyoshi suzuki
yowamushi pedal re: ride,osamu nabeshima
yowamushi pedal re: road,osamu nabeshima
yowasa,hiroyuki morita
yowie mystery chocolate monster things,stuart ashen
yowis ben,fajar nugros
yowis ben ii,fajar nugros
yoxlama,vagif mustafayev
yoxlanilmis inanilmis,tofik ismailov
yoya cae en las provocaciones de francis,salvador garcini
yoya y francis ya son amigas,salvador garcini
yoyes,santiago tabernero
yoyo,pierre étaix
yoyo takes a bride,reza badiyi
yoyochu in the land of the rising sex,masato ishioka
yozai,tetsurô araki
yozgat,murat onbul
yozgat,onur ünlü
yozgat blues,mahmut fazil coskun
yozhik,nikolai kovalsky
yozhik i zdorove,anatoliy prokhorov
yozhik v tumannosti,denis chernov
yparhei kai filotimo,alekos sakellarios
ypf,martin gero
ypolohagos natassa,nikos foskolos
ypotagi sti sarka,ilias mylonakos
ypothesi papazoglou,antonis kafetzopoulos
ypotron - final countdown,giorgio stegani
ypres,walter summers
ypsilon,ryôsuke takahashi
ypsilon - wie alles begann,sigi rothemund
yr alcoholig llon,karl francis
yritys,heikki packalén
yritystoimintaa,elina halttunen
yrke: prostituerad,jon lindström
yrots evol,michael hofmann de boer
ys (yannick sire),olivier chatard
ysi ysi - parasta ennen 2000,ere kokkonen
ysketball,adam pally
ysketball,ben schwartz
ysolda gets hitched,adam koralik
ystad-swinousjcie (2012),roozbeh behtaji
ytan,nina holst
yu,franz novotny
yu bang xiang zheng,jinqing hu
yu bu sa hua hua bu gong,kuang-chi tu
yu chao,chung yu
yu ge,wancang bu
yu guan yin,hsing lee
yu guang lian,yang'an yuan
yu guang qu,chusheng cai
yu guo tian qing,feng yueh
yu gwan-sun,kim ki-duk
yu gwan-sun,bong-chun yun
yu gwan-sun,bong-chun yun
yu gwan-sun,bong-chun yun
yu hai yi heng,kea tso
yu huo fen shen,chen lo
yu jia nu,wancang bu
yu li hun,sun-fung lee
yu long yin,li kao
yu lou chun meng,yuen chor
yu lou san feng,huang tang
yu mian nu sha xing,fung wong
yu mian yan luo shang ji,sang siu
yu mian yan luo xia ji,sang siu
yu nu chi qing,yuen chor
yu nu de mi mi,sang siu
yu nu fan xin,tit lee
yu nu huai tai shi ba nian,sze-luk chow
yu nu jing hun,sze-luk chow
yu nu qin qing,chia-hsiang wu
yu nu shen tou,yuen chor
yu nu si qing,huang tang
yu nu tian ding,yuen chor
yu nu xi chun,umetsugu inoue
yu nu xiang si,bong luk
yu ren he chu,shilin zhu
yu shou qin xiong,shilin zhu
yu shou qin xiong,jun xiong luo
yu shou qin xiong,yi-min wen
yu wang,yin wang
yu wang,ching doe
yu wangshi ganbei,gang xia
yu xian kong que tai,jie yang
yu yan qing nong,fan ho
yu ye hua,lo-hui shaw
yu yu hakusho the poltergeist report: abridged,nick landis
yu yu hakusho yokoku zensho chukan,noriyuki abe
yu yu hakusho: yokoku zensho jokan,noriyuki abe
yu zhi qi,kea tso
yu zhong niao,cheng-ying lai
yu: gaudium no himitsu,mahiro maeda
yuan fen you xi,dennis chan
yuan fu kuang wa feng sha shou,chi lu
yuan fu qing ge,kim chun
yuan lai wo fu qing,yuen chor
yuan lang chong wen qie zhu chen,tit lee
yuan mei ren,chung ting
yuan meng chong wen,kea tso
yuan nu,fred tan
yuan nu meng li si,wei lo
yuan ou qing shen,bugao cheng
yuan ping,nelson lik-wai yu
yuan takes over chenjean international,francis xavier pasion
yuan xiang ren,hsing lee
yuan yang gu,wui ng
yuan yang lei,weibang ma-xu
yuan yang pu,wui ng
yuan ye,wui ng
yuan ye qi xia zhuan,feng yueh
yuan ye you long,yuen chor
yuan ye you long,wen yi
yuan ze wen ti,da ying
yuan zou gao fei: shang,da ying
yuan zou gao fei: xia,da ying
yuanhun ta,chung-ho hung
yuanli zhanzhengde niandai,mei hu
yuanyuan hong,chun yen
yubi,masanobu deme
yubi-zeme,satoru kobayashi
yubi asobi,genji nakamura
yubi chikan,satoru kobayashi
yubi magari no dandy,mototsugu watanabe
yubi ni kakeru onna,giichi nishihara
yubi no itazura,yûsei takeda
yubi saguri,satoru kobayashi
yubiley,boris lapin
yubiley 25,rangel vulchanov
yubiley dante,anar rzayev
yubiley prokurora,mikhail kokshenov
yubisaki,isao yukisada
yubiwa,keita amemiya
yubiwa,kiyohiko ushihara
yubiwa ga kiechattan dashi,takashi annô
yuca,manuel hernández sanjuán
yucatan,edgar reitz
yucatan snack-a-thon,rick bayless
yuda,takahisa zeze
yudda bhoomi,k. raghavendra rao
yuddha kandam,thoppil bhasi
yuddhakanda,k.v. raju
yuddham,sasikumar
yuddham,dasari narayana rao
yudelkys,milcho
yudelkys,milcho
yudh,rajiv rai
yudhirshthir loses everything in the gamble,ravi chopra
yudhirshthir loses everything in the gamble,b.r. chopra
yudhishthir is crowned as prince,b.r. chopra
yudhishthir is crowned as prince,ravi chopra
yudhishthir: part 1,sachin kamlakar khot
yudhishthir: part 2,sachin kamlakar khot
yudino zhelyazo,svetoslav ovtcharov
yudith,jakov sedlar
yudono-sanroku noroi mura,toshiharu ikeda
yudum yudum sev,naki yurter
yue er wan wan zhao jiu zhou,kuang-chi tu
yue fei a national hero,yonggang wu
yue guang da xia,satoru kobayashi
yue guang guang,fung fung
yue luo niao ti shuang man tian,chun yen
yue ya er,feng-pan yao
yue ye qin tiao,wen yi
yue yu nu tao fan,kwok-choi hon
yueaku,tadashi oguchi
yuen mei ching yan,james yuen
yuenshi no asobikata,yûzô satô
yug ylimaf,james purdum
yug ylimaf,dominic bianchi
yuga dharmam,k.s. gopalakrishnan
yuganda rakei,kinya ogawa
yuganda tsuki,akinori matsuo
yugandhar,n. chandra
yugandhar,k.s.r. das
yugang enqiu,lipin chen
yugant,aparna sen
yugassen,shigeru kobayashi
yugo a short autobiography,mina djukic
yugodivas,andrea staka
yugon,meihô ogasawara
yugoslav publishing house,marijan foerster
yugoslavia,stuart legg
yugoslavia,vic hughes
yugoslaviya,leonid varlamov
yugotrip,nadya derado
yuhi utsusu mura,kiichirô satô
yuhoshu ono ga tsumi,hôtei nomura
yui masayuki,zanmu kako
yui to marubashi,shôzô makino
yuigadokuson,shin'ichirô watanabe
yuigadokuson,mamoru hosoda
yujo nihonbare,minoru ishiyama
yujo no shikaku,jun'ichi satô
yujz,emmeline kim
yuka,hidetoshi ômori
yuka,jesús franco
yukai,takao okawara
yukari taguchi: the keiren,mamoru watanabe
yukata to hoshi to negaigoto tanabata special,tomohisa taguchi
yukatazuma no uchimata: hadakeru,sachi hamano
yukemuri no wana,kôichi mashimo
yukemuri no wana,kôji sawai
yukemuri onsen geisha: ozashiki de makura-gei,tetsuya takehora
yuki,seitarô kitayama
yuki,kunio katô
yuki,tadashi imai
yuki-chan,isao takahata
yuki daruma,seitarô kitayama
yuki fujin ezu,masashige narusawa
yuki ga futte inai machi,junji nishimura
yuki ga rokku o suteta natsu,shunichi nagasaki
yuki ni kieta shoujo kirika,tomoharu katsumata
yuki no furu machi wo,keiichi hara
yuki no furuhi,naohito takahashi
yuki no hi no wakare,hiroshi shidara
yuki no ie,masaharu endô
yuki no joou,osamu tezuka
yuki no joou,mitsuo kaminashi
yuki no joou no saigo,osamu tezuka
yuki no majinai,tensai okamura
yuki no miyako no kishimojin,nobutaka nishizawa
yuki no mosho,kenji misumi
yuki no naka no kokuhaku,harume kosaka
yuki no naka no shoujo,keiichi hara
yuki no rabirinsu,tetsurô amino
yuki no rabirinsu,kenji yoshida
yuki no shitamoe,tadashi oguchi
yuki no wataridori,bin katô
yuki no yawa,yoshinobu ikeda
yuki no yo no ketto,teinosuke kinugasa
yuki no yo no monogatari,shigenori sakata
yuki no yo no yume,noburô ôfuji
yuki no yobanashi,kintarô inoue
yuki no yoru ni fue ga kikoeru,yûgo serikawa
yuki onna,jirí barta
yuki onna,rintarô
yuki wa ima toke yuku,harume kosaka
yuki: revolution,kazuki akane
yuki: revolution,takashi yamazaki
yukie,hisako matsui
yukigekishi,hiroyuki morita
yukikage village murder case: file 1,daisuke nishio
yukikage village murder case: file 2,daisuke nishio
yukikage village murder case: file 3,daisuke nishio
yukikage village murder case: file 4,daisuke nishio
yukiko and natsuyo,nobuo aoyagi
yukimura sanada the most frightening samurai for the first shogun ieyasu,yasuo furuhata
yukinko,hiroshi ikeda
yukino arawaru,mitsuru hongô
yukino tachi hadakaru,mitsuru hongô
yukino warau,mitsuru hongô
yukio mishima,jean-claude lubtchansky
yukionna,toshihiro iijima
yukionna no natsu,mutsumi kameyama
yukiyama no purezento,tsutomu shibayama
yukiyasha legend murder case: file 1,daisuke nishio
yukiyasha legend murder case: file 2,daisuke nishio
yukiyasha legend murder case: file 3,daisuke nishio
yukka,yuriy berdnikov
yukka,mikhail tumanishvili
yukkuri,momoko fukuda
yuko shishigami,yuzuru tachikawa
yukon,nicholas white
yukon - ruf der wildnis,mia spengler
yukon county mountie,ray patterson
yukon flight,ralph staub
yukon gold,guillaume tunzini
yukon gold,joseph levigard
yukon gold,frank mcdonald
yukon have it,alex lovy
yukon ho,doug bresler
yukon jake,del lord
yukon manhunt,frank mcdonald
yukon old yukon new,john howe
yukon vengeance,william beaudine
yuksek gerilim,yalçin yelence
yuksek tansiyon,yalçin yelence
yukthiyata wada,sunil soma peiris
yuku e moshiranu kohi no michi kana,morio asaka
yuku kumo,zanmu kako
yuku mo kaeru mo wakarete wa,morio asaka
yuku mo kaeru mo wakarete wa,yuzuru tachikawa
yuku otoko,shin'ya kawatsura
yuku otoko,kôichi mashimo
yukui baoshan,chung-ho hung
yukyo-retsuden,shigehiro ozawa
yul,rodrigo cortés
yul-gok and his mother,jung jin-woo
yul brynner: the man who was king,gene feldman
yule,david aylott
yule,e.f. symmons
yule be sorry,nelson recinos
yule better watch out,john pasquin
yule laff,bob claver
yule laff,seymour kneitel
yule scare,cole sanchez
yule scare,phil rynda
yulenka,aleksandr strizhenov
yules,benjamin charles
yuletide pheasants,christopher lane
yuletide spirit,john birkin
yuli,icíar bollaín
yuli hun,yau-yu sek
yulia,jakov sedlar
yulia,dominik sedlar
yulia i klounite,ivan kovatchev
yulia: the one who never broke down,jakov sedlar
yulia: tymoshensko.,jakov sedlar
yulian otstupnik,vladimir kasyanov
yuliya vrevskaya,nikola korabov
yulka,konstantin zhuk
yulu,chui mui tan
yulya,andré marques
yulya - capricioulya,vsevolod shcherbakov
yum town usa,calum macleod
yum town usa,peter waal
yum yum,peter waal
yum yum,andre rhoden
yum yum i luv cum,rodney moore
yuma,piotr mularuk
yuma,ted post
yuma no consigue seducir a diego,rafael de la cueva
yumari: tarahumaras 84,raymonde carasco
yume,mitsuru hongô
yume de aimasho: wonderland,hisayasu satô
yume futatabi,shigeyasu yamauchi
yume ginga,akira shigino
yume ginga,masami annô
yume iki yogisha,keiichi hara
yume kanketsu chippu,tsutomu shibayama
yume kantoku isu,tsutomu shibayama
yume kara samezumi,shigeyasu yamauchi
yume koujou: doki doki panic,kensuke tanabe
yume midarete,shigeyasu yamauchi
yume miru egao,naohito takahashi
yume miru kikai,akiyuki shinbô
yume ni made mi ta saikai,hiroshi shidara
yume ni madotte,shigeyasu yamauchi
yume ni mita futari no haha,osamu dezaki
yume no bareriina,yûgo serikawa
yume no chikara,ryuta tasaki
yume no chinchin densha,yûgo serikawa
yume no chinchin densha,minoru okazaki
yume no dai ojisama,hiroshi shidara
yume no daiippo - nyuugaku shiken no wana,noriyuki abe
yume no fenarinarsa,kunihiko yuyama
yume no hawaii de bon odori,ryûichi takamori
yume no ichiya,mamoru hamatsu
yume no ikusaki,rintarô mayuzumi
yume no kagaribi,naohito takahashi
yume no kakera,tomomi mochizuki
yume no kara,satoshi saga
yume no kara,yasuomi umetsu
yume no kayohiza hitome yokuramu,morio asaka
yume no kichi,masayuki tatsumi
yume no koban musume shiranami,tadamoto ôkubo
yume no komoriuta,shigeo tanaka
yume no kuni,yusuke kato
yume no machi nobitarando,tsutomu shibayama
yume no mamoribito,ryuta tasaki
yume no matsuro,tensai okamura
yume no miyako,rintarô mayuzumi
yume no miyakoji,kensaku suzuki
yume no moribito,shigeyasu yamauchi
yume no onna,tamasaburô bandô
yume no onna,toshiki satô
yume no oto shimae,masahiro andô
yume no owari,masaharu okuwaki
yume no saigo made,yoshiji kigami
yume no saigo made,tatsuya ishihara
yume no tabiji,tensai okamura
yume no tabiji,kisaburô kurihara
yume no you ni shiawase na watashi,hiroshi shidara
yume no you ni shiawase na watashi,yûgo serikawa
yume o meshimase,yûzô kawashima
yume o tsugumono,ryuta tasaki
yume soushisouai,shin'ichi watanabe
yume to genjitsu,tatsuo satô
yume to roman o tansaku mogura,tsutomu shibayama
yume to yuurei,yoshio kuroda
yume tsuzuki makura,tsutomu shibayama
yume utsutsu,shigeyasu yamauchi
yume wa hakananaku,hiromasa nomura
yume wo miteita,hiroshi saitô
yume wo oru hitobito,harume kosaka
yume wo saku kuroi hasami,tomoharu katsumata
yume yo mizugi to umi no iro,shigeyasu yamauchi
yume yume no ato,kenzo takada
yumebiki,kôichi mashimo
yumeji,seijun suzuki
yumekui to saishuppatsu,hajime hashimoto
yumemi ru orora,jun'ichi satô
yumemiru chikara o watashi ni kudasai,tomomi mochizuki
yumemiru harowin,shin'ichi watanabe
yumemiru kikai,tensai okamura
yumeno,yoshitaka kamada
yumenokakera,kôichi mashimo
yumex jugoslovanska mehika,miha mazzini
yumi-chan ki wo tsukete,mitsuru hongô
yumi means rain,adam m. goldstein
yumi yet,dennis o'rourke
yumiharizuki,shôzô makino
yumiko,allen reisner
yumiya hachiman-ken,nobuo nakagawa
yummi oscar,denis chernov
yummi oscar,ilya maksimov
yummy ice creamz,bree essrig
yummy in my tummy,anthony field
yummy meat: a halloween carol,john fitzpatrick
yummy mummy,harry winer
yummy mummy monster cereal,chris bores
yumoreski valentina katayeva,aleksandr belinsky
yumruk pazari,semih evin
yumruk yumruga,semih evin
yumruk yumruga,melih gülgen
yumruklarin kanunu,nisan hançeryan
yumrutzi v prastta,milen getov
yumurcak,türker inanoglu
yumurcak,aydin arakon
yumurcak faka basmaz,aydin arakon
yumurta,serdar pehlivanoglu
yumusak inis,yalçin yelence
yumyum chicle tree,rené cardona iii
yun bong-kil the martyr,bong-chun yun
yun cai tong zi xiao zu zong,paul chang chung
yun chang xian zi,feng yueh
yun gu,mu chu
yun nan qiu shi,nuanxing zhang
yun ni,ching doe
yun niang,wui ng
yun shan meng hui,joseph kuo
yunak marko,todor dinov
yung,henning gronkowski
yung at heart,terry hughes
yung beef,ricardo castella
yung chun ta hsiung,bing lin
yung may (ouija) board exams,perci m. intalan
yung may ghost na chubby,perci m. intalan
yung may ghost na extra,perci m. intalan
yung may manananggurl,perci m. intalan
yung may sinapian,perci m. intalan
yunga severnogo flota,vladimir rogovoy
yunga so shkhuny kolumb,evgeniy sherstobitov
yungang grotten - wo der buddhismus chinesisch wurde china,gisela mahlmann
yuniol,alfonso rodríguez
yunion fesuta,junji nishimura
yuno sama,akiyuki shinbô
yunona i avos,mark zakharov
yunona i avos,mark zakharov
yunost (1894),viktor titov
yunost geniya,elyor ishmukhamedov
yunost maksima,grigoriy kozintsev
yunost maksima,leonid trauberg
yunost nashikh otsov,boris rytsarev
yunost nashikh otsov,mikhail kalik
yunosti pervoe utro,davlat khudanazarov
yunshan: ripples from a stone,yohahn ko
yunus emre,özdemir birsel
yunus emre: askin sesi,kürsat kizbaz
yunyi frits,grigoriy kozintsev
yunyi frits,leonid trauberg
yup,nancy malone
yuppi du,adriano celentano
yuppies,erik van looy
yuppies - i giovani di successo,carlo vanzina
yuppies 2,enrico oldoini
yuppies a la catalana,esteve duran
yuppy cars,lothar herzog
yuppy ducks,bob hathcock
yuppy ducks,james t. walker
yuragu idenshi,shôji kawamori
yuragu idenshi,kôichi chigira
yuraq,pierre taisne
yurari,hatsuki yokoo
yurari yurayura,akiyuki shinbô
yuravliov,cheché carmona
yurei sekai filament,nobutaka nishizawa
yurei takushi,motoyoshi oda
yurei vs uchujin 1,takashi shimizu
yurei vs uchujin 2,takashi shimizu
yureru manazashi,naohito takahashi
yureru omoi o uketome te,shin'ya sadamitsu
yureru omoi o uketome te,tomomi mochizuki
yureru tekigousha,brina palencia
yureru tekigousha,christopher sabat
yureru wakusei umi,yoshikata nitta
yuri,roberto nascimento
yuri,milcho
yuri,nils hedinger
yuri,willem baptist
yuri,yun-ho yang
yuri belov,andrey istratov
yuri gagarin conspiracy: fallen idol,samuel oldham
yuri keiji,kensaku suzuki
yuri kochiyama: passion for justice,rea tajiri
yuri kuma arashi,kunihiko ikuhara
yuri lowenthal,beau ryan
yuri mechitoff,lasha dardagany
yuri mi verdadera historia,paco del toro
yuri no sugoi wana,jun'ichi satô
yuri: about loving,mieko azuma
yurichika e mama kara no dengon,setsurô wakamatsu
yurigokoro,naoto kumazawa
yurii nagornyi,yevgeny bauer
yurka - syn komandira,nikolai lukyanov
yurtdisi turnesi,ayse polat
yurts and the land,ryôsuke takahashi
yurururu: nichijou hen (yurururu - ordinary chapter),kazuto nakazawa
yurusanai... hajimete no shimobe no kuse ni,akiyuki shinbô
yurusanu koi,yoshinobu ikeda
yurusarenai hitodzuma no joji supesharu,hisayasu satô
yurusarezaru ikari o koete,tomoharu katsumata
yurusarezaru inochi,eizo yamagiwa
yurushite ageru,tetsurô amino
yurusukoto,yoshiji kigami
yury,vladimir ivanov
yury ozerov,andrey istratov
yury yakovlev,andrey istratov
yuryo in kosuchumu,yûji moriyama
yushu heiya,shirô toyoda
yust from sweden,robert z. leonard
yusuf,marc furmie
yusuf,álvaro fernández armero
yusuf and kenan,ömer kavur
yusuf islam: a few good songs,alan yentob
yusuke inochi o kaketa hangeki,akiyuki shinbô
yusuke inochi o kaketa hangeki,noriyuki abe
yusuke no unmei. kiken no ashioto,noriyuki abe
yusuke vs. rando midariretobu yojitsu,noriyuki abe
yutaka naru fureai,akitaka kimata
yutaro returns,yûji mitsuya
yutaro returns,kazuhiro furuhashi
yutham sei,mysskin
yuu no flash dance,tomomi mochizuki
yuujou no akai kutsu,yûgo serikawa
yuujou no akai kutsu,hiroshi shidara
yuujou no yuki matsuri,yûgo serikawa
yuujou no yuki matsuri,minoru okazaki
yuujou o tsutaeru hato,hiroshi shidara
yuujou wa kushami de kieta,keiichi hara
yuujou wa umi no kanata ni,kazunori tanabashi
yuujou wa umi no kanata ni,hiroshi sasagawa
yuukaidan wa daiawate,hiroshi shidara
yuukaisareta majingaa z,tomoharu katsumata
yuuki aru shounen garahaddo,masayuki akehi
yuuki aru tatakai,toshihiro iijima
yuunagi,shirô toyoda
yuureisen no himitsu,kôichi mashimo
yuusei yori ai o komete,akio jissôji
yuusha menma,patrick seitz
yuusha menma,fumie muroi
yuusha no ougi,kôichi mashimo
yuusha no tabidachi,kôichi mashimo
yuusha tatsu,chiaki konaka
yuusha tatsu,kazuya konaka
yuuwaku kyoushi maruhi kyonyuu ressun,yoshikazu katô
yuva,emre yeksan
yuva,mani ratnam
yuva,onur yigit
yuvadharam bilisindi,bharathiraja
yuvakudu,a. karunakaran
yuval mendelson tama goren,amit itzcar
yuval mendelson: the making of the trick of being alone music video,amit itzcar
yuval semo,naor zion
yuvami yikamazsin,yalçin yelence
yuvami yikamazsin,ülkü erakalin
yuvami yikamazsin,nazif tunç
yuvan yuvathi,kumaravelan
yuvaraju,dasari narayana rao
yuvarathna rana,a. kodandarami reddy
yuvasiz kuslar,mehmet dinler
yuvasiz kuslar,natuk baytan
yuvasizlar,ihsan yüce
yuvasizlar,temel gürsu
yuvathurki,bhadran
yuvaya donus,yalçin yelence
yuvelir,filipp korshunov
yuvelirnoye delo,lev tsutsulkovsky
yuvvraaj,subhash ghai
yuwaku,kôzaburô yoshimura
yuwaku no hakaba,kôichi mashimo
yuxu,fikret aliev
yuyanapaq. para recordar,alberto durant
yuyu hakusho final,justin carmical
yuz guzeli,yalçin yelence
yuzo sennosuke,jirô yoshino
yuzu,doc butler
yuzurenai kizuna,kôichi ôhata
yuzyillik yalnizlik,cem temel
yves,olivier zabat
yves boit du lait,andré delvaux
yves duteil,andré flédérick
yves jamait,benjamin charles
yves lecoq,andré flédérick
yves montand,andré flédérick
yves montand,costa-gavras
yves montand,franklin heller
yves montand (2),franklin heller
yves montand on broadway,joseph cates
yves robert et jean-loup dabadie,alexandre tarta
yves saint-laurent: my marrakesh,tatiana issa
yves saint laurent,jalil lespert
yves saint laurent: opium,romain gavras
yves simon,marion sarraut
yvette,viktor tourjansky
yvette,olivier schatzky
yvette,ellen jens
yvette,jean-pierre marchand
yvette,wim t. schippers
yvette,wolfgang liebeneiner
yvette,frédéric forestier
yvette,alberto cavalcanti
yvette con viento fresco,ricardo a. solla
yvette die modeprinzessin,frederic zelnik
yvette giraud: papa aime maman,jean bacqué
yvette is back,adolfo alix jr.
yvon und der atem des teufels - die bretonische bombarde,sibylle tiedemann
yvon yvonne,claude champion
yvone kane,margarida cardoso
yvonne,ingrid sander
yvonne,david aylott
yvonne from paris,emmett j. flynn
yvonne netter avocate,carole roussopoulos
yvonne of the night,giuseppe amato
yvonne prinzessin von burgund,ernst schröder
yvonne takes charge,bruce pittman
yvork,nathan slattery
yvr: life in transit,grace wan
yvy maraey,juan carlos valdivia
yyx,àlex lora
z,jonás cuarón
z,dustin jacobs
z,heinz müller
z,vasiliy sigarev
z,erkan nurhan
z,costa-gavras
